$GPNVS,7,154914,031026,A,73,0x00,-12,-9,-1,581499,+4.27,-4.11*41
$GPNVS,9,+10000000.003,+2.77280,+9999999.949,15,+0.019,+0.37,,+38.06,50.0,50.6,*61
$GPNVS,10,1,0,0,-45,-45,2,100,0.5,1,12,30,1,-1,1.0,20,-18,1,2,8000,,,,*5A
$GPNVS,15,0,0,0000,2400,2400.00,00000000,0.00,0.00,0.00,0.00,-9999,999*4E
$GPNVS,1,154915,031026,A,N,65,N,0x00000,0x03,0x00,1,N*20
$GPNVS,2,154915,031026,0.00,0.00,0.00,0.00,0.00,0.00,0.00,0.00,*65
$GPNVS,3,154915,031026,0.00,0.00,0.00,0.00,,0.00,0,0,1,+38.06,*43
$GPNVS,4,154915,031026,0.00,0.00,,,,,,,*63
$GPNVS,5,154915,031026,5C9,0,0,+38.06,00000,00000,*25
$GPNVS,6,0,A,1,0x00000,0x03,,0x00,00,,0x00000,,*05
$GPNVS,7,154915,031026,A,73,0x00,-12,-9,-2,581497,+4.27,-4.11*4D
$GPNVS,9,+10000000.004,+2.77279,+10000000.00,15,+0.019,+0.37,,+38.06,50.0,50.0,*6A
$GPNVS,10,1,0,0,-45,-45,2,100,0.5,1,12,30,1,-1,1.0,20,+18,1,2,8000,,,,*5C
$GPNVS,15,0,0,0000,2400,2400.00,00000000,0.00,0.00,0.00,0.00,+9999,999*48
$GPNVS,1,154916,031026,A,N,65,N,0x00000,0x03,0x00,1,N*23
$GPNVS,2,154916,031026,0.00,0.00,0.00,0.00,0.00,0.00,0.00,0.00,*66
$GPNVS,3,154916,031026,0.00,0.00,0.00,0.00,,0.00,0,0,1,+38.06,*40
$GPNVS,4,154916,031026,0.00,0.00,,,,,,,*60
$GPNVS,5,154916,031026,5C9,0,0,+38.06,00000,00000,*26
$GPNVS,6,0,A,1,0x00000,0x03,,0x00,00,,0x00000,,*05
$GPNVS,7,154916,031026,A,73,0x00,-12,-9,-1,581496,+4.28,-4.11*43
$GPNVS,9,+10000000.003,+2.77279,+10000000.00,15,+0.019,+0.37,,+38.06,50.0,49.6,*63
$GPNVS,10,1,0,0,-45,-45,2,100,0.5,1,12,30,1,-1,1.0,20,+18,1,2,8000,,,,*5C
$GPNVS,15,0,0,0000,2400,2400.00,00000000,0.00,0.00,0.00,0.00,+9999,999*48
$GPNVS,1,154917,031026,A,N,65,N,0x00000,0x03,0x00,1,N*22
$GPNVS,2,154917,031026,0.00,0.00,0.00,0.00,0.00,0.00,0.00,0.00,*67
$GPNVS,3,154917,031026,0.00,0.00,0.00,0.00,,0.00,0,0,1,+38.06,*41
$GPNVS,4,154917,031026,0.00,0.00,,,,,,,*61
$GPNVS,5,154917,031026,5C9,0,0,+38.06,00000,00000,*27
$GPNVS,6,0,A,1,0x00000,0x03,,0x00,00,,0x00000,,*05
$GPNVS,7,154917,031026,A,73,0x00,-12,-10,-1,581495,+4.28,-4.11*79
$GPNVS,9,+10000000.003,+2.77278,+10000000.05,15,+0.019,+0.37,,+38.06,50.0,50.9,*60
$GPNVS,10,1,0,0,-50,-45,2,100,0.5,1,12,30,1,-1,1.0,20,+18,1,2,8000,,,,*58
$GPNVS,15,0,0,0000,2400,2400.00,00000000,0.00,0.00,0.00,0.00,+9999,999*48
$GPNVS,1,154918,031026,A,N,65,N,0x00000,0x03,0x00,1,N*2D
$GPNVS,2,154918,031026,0.00,0.00,0.00,0.00,0.00,0.00,0.00,0.00,*68
$GPNVS,3,154918,031026,0.00,0.00,0.00,0.00,,0.00,0,0,1,+38.06,*4E
$GPNVS,4,154918,031026,0.00,0.00,,,,,,,*6E
$GPNVS,5,154918,031026,5C9,0,0,+38.06,00000,00000,*28
$GPNVS,6,0,A,1,0x00000,0x03,,0x00,00,,0x00000,,*05
$GPNVS,7,154918,031026,A,73,0x00,-12,-10,-1,581494,+4.28,-4.11*77
$GPNVS,9,+10000000.004,+2.77278,+10000000.00,15,+0.019,+0.37,,+38.06,50.0,50.9,*62
$GPNVS,10,1,0,0,-50,-50,2,100,0.5,1,12,30,1,-1,1.0,20,+18,1,2,8000,,,,*5C
$GPNVS,15,0,0,0000,2400,2400.00,00000000,0.00,0.00,0.00,0.00,+9999,999*48
$GPNVS,1,154919,031026,A,N,65,N,0x00000,0x03,0x00,1,N*2C
$GPNVS,2,154919,031026,0.00,0.00,0.00,0.00,0.00,0.00,0.00,0.00,*69
$GPNVS,3,154919,031026,0.00,0.00,0.00,0.00,,0.00,0,0,1,+38.06,*4F
$GPNVS,4,154919,031026,0.00,0.00,,,,,,,*6F
$GPNVS,5,154919,031026,5C9,0,0,+38.06,00000,00000,*29
$GPNVS,6,0,A,1,0x00000,0x03,,0x00,00,,0x00000,,*05
$GPNVS,7,154919,031026,A,73,0x00,-12,-9,-1,581493,+4.28,-4.11*49
$GPNVS,9,+10000000.003,+2.77277,+9999999.949,15,+0.019,+0.37,,+38.06,50.0,50.6,*69
$GPNVS,10,1,0,0,-45,-45,2,100,0.5,1,12,30,1,+0,1.0,20,+18,1,2,8000,,,,*5B
$GPNVS,15,0,0,0000,2400,2400.00,00000000,0.00,0.00,0.00,0.00,+9999,999*48
$GPNVS,1,154920,031026,A,N,65,N,0x00000,0x03,0x00,1,N*26
$GPNVS,2,154920,031026,0.00,0.00,0.00,0.00,0.00,0.00,0.00,0.00,*63
$GPNVS,3,154920,031026,0.00,0.00,0.00,0.00,,0.00,0,0,1,+38.06,*45
$GPNVS,4,154920,031026,0.00,0.00,,,,,,,*65
$GPNVS,5,154920,031026,5C9,0,0,+38.06,00000,00000,*23
$GPNVS,6,0,A,1,0x00000,0x03,,0x00,00,,0x00000,,*05
$GPNVS,7,154920,031026,A,73,0x00,-12,-10,-1,581492,+4.28,-4.11*7A
$GPNVS,9,+10000000.004,+2.77277,+10000000.05,15,+0.019,+0.37,,+38.06,50.0,49.6,*6F
$GPNVS,10,1,0,0,-50,-45,2,100,0.5,1,12,30,1,+0,1.0,20,+18,1,2,8000,,,,*5F
$GPNVS,15,0,0,0000,2400,2400.00,00000000,0.00,0.00,0.00,0.00,+9999,999*48
$GPNVS,99,,,*5C
$GPNVS,1,154921,031026,A,N,65,N,0x00000,0x03,0x00,1,N*27
$GPNVS,2,154921,031026,0.00,0.00,0.00,0.00,0.00,0.00,0.00,0.00,*62
$GPNVS,3,154921,031026,0.00,0.00,0.00,0.00,,0.00,0,0,1,+38.06,*44
$GPNVS,4,154921,031026,0.00,0.00,,,,,,,*64
$GPNVS,5,154921,031026,5C9,0,0,+38.06,00000,00000,*22
$GPNVS,6,0,A,1,0x00000,0x03,,0x00,00,,0x00000,,*05
$GPNVS,7,154921,031026,A,73,0x00,-12,-9,-1,581491,+4.27,-4.11*4F
$GPNVS,9,+10000000.003,+2.77276,+9999999.949,15,+0.019,+0.37,,+38.06,50.0,50.0,*6E
$GPNVS,10,1,0,0,-45,-45,2,100,0.5,1,12,30,1,+0,1.0,20,+18,1,2,8000,,,,*5B
$GPNVS,15,0,0,0000,2400,2400.00,00000000,0.00,0.00,0.00,0.00,+9999,999*48
$GPNVS,1,154922,031026,A,N,65,N,0x00000,0x03,0x00,1,N*24
$GPNVS,2,154922,031026,0.00,0.00,0.00,0.00,0.00,0.00,0.00,0.00,*61
$GPNVS,3,154922,031026,0.00,0.00,0.00,0.00,,0.00,0,0,1,+38.06,*47
$GPNVS,4,154922,031026,0.00,0.00,,,,,,,*67
$GPNVS,5,154922,031026,5C9,0,0,+38.06,00000,00000,*21
$GPNVS,6,0,A,1,0x00000,0x03,,0x00,00,,0x00000,,*05
$GPNVS,7,154922,031026,A,73,0x00,-12,-10,-1,581490,+4.27,-4.11*75
$GPNVS,9,+10000000.003,+2.77276,+10000000.05,15,+0.019,+0.37,,+38.06,50.0,50.0,*67
$GPNVS,10,1,0,0,-50,-45,2,100,0.5,1,12,30,1,-1,1.0,20,+18,1,2,8000,,,,*58
$GPNVS,15,0,0,0000,2400,2400.00,00000000,0.00,0.00,0.00,0.00,+9999,999*48
$GPNVS,1,154923,031026,A,N,65,N,0x00000,0x03,0x00,1,N*25
$GPNVS,2,154923,031026,0.00,0.00,0.00,0.00,0.00,0.00,0.00,0.00,*60
$GPNVS,3,154923,031026,0.00,0.00,0.00,0.00,,0.00,0,0,1,+38.06,*46
$GPNVS,4,154923,031026,0.00,0.00,,,,,,,*66
$GPNVS,5,154923,031026,5C9,0,0,+38.06,00000,00000,*20
$GPNVS,6,0,A,1,0x00000,0x03,,0x00,00,,0x00000,,*05
$GPNVS,7,154923,031026,A,73,0x00,-12,-10,-1,581489,+4.27,-4.11*7C
$GPNVS,9,+10000000.004,+2.77275,+10000000.00,15,+0.019,+0.37,,+38.06,50.0,50.6,*60
$GPNVS,10,1,0,0,-50,-50,2,100,0.5,1,12,30,1,-1,1.0,20,+18,1,2,8000,,,,*5C
$GPNVS,15,0,0,0000,2400,2400.00,00000000,0.00,0.00,0.00,0.00,+9999,999*48
$GPNVS,1,154924,031026,A,N,65,N,0x00000,0x03,0x00,1,N*22
$GPNVS,2,154924,031026,0.00,0.00,0.00,0.00,0.00,0.00,0.00,0.00,*67
$GPNVS,3,154924,031026,0.00,0.00,0.00,0.00,,0.00,0,0,1,+38.06,*41
$GPNVS,4,154924,031026,0.00,0.00,,,,,,,*61
$GPNVS,5,154924,031026,5C9,0,0,+38.06,00000,00000,*27
$GPNVS,6,0,A,1,0x00000,0x03,,0x00,00,,0x00000,,*05
$GPNVS,7,154924,031026,A,73,0x00,-12,-10,-1,581488,+4.28,-4.11*75
$GPNVS,9,+10000000.003,+2.77275,+10000000.00,15,+0.019,+0.37,,+38.06,50.0,49.3,*6A
$GPNVS,10,1,0,0,-50,-50,2,100,0.5,1,12,30,1,-1,1.0,20,+18,1,2,8000,,,,*5C
$GPNVS,15,0,0,0000,2400,2400.00,00000000,0.00,0.00,0.00,0.00,+9999,999*48
$GPNVS,1,154925,031026,A,N,65,N,0x00000,0x03,0x00,1,N*23
$GPNVS,2,154925,031026,0.00,0.00,0.00,0.00,0.00,0.00,0.00,0.00,*66
$GPNVS,3,154925,031026,0.00,0.00,0.00,0.00,,0.00,0,0,1,+38.06,*40
$GPNVS,4,154925,031026,0.00,0.00,,,,,,,*60
$GPNVS,5,154925,031026,5C9,0,0,+38.06,00000,00000,*26
$GPNVS,6,0,A,1,0x00000,0x03,,0x00,00,,0x00000,,*05
$GPNVS,7,154925,031026,A,73,0x00,-12,-10,-1,581487,+4.27,-4.11*74
$GPNVS,9,+10000000.004,+2.77274,+10000000.00,15,+0.019,+0.37,,+38.06,50.0,50.3,*64
$GPNVS,10,1,0,0,-50,-50,2,100,0.5,1,12,30,1,-1,1.0,20,-2,1,2,8000,,,,*61
$GPNVS,15,0,0,0000,2400,2400.00,00000000,0.00,0.00,0.00,0.00,-9999,999*4E
$GPNVS,1,154926,031026,A,N,65,N,0x00000,0x03,0x00,1,N*20
$GPNVS,2,154926,031026,0.00,0.00,0.00,0.00,0.00,0.00,0.00,0.00,*65
$GPNVS,3,154926,031026,0.00,0.00,0.00,0.00,,0.00,0,0,1,+38.06,*43
$GPNVS,4,154926,031026,0.00,0.00,,,,,,,*63
$GPNVS,5,154926,031026,5C9,0,0,+38.06,00000,00000,*25
$GPNVS,6,0,A,1,0x00000,0x03,,0x00,00,,0x00000,,*05
$GPNVS,7,154926,031026,A,73,0x00,-12,-11,-1,581486,+4.28,-4.11*78
$GPNVS,9,+10000000.004,+2.77274,+10000000.05,15,+0.019,+0.37,,+38.06,50.0,50.3,*61
$GPNVS,10,1,0,0,-55,-50,2,100,0.5,1,12,30,1,+0,1.0,20,-2,1,2,8000,,,,*63
$GPNVS,15,0,0,0000,2400,2400.00,00000000,0.00,0.00,0.00,0.00,-9999,999*4E
$GPNVS,1,154927,031026,A,N,65,N,0x00000,0x03,0x00,1,N*21
$GPNVS,2,154927,031026,0.00,0.00,0.00,0.00,0.00,0.00,0.00,0.00,*64
$GPNVS,3,154927,031026,0.00,0.00,0.00,0.00,,0.00,0,0,1,+38.06,*42
$GPNVS,4,154927,031026,0.00,0.00,,,,,,,*62
$GPNVS,5,154927,031026,5C9,0,0,+38.06,00000,00000,*24
$GPNVS,6,0,A,1,0x00000,0x03,,0x00,00,,0x00000,,*05
$GPNVS,7,154927,031026,A,73,0x00,-12,-10,-1,581485,+4.27,-4.11*74
$GPNVS,9,+10000000.003,+2.77273,+9999999.949,15,+0.019,+0.37,,+38.06,50.0,50.3,*68
$GPNVS,10,1,0,0,-50,-50,2,100,0.5,1,12,30,1,-1,1.0,20,-2,1,2,8000,,,,*61
$GPNVS,15,0,0,0000,2400,2400.00,00000000,0.00,0.00,0.00,0.00,-9999,999*4E
$GPNVS,1,154928,031026,A,N,65,N,0x00000,0x03,0x00,1,N*2E
$GPNVS,2,154928,031026,0.00,0.00,0.00,0.00,0.00,0.00,0.00,0.00,*6B
$GPNVS,3,154928,031026,0.00,0.00,0.00,0.00,,0.00,0,0,1,+38.06,*4D
$GPNVS,4,154928,031026,0.00,0.00,,,,,,,*6D
$GPNVS,5,154928,031026,5C9,0,0,+38.06,00000,00000,*2B
$GPNVS,6,0,A,1,0x00000,0x03,,0x00,00,,0x00000,,*05
$GPNVS,7,154928,031026,A,73,0x00,3,-9,-1,581484,+4.28,-4.11*50
$GPNVS,9,+10000000.002,+2.77273,+9999999.949,15,+0.019,+0.37,,+38.06,50.0,49.6,*64
$GPNVS,10,1,0,0,-45,-45,2,100,0.5,1,12,30,1,-1,1.0,20,-2,1,2,8000,,,,*61
$GPNVS,15,0,0,0000,2400,2400.00,00000000,0.00,0.00,0.00,0.00,-9999,999*4E
$GPNVS,1,154929,031026,A,N,65,N,0x00000,0x03,0x00,1,N*2F
$GPNVS,2,154929,031026,0.00,0.00,0.00,0.00,0.00,0.00,0.00,0.00,*6A
$GPNVS,3,154929,031026,0.00,0.00,0.00,0.00,,0.00,0,0,1,+38.06,*4C
$GPNVS,4,154929,031026,0.00,0.00,,,,,,,*6C
$GPNVS,5,154929,031026,5C9,0,0,+38.06,00000,00000,*2A
$GPNVS,6,0,A,1,0x00000,0x03,,0x00,00,,0x00000,,*05
$GPNVS,7,154929,031026,A,73,0x00,3,-10,-1,581483,+4.28,-4.11*6E
$GPNVS,9,+10000000.003,+2.77272,+10000000.05,15,+0.019,+0.37,,+38.06,50.0,50.0,*63
$GPNVS,10,1,0,0,-50,-45,2,100,0.5,1,12,30,1,-1,1.0,20,-2,1,2,8000,,,,*65
$GPNVS,15,0,0,0000,2400,2400.00,00000000,0.00,0.00,0.00,0.00,-9999,999*4E
$GPNVS,1,154930,031026,A,N,65,N,0x00000,0x03,0x00,1,N*27
$GPNVS,2,154930,031026,0.00,0.00,0.00,0.00,0.00,0.00,0.00,0.00,*62
$GPNVS,3,154930,031026,0.00,0.00,0.00,0.00,,0.00,0,0,1,+38.06,*44
$GPNVS,4,154930,031026,0.00,0.00,,,,,,,*64
$GPNVS,5,154930,031026,5C9,0,0,+38.06,00000,00000,*22
$GPNVS,6,0,A,1,0x00000,0x03,,0x00,00,,0x00000,,*05
$GPNVS,7,154930,031026,A,73,0x00,3,-10,-1,581482,+4.28,-4.11*67
$GPNVS,9,+10000000.002,+2.77272,+10000000.00,15,+0.019,+0.37,,+38.06,50.0,50.3,*64
$GPNVS,10,1,0,0,-50,-50,2,100,0.5,1,12,30,1,-1,1.0,20,-2,1,2,8000,,,,*61
$GPNVS,15,0,0,0000,2400,2400.00,00000000,0.00,0.00,0.00,0.00,-9999,999*4E
$GPNVS,1,154931,031026,A,N,65,N,0x00000,0x03,0x00,1,N*26
$GPNVS,2,154931,031026,0.00,0.00,0.00,0.00,0.00,0.00,0.00,0.00,*63
$GPNVS,3,154931,031026,0.00,0.00,0.00,0.00,,0.00,0,0,1,+38.06,*45
$GPNVS,4,154931,031026,0.00,0.00,,,,,,,*65
$GPNVS,5,154931,031026,5C9,0,0,+38.06,00000,00000,*23
$GPNVS,6,0,A,1,0x00000,0x03,,0x00,00,,0x00000,,*05
$GPNVS,7,154931,031026,A,73,0x00,3,-11,-1,581481,+4.27,-4.11*6B
$GPNVS,9,+10000000.004,+2.77272,+10000000.05,15,+0.019,+0.37,,+38.06,50.0,50.6,*62
$GPNVS,10,1,0,0,-55,-50,2,100,0.5,1,12,30,1,-1,1.0,20,-2,1,2,8000,,,,*64
$GPNVS,15,0,0,0000,2400,2400.00,00000000,0.00,0.00,0.00,0.00,-9999,999*4E
$GPNVS,1,154932,031026,A,N,65,N,0x00000,0x03,0x00,1,N*25
$GPNVS,2,154932,031026,0.00,0.00,0.00,0.00,0.00,0.00,0.00,0.00,*60
$GPNVS,3,154932,031026,0.00,0.00,0.00,0.00,,0.00,0,0,1,+38.06,*46
$GPNVS,4,154932,031026,0.00,0.00,,,,,,,*66
$GPNVS,5,154932,031026,5C9,0,0,+38.06,00000,00000,*20
$GPNVS,6,0,A,1,0x00000,0x03,,0x00,00,,0x00000,,*05
$GPNVS,7,154932,031026,A,73,0x00,3,-10,-2,581479,+4.27,-4.11*6D
$GPNVS,9,+10000000.003,+2.77271,+9999999.949,15,+0.019,+0.37,,+38.06,50.0,49.0,*61
$GPNVS,10,1,0,0,-50,-50,2,100,0.5,1,12,30,1,-1,1.0,20,-2,1,2,8000,,,,*61
$GPNVS,15,0,0,0000,2400,2400.00,00000000,0.00,0.00,0.00,0.00,-9999,999*4E
$GPNVS,1,154933,031026,A,N,65,N,0x00000,0x03,0x00,1,N*24
$GPNVS,2,154933,031026,0.00,0.00,0.00,0.00,0.00,0.00,0.00,0.00,*61
$GPNVS,3,154933,031026,0.00,0.00,0.00,0.00,,0.00,0,0,1,+38.06,*47
$GPNVS,4,154933,031026,0.00,0.00,,,,,,,*67
$GPNVS,5,154933,031026,5C9,0,0,+38.06,00000,00000,*21
$GPNVS,6,0,A,1,0x00000,0x03,,0x00,00,,0x00000,,*05
$GPNVS,7,154933,031026,A,73,0x00,3,-11,-1,581478,+4.27,-4.11*6F
$GPNVS,9,+10000000.004,+2.77270,+10000000.05,15,+0.019,+0.37,,+38.06,50.0,50.3,*65
$GPNVS,10,1,0,0,-55,-50,2,100,0.5,1,12,30,1,-1,1.0,20,-2,1,2,8000,,,,*64
$GPNVS,15,0,0,0000,2400,2400.00,00000000,0.00,0.00,0.00,0.00,-9999,999*4E
$GPNVS,1,154934,031026,A,N,65,N,0x00000,0x03,0x00,1,N*23
$GPNVS,2,154934,031026,0.00,0.00,0.00,0.00,0.00,0.00,0.00,0.00,*66
$GPNVS,3,154934,031026,0.00,0.00,0.00,0.00,,0.00,0,0,1,+37.74,*4A
$GPNVS,4,154934,031026,0.00,0.00,,,,,,,*60
$GPNVS,5,154934,031026,5C9,0,0,+37.74,00000,00000,*2C
$GPNVS,6,0,A,1,0x00000,0x03,,0x00,00,,0x00000,,*05
$GPNVS,7,154934,031026,A,73,0x00,3,-10,-1,581477,+4.27,-4.11*66
$GPNVS,9,+10000000.003,+2.77270,+9999999.949,15,+0.019,+0.37,,+37.74,50.0,50.0,*62
$GPNVS,10,1,0,0,-50,-50,2,100,0.5,1,12,30,1,-1,1.0,20,-2,1,2,8000,,,,*61
$GPNVS,15,0,0,0000,2400,2400.00,00000000,0.00,0.00,0.00,0.00,-9999,999*4E
$GPNVS,1,154935,031026,A,N,65,N,0x00000,0x03,0x00,1,N*22
$GPNVS,2,154935,031026,0.00,0.00,0.00,0.00,0.00,0.00,0.00,0.00,*67
$GPNVS,3,154935,031026,0.00,0.00,0.00,0.00,,0.00,0,0,1,+37.74,*4B
$GPNVS,4,154935,031026,0.00,0.00,,,,,,,*61
$GPNVS,5,154935,031026,5C9,0,0,+37.74,00000,00000,*2D
$GPNVS,6,0,A,1,0x00000,0x03,,0x00,00,,0x00000,,*05
$GPNVS,7,154935,031026,A,73,0x00,3,-11,-1,581476,+4.27,-4.11*67
$GPNVS,9,+10000000.003,+2.77269,+10000000.05,15,+0.019,+0.37,,+37.74,50.0,50.0,*63
$GPNVS,10,1,0,0,-55,-50,2,100,0.5,1,12,30,1,+0,1.0,20,-2,1,2,8000,,,,*63
$GPNVS,15,0,0,0000,2400,2400.00,00000000,0.00,0.00,0.00,0.00,-9999,999*4E
$GPNVS,99,,,*5C
$GPNVS,1,154936,031026,A,N,65,N,0x00000,0x03,0x00,1,N*21
$GPNVS,2,154936,031026,0.00,0.00,0.00,0.00,0.00,0.00,0.00,0.00,*64
$GPNVS,3,154936,031026,0.00,0.00,0.00,0.00,,0.00,0,0,1,+37.74,*48
$GPNVS,4,154936,031026,0.00,0.00,,,,,,,*62
$GPNVS,5,154936,031026,5C9,0,0,+37.74,00000,00000,*2E
$GPNVS,6,0,A,1,0x00000,0x03,,0x00,00,,0x00000,,*05
$GPNVS,7,154936,031026,A,73,0x00,3,-10,-1,581475,+4.28,-4.11*69
$GPNVS,9,+10000000.003,+2.77269,+9999999.949,15,+0.019,+0.37,,+37.74,50.0,50.6,*6C
$GPNVS,10,1,0,0,-50,-50,2,100,0.5,1,12,30,1,+0,1.0,20,+14,1,2,8000,,,,*57
$GPNVS,15,0,0,0000,2400,2400.00,00000000,0.00,0.00,0.00,0.00,+9999,999*48
$GPNVS,1,154937,031026,A,N,65,N,0x00000,0x03,0x00,1,N*20
$GPNVS,2,154937,031026,0.00,0.00,0.00,0.00,0.00,0.00,0.00,0.00,*65
$GPNVS,3,154937,031026,0.00,0.00,0.00,0.00,,0.00,0,0,1,+37.74,*49
$GPNVS,4,154937,031026,0.00,0.00,,,,,,,*63
$GPNVS,5,154937,031026,5C9,0,0,+37.74,00000,00000,*2F
$GPNVS,6,0,A,1,0x00000,0x03,,0x00,00,,0x00000,,*05
$GPNVS,7,154937,031026,A,73,0x00,3,-11,-1,581474,+4.28,-4.11*68
$GPNVS,9,+10000000.003,+2.77268,+10000000.05,15,+0.019,+0.37,,+37.74,50.0,50.6,*64
$GPNVS,10,1,0,0,-55,-50,2,100,0.5,1,12,30,1,-1,1.0,20,+14,1,2,8000,,,,*55
$GPNVS,15,0,0,0000,2400,2400.00,00000000,0.00,0.00,0.00,0.00,+9999,999*48
$GPNVS,1,154938,031026,A,N,65,N,0x00000,0x03,0x00,1,N*2F
$GPNVS,2,154938,031026,0.00,0.00,0.00,0.00,0.00,0.00,0.00,0.00,*6A
$GPNVS,3,154938,031026,0.00,0.00,0.00,0.00,,0.00,0,0,1,+37.74,*46
$GPNVS,4,154938,031026,0.00,0.00,,,,,,,*6C
$GPNVS,5,154938,031026,5C9,0,0,+37.74,00000,00000,*20
$GPNVS,6,0,A,1,0x00000,0x03,,0x00,00,,0x00000,,*05
$GPNVS,7,154938,031026,A,73,0x00,3,-12,-1,581473,+4.27,-4.11*6C
$GPNVS,9,+10000000.004,+2.77268,+10000000.05,15,+0.019,+0.37,,+37.74,50.0,50.0,*65
$GPNVS,10,1,0,0,-60,-55,2,100,0.5,1,12,30,1,-1,1.0,20,+14,1,2,8000,,,,*56
$GPNVS,15,0,0,0000,2400,2400.00,00000000,0.00,0.00,0.00,0.00,+9999,999*48
$GPNVS,1,154939,031026,A,N,65,N,0x00000,0x03,0x00,1,N*2E
$GPNVS,2,154939,031026,0.00,0.00,0.00,0.00,0.00,0.00,0.00,0.00,*6B
$GPNVS,3,154939,031026,0.00,0.00,0.00,0.00,,0.00,0,0,1,+37.74,*47
$GPNVS,4,154939,031026,0.00,0.00,,,,,,,*6D
$GPNVS,5,154939,031026,5C9,0,0,+37.74,00000,00000,*21
$GPNVS,6,0,A,1,0x00000,0x03,,0x00,00,,0x00000,,*05
$GPNVS,7,154939,031026,A,73,0x00,3,-11,-1,581472,+4.27,-4.11*6F
$GPNVS,9,+10000000.004,+2.77267,+9999999.949,15,+0.019,+0.37,,+37.74,50.0,49.6,*6D
$GPNVS,10,1,0,0,-55,-55,2,100,0.5,1,12,30,1,-1,1.0,20,+14,1,2,8000,,,,*50
$GPNVS,15,0,0,0000,2400,2400.00,00000000,0.00,0.00,0.00,0.00,+9999,999*48
$GPNVS,1,154940,031026,A,N,65,N,0x00000,0x03,0x00,1,N*20
$GPNVS,2,154940,031026,0.00,0.00,0.00,0.00,0.00,0.00,0.00,0.00,*65
$GPNVS,3,154940,031026,0.00,0.00,0.00,0.00,,0.00,0,0,1,+37.74,*49
$GPNVS,4,154940,031026,0.00,0.00,,,,,,,*63
$GPNVS,5,154940,031026,5C9,0,0,+37.74,00000,00000,*2F
$GPNVS,6,0,A,1,0x00000,0x03,,0x00,00,,0x00000,,*05
$GPNVS,7,154940,031026,A,73,0x00,3,-11,-1,581471,+4.27,-4.11*62
$GPNVS,9,+10000000.003,+2.77267,+10000000.00,15,+0.019,+0.37,,+37.74,50.0,50.9,*61
$GPNVS,10,1,0,0,-55,-55,2,100,0.5,1,12,30,1,-1,1.0,20,+14,1,2,8000,,,,*50
$GPNVS,15,0,0,0000,2400,2400.00,00000000,0.00,0.00,0.00,0.00,+9999,999*48
$GPNVS,1,154941,031026,A,N,65,N,0x00000,0x03,0x00,1,N*21
$GPNVS,2,154941,031026,0.00,0.00,0.00,0.00,0.00,0.00,0.00,0.00,*64
$GPNVS,3,154941,031026,0.00,0.00,0.00,0.00,,0.00,0,0,1,+38.06,*42
$GPNVS,4,154941,031026,0.00,0.00,,,,,,,*62
$GPNVS,5,154941,031026,5C9,0,0,+38.06,00000,00000,*24
$GPNVS,6,0,A,1,0x00000,0x03,,0x00,00,,0x00000,,*05
$GPNVS,7,154941,031026,A,73,0x00,3,-11,-1,581470,+4.28,-4.11*6D
$GPNVS,9,+10000000.003,+2.77266,+10000000.00,15,+0.019,+0.37,,+38.06,50.0,50.6,*65
$GPNVS,10,1,0,0,-55,-55,2,100,0.5,1,12,30,1,-1,1.0,20,+14,1,2,8000,,,,*50
$GPNVS,15,0,0,0000,2400,2400.00,00000000,0.00,0.00,0.00,0.00,+9999,999*48
$GPNVS,1,154942,031026,A,N,65,N,0x00000,0x03,0x00,1,N*22
$GPNVS,2,154942,031026,0.00,0.00,0.00,0.00,0.00,0.00,0.00,0.00,*67
$GPNVS,3,154942,031026,0.00,0.00,0.00,0.00,,0.00,0,0,1,+38.06,*41
$GPNVS,4,154942,031026,0.00,0.00,,,,,,,*61
$GPNVS,5,154942,031026,5C9,0,0,+38.06,00000,00000,*27
$GPNVS,6,0,A,1,0x00000,0x03,,0x00,00,,0x00000,,*05
$GPNVS,7,154942,031026,A,73,0x00,3,-11,-1,581469,+4.28,-4.11*66
$GPNVS,9,+10000000.004,+2.77266,+10000000.00,15,+0.019,+0.37,,+38.06,50.0,50.0,*64
$GPNVS,10,1,0,0,-55,-55,2,100,0.5,1,12,30,1,-1,1.0,20,+14,1,2,8000,,,,*50
$GPNVS,15,0,0,0000,2400,2400.00,00000000,0.00,0.00,0.00,0.00,+9999,999*48
$GPNVS,1,154943,031026,A,N,65,N,0x00000,0x03,0x00,1,N*23
$GPNVS,2,154943,031026,0.00,0.00,0.00,0.00,0.00,0.00,0.00,0.00,*66
$GPNVS,3,154943,031026,0.00,0.00,0.00,0.00,,0.00,0,0,1,+38.06,*40
$GPNVS,4,154943,031026,0.00,0.00,,,,,,,*60
$GPNVS,5,154943,031026,5C9,0,0,+38.06,00000,00000,*26
$GPNVS,6,0,A,1,0x00000,0x03,,0x00,00,,0x00000,,*05
$GPNVS,7,154943,031026,A,73,0x00,-3,-10,-1,581468,+4.27,-4.11*45
$GPNVS,9,+10000000.002,+2.77265,+9999999.949,15,+0.019,+0.37,,+38.06,50.0,50.6,*6B
$GPNVS,10,1,0,0,-50,-50,2,100,0.5,1,12,30,1,-1,1.0,20,+14,1,2,8000,,,,*50
$GPNVS,15,0,0,0000,2400,2400.00,00000000,0.00,0.00,0.00,0.00,+9999,999*48
$GPNVS,1,154944,031026,A,N,65,N,0x00000,0x03,0x00,1,N*24
$GPNVS,2,154944,031026,0.00,0.00,0.00,0.00,0.00,0.00,0.00,0.00,*61
$GPNVS,3,154944,031026,0.00,0.00,0.00,0.00,,0.00,0,0,1,+38.06,*47
$GPNVS,4,154944,031026,0.00,0.00,,,,,,,*67
$GPNVS,5,154944,031026,5C9,0,0,+38.06,00000,00000,*21
$GPNVS,6,0,A,1,0x00000,0x03,,0x00,00,,0x00000,,*05
$GPNVS,7,154944,031026,A,73,0x00,-3,-11,-1,581467,+4.27,-4.11*4C
$GPNVS,9,+10000000.002,+2.77265,+10000000.05,15,+0.019,+0.37,,+38.06,50.0,49.3,*6F
$GPNVS,10,1,0,0,-55,-50,2,100,0.5,1,12,30,1,-1,1.0,20,+14,1,2,8000,,,,*55
$GPNVS,15,0,0,0000,2400,2400.00,00000000,0.00,0.00,0.00,0.00,+9999,999*48
$GPNVS,1,154945,031026,A,N,65,N,0x00000,0x03,0x00,1,N*25
$GPNVS,2,154945,031026,0.00,0.00,0.00,0.00,0.00,0.00,0.00,0.00,*60
$GPNVS,3,154945,031026,0.00,0.00,0.00,0.00,,0.00,0,0,1,+37.74,*4C
$GPNVS,4,154945,031026,0.00,0.00,,,,,,,*66
$GPNVS,5,154945,031026,5C9,0,0,+37.74,00000,00000,*2A
$GPNVS,6,0,A,1,0x00000,0x03,,0x00,00,,0x00000,,*05
$GPNVS,7,154945,031026,A,73,0x00,-3,-10,-1,581466,+4.27,-4.11*4D
$GPNVS,9,+10000000.003,+2.77264,+9999999.949,15,+0.019,+0.37,,+37.74,50.0,50.3,*64
$GPNVS,10,1,0,0,-50,-50,2,100,0.5,1,12,30,1,-1,1.0,20,+14,1,2,8000,,,,*50
$GPNVS,15,0,0,0000,2400,2400.00,00000000,0.00,0.00,0.00,0.00,+9999,999*48
$GPNVS,1,154946,031026,A,N,65,N,0x00000,0x03,0x00,1,N*26
$GPNVS,2,154946,031026,0.00,0.00,0.00,0.00,0.00,0.00,0.00,0.00,*63
$GPNVS,3,154946,031026,0.00,0.00,0.00,0.00,,0.00,0,0,1,+37.74,*4F
$GPNVS,4,154946,031026,0.00,0.00,,,,,,,*65
$GPNVS,5,154946,031026,5C9,0,0,+37.74,00000,00000,*29
$GPNVS,6,0,A,1,0x00000,0x03,,0x00,00,,0x00000,,*05
$GPNVS,7,154946,031026,A,73,0x00,-3,-11,-1,581465,+4.28,-4.11*43
$GPNVS,9,+10000000.003,+2.77264,+10000000.05,15,+0.019,+0.37,,+37.74,50.0,50.0,*6E
$GPNVS,10,1,0,0,-55,-50,2,100,0.5,1,12,30,1,-1,1.0,20,+14,1,2,8000,,,,*55
$GPNVS,15,0,0,0000,2400,2400.00,00000000,0.00,0.00,0.00,0.00,+9999,999*48
$GPNVS,1,154947,031026,A,N,65,N,0x00000,0x03,0x00,1,N*27
$GPNVS,2,154947,031026,0.00,0.00,0.00,0.00,0.00,0.00,0.00,0.00,*62
$GPNVS,3,154947,031026,0.00,0.00,0.00,0.00,,0.00,0,0,1,+37.74,*4E
$GPNVS,4,154947,031026,0.00,0.00,,,,,,,*64
$GPNVS,5,154947,031026,5C9,0,0,+37.74,00000,00000,*28
$GPNVS,6,0,A,1,0x00000,0x03,,0x00,00,,0x00000,,*05
$GPNVS,7,154947,031026,A,73,0x00,-3,-11,-1,581464,+4.27,-4.11*4C
$GPNVS,9,+10000000.002,+2.77263,+10000000.00,15,+0.019,+0.37,,+37.74,50.0,50.3,*6E
$GPNVS,10,1,0,0,-55,-55,2,100,0.5,1,12,30,1,-1,1.0,20,-6,1,2,8000,,,,*65
$GPNVS,15,0,0,0000,2400,2400.00,00000000,0.00,0.00,0.00,0.00,-9999,999*4E
$GPNVS,1,154948,031026,A,N,65,N,0x00000,0x03,0x00,1,N*28
$GPNVS,2,154948,031026,0.00,0.00,0.00,0.00,0.00,0.00,0.00,0.00,*6D
$GPNVS,3,154948,031026,0.00,0.00,0.00,0.00,,0.00,0,0,1,+38.06,*4B
$GPNVS,4,154948,031026,0.00,0.00,,,,,,,*6B
$GPNVS,5,154948,031026,5C9,0,0,+38.06,00000,00000,*2D
$GPNVS,6,0,A,1,0x00000,0x03,,0x00,00,,0x00000,,*05
$GPNVS,7,154948,031026,A,73,0x00,-3,-10,-1,581463,+4.28,-4.11*4A
$GPNVS,9,+10000000.002,+2.77263,+9999999.949,15,+0.019,+0.37,,+38.06,50.0,50.0,*6B
$GPNVS,10,1,0,0,-50,-50,2,100,0.5,1,12,30,1,-1,1.0,20,-6,1,2,8000,,,,*65
$GPNVS,15,0,0,0000,2400,2400.00,00000000,0.00,0.00,0.00,0.00,-9999,999*4E
$GPNVS,1,154949,031026,A,N,65,N,0x00000,0x03,0x00,1,N*29
$GPNVS,2,154949,031026,0.00,0.00,0.00,0.00,0.00,0.00,0.00,0.00,*6C
$GPNVS,3,154949,031026,0.00,0.00,0.00,0.00,,0.00,0,0,1,+38.06,*4A
$GPNVS,4,154949,031026,0.00,0.00,,,,,,,*6A
$GPNVS,5,154949,031026,5C9,0,0,+38.06,00000,00000,*2C
$GPNVS,6,0,A,1,0x00000,0x03,,0x00,00,,0x00000,,*05
$GPNVS,7,154949,031026,A,73,0x00,-3,-10,-1,581462,+4.28,-4.11*4A
$GPNVS,9,+10000000.002,+2.77262,+10000000.00,15,+0.019,+0.37,,+38.06,50.0,50.3,*65
$GPNVS,10,1,0,0,-50,-50,2,100,0.5,1,12,30,1,+0,1.0,20,-6,1,2,8000,,,,*62
$GPNVS,15,0,0,0000,2400,2400.00,00000000,0.00,0.00,0.00,0.00,-9999,999*4E
$GPNVS,1,154950,031026,A,N,65,N,0x00000,0x03,0x00,1,N*21
$GPNVS,2,154950,031026,0.00,0.00,0.00,0.00,0.00,0.00,0.00,0.00,*64
$GPNVS,3,154950,031026,0.00,0.00,0.00,0.00,,0.00,0,0,1,+38.06,*42
$GPNVS,4,154950,031026,0.00,0.00,,,,,,,*62
$GPNVS,5,154950,031026,5C9,0,0,+38.06,00000,00000,*24
$GPNVS,6,0,A,1,0x00000,0x03,,0x00,00,,0x00000,,*05
$GPNVS,7,154950,031026,A,73,0x00,-3,-9,-1,581461,+4.28,-4.11*79
$GPNVS,9,+10000000.000,+2.77262,+9999999.949,15,+0.019,+0.37,,+38.06,50.0,50.0,*68
$GPNVS,10,1,0,0,-45,-45,2,100,0.5,1,12,30,1,+1,1.0,20,-6,1,2,8000,,,,*63
$GPNVS,15,0,0,0000,2400,2400.00,00000000,0.00,0.00,0.00,0.00,-9999,999*4E
$GPNVS,99,,,*5C
$GPNVS,1,154951,031026,A,N,65,N,0x00000,0x03,0x00,1,N*20
$GPNVS,2,154951,031026,0.00,0.00,0.00,0.00,0.00,0.00,0.00,0.00,*65
$GPNVS,3,154951,031026,0.00,0.00,0.00,0.00,,0.00,0,0,1,+38.06,*43
$GPNVS,4,154951,031026,0.00,0.00,,,,,,,*63
$GPNVS,5,154951,031026,5C9,0,0,+38.06,00000,00000,*25
$GPNVS,6,0,A,1,0x00000,0x03,,0x00,00,,0x00000,,*05
$GPNVS,7,154951,031026,A,73,0x00,-3,-8,0,581461,+4.28,-4.11*55
$GPNVS,9,+10000000.000,+2.77262,+9999999.949,15,+0.019,+0.37,,+38.06,50.0,50.9,*61
$GPNVS,10,1,0,0,-40,-40,2,100,0.5,1,12,30,1,+1,1.0,20,-6,1,2,8000,,,,*63
$GPNVS,15,0,0,0000,2400,2400.00,00000000,0.00,0.00,0.00,0.00,-9999,999*4E
$GPNVS,1,154952,031026,A,N,65,N,0x00000,0x03,0x00,1,N*23
$GPNVS,2,154952,031026,0.00,0.00,0.00,0.00,0.00,0.00,0.00,0.00,*66
$GPNVS,3,154952,031026,0.00,0.00,0.00,0.00,,0.00,0,0,1,+37.74,*4A
$GPNVS,4,154952,031026,0.00,0.00,,,,,,,*60
$GPNVS,5,154952,031026,5C9,0,0,+37.74,00000,00000,*2C
$GPNVS,6,0,A,1,0x00000,0x03,,0x00,00,,0x00000,,*05
$GPNVS,7,154952,031026,A,73,0x00,-3,-9,-1,581460,+4.27,-4.11*75
$GPNVS,9,+10000000.000,+2.77261,+10000000.05,15,+0.019,+0.37,,+37.74,50.0,50.0,*68
$GPNVS,10,1,0,0,-45,-40,2,100,0.5,1,12,30,1,+1,1.0,20,-6,1,2,8000,,,,*66
$GPNVS,15,0,0,0000,2400,2400.00,00000000,0.00,0.00,0.00,0.00,-9999,999*4E
$GPNVS,1,154953,031026,A,N,65,N,0x00000,0x03,0x00,1,N*22
$GPNVS,2,154953,031026,0.00,0.00,0.00,0.00,0.00,0.00,0.00,0.00,*67
$GPNVS,3,154953,031026,0.00,0.00,0.00,0.00,,0.00,0,0,1,+38.06,*41
$GPNVS,4,154953,031026,0.00,0.00,,,,,,,*61
$GPNVS,5,154953,031026,5C9,0,0,+38.06,00000,00000,*27
$GPNVS,6,0,A,1,0x00000,0x03,,0x00,00,,0x00000,,*05
$GPNVS,7,154953,031026,A,73,0x00,-3,-9,0,581460,+4.28,-4.11*57
$GPNVS,9,+10000000.001,+2.77261,+10000000.00,15,+0.019,+0.37,,+38.06,50.0,49.6,*68
$GPNVS,10,1,0,0,-45,-45,2,100,0.5,1,12,30,1,+2,1.0,20,-6,1,2,8000,,,,*60
$GPNVS,15,0,0,0000,2400,2400.00,00000000,0.00,0.00,0.00,0.00,-9999,999*4E
$GPNVS,1,154954,031026,A,N,65,N,0x00000,0x03,0x00,1,N*25
$GPNVS,2,154954,031026,0.00,0.00,0.00,0.00,0.00,0.00,0.00,0.00,*60
$GPNVS,3,154954,031026,0.00,0.00,0.00,0.00,,0.00,0,0,1,+37.74,*4C
$GPNVS,4,154954,031026,0.00,0.00,,,,,,,*66
$GPNVS,5,154954,031026,5C9,0,0,+37.74,00000,00000,*2A
$GPNVS,6,0,A,1,0x00000,0x03,,0x00,00,,0x00000,,*05
$GPNVS,7,154954,031026,A,73,0x00,-3,-9,0,581460,+4.28,-4.11*50
$GPNVS,9,+10000000.000,+2.77261,+10000000.00,15,+0.019,+0.37,,+37.74,50.0,49.0,*65
$GPNVS,10,1,0,0,-45,-45,2,100,0.5,1,12,30,1,+2,1.0,20,-6,1,2,8000,,,,*60
$GPNVS,15,0,0,0000,2400,2400.00,00000000,0.00,0.00,0.00,0.00,-9999,999*4E
$GPNVS,1,154955,031026,A,N,65,N,0x00000,0x03,0x00,1,N*24
$GPNVS,2,154955,031026,0.00,0.00,0.00,0.00,0.00,0.00,0.00,0.00,*61
$GPNVS,3,154955,031026,0.00,0.00,0.00,0.00,,0.00,0,0,1,+38.06,*47
$GPNVS,4,154955,031026,0.00,0.00,,,,,,,*67
$GPNVS,5,154955,031026,5C9,0,0,+38.06,00000,00000,*21
$GPNVS,6,0,A,1,0x00000,0x03,,0x00,00,,0x00000,,*05
$GPNVS,7,154955,031026,A,73,0x00,-3,-9,-1,581459,+4.27,-4.11*78
$GPNVS,9,+10000000.001,+2.77261,+10000000.00,15,+0.019,+0.37,,+38.06,50.0,50.6,*60
$GPNVS,10,1,0,0,-45,-45,2,100,0.5,1,12,30,1,+2,1.0,20,-6,1,2,8000,,,,*60
$GPNVS,15,0,0,0000,2400,2400.00,00000000,0.00,0.00,0.00,0.00,-9999,999*4E
$GPNVS,1,154956,031026,A,N,65,N,0x00000,0x03,0x00,1,N*27
$GPNVS,2,154956,031026,0.00,0.00,0.00,0.00,0.00,0.00,0.00,0.00,*62
$GPNVS,3,154956,031026,0.00,0.00,0.00,0.00,,0.00,0,0,1,+38.06,*44
$GPNVS,4,154956,031026,0.00,0.00,,,,,,,*64
$GPNVS,5,154956,031026,5C9,0,0,+38.06,00000,00000,*22
$GPNVS,6,0,A,1,0x00000,0x03,,0x00,00,,0x00000,,*05
$GPNVS,7,154956,031026,A,73,0x00,-3,-10,0,581459,+4.28,-4.11*60
$GPNVS,9,+10000000.001,+2.77261,+10000000.05,15,+0.019,+0.37,,+38.06,50.0,50.3,*60
$GPNVS,10,1,0,0,-50,-45,2,100,0.5,1,12,30,1,+2,1.0,20,-6,1,2,8000,,,,*64
$GPNVS,15,0,0,0000,2400,2400.00,00000000,0.00,0.00,0.00,0.00,-9999,999*4E
$GPNVS,1,154957,031026,A,N,64,N,0x00000,0x03,0x00,1,N*27
$GPNVS,2,154957,031026,0.00,0.00,0.00,0.00,0.00,0.00,0.00,0.00,*63
$GPNVS,3,154957,031026,0.00,0.00,0.00,0.00,,0.00,0,0,1,+38.06,*45
$GPNVS,4,154957,031026,0.00,0.00,,,,,,,*65
$GPNVS,5,154957,031026,5C9,0,0,+38.06,00000,00000,*23
$GPNVS,6,0,A,1,0x00000,0x03,,0x00,00,,0x00000,,*05
$GPNVS,7,154957,031026,A,73,0x00,-3,-9,0,581459,+4.28,-4.11*59
$GPNVS,9,+9999999.9989,+2.77261,+9999999.949,15,+0.019,+0.37,,+38.06,50.0,49.6,*6C
$GPNVS,10,1,0,0,-45,-45,2,100,0.5,1,12,30,1,+2,1.0,20,-6,1,2,8000,,,,*60
$GPNVS,15,0,0,0000,2400,2400.00,00000000,0.00,0.00,0.00,0.00,+9999,999*48
$GPNVS,1,154958,031026,A,N,64,N,0x00000,0x03,0x00,1,N*28
$GPNVS,2,154958,031026,0.00,0.00,0.00,0.00,0.00,0.00,0.00,0.00,*6C
$GPNVS,3,154958,031026,0.00,0.00,0.00,0.00,,0.00,0,0,1,+38.06,*4A
$GPNVS,4,154958,031026,0.00,0.00,,,,,,,*6A
$GPNVS,5,154958,031026,5C9,0,0,+38.06,00000,00000,*2C
$GPNVS,6,0,A,1,0x00000,0x03,,0x00,00,,0x00000,,*05
$GPNVS,7,154958,031026,A,73,0x00,3,-9,0,581459,+4.28,-4.11*7B
$GPNVS,9,+10000000.000,+2.77261,+10000000.00,15,+0.019,+0.37,,+38.06,50.0,49.6,*69
$GPNVS,10,1,0,0,-45,-45,2,100,0.5,1,12,30,1,+2,1.0,20,+10,1,2,8000,,,,*51
$GPNVS,15,0,0,0000,2400,2400.00,00000000,0.00,0.00,0.00,0.00,+9999,999*48
$GPNVS,1,154959,031026,A,N,64,N,0x00000,0x03,0x00,1,N*29
$GPNVS,2,154959,031026,0.00,0.00,0.00,0.00,0.00,0.00,0.00,0.00,*6D
$GPNVS,3,154959,031026,0.00,0.00,0.00,0.00,,0.00,0,0,1,+38.06,*4B
$GPNVS,4,154959,031026,0.00,0.00,,,,,,,*6B
$GPNVS,5,154959,031026,5C9,0,0,+38.06,00000,00000,*2D
$GPNVS,6,0,A,1,0x00000,0x03,,0x00,00,,0x00000,,*05
$GPNVS,7,154959,031026,A,72,0x00,3,-10,-1,581458,+4.28,-4.11*6E
$GPNVS,9,+10000000.000,+2.77261,+10000000.05,15,+0.019,+0.37,,+38.06,50.0,50.3,*61
$GPNVS,10,1,0,0,-50,-45,2,100,0.5,1,12,30,1,+2,1.0,20,+10,1,2,8000,,,,*55
$GPNVS,15,0,0,0000,2400,2400.00,00000000,0.00,0.00,0.00,0.00,+9999,999*48
$GPNVS,1,155000,031026,A,N,65,N,0x00000,0x03,0x00,1,N*2C
$GPNVS,2,155000,031026,0.00,0.00,0.00,0.00,0.00,0.00,0.00,0.00,*69
$GPNVS,3,155000,031026,0.00,0.00,0.00,0.00,,0.00,0,0,1,+38.06,*4F
$GPNVS,4,155000,031026,0.00,0.00,,,,,,,*6F
$GPNVS,5,155000,031026,5C9,0,0,+38.06,00000,00000,*29
$GPNVS,6,0,A,1,0x00000,0x03,,0x00,00,,0x00000,,*05
$GPNVS,7,155000,031026,A,72,0x00,3,-9,0,581458,+4.28,-4.11*7E
$GPNVS,9,+10000000.000,+2.77261,+9999999.949,15,+0.019,+0.37,,+38.06,50.0,49.0,*63
$GPNVS,10,1,0,0,-45,-45,2,100,0.5,1,12,30,1,+2,1.0,20,+10,1,2,8000,,,,*51
$GPNVS,15,0,0,0000,2400,2400.00,00000000,0.00,0.00,0.00,0.00,+9999,999*48
$GPNVS,1,155001,031026,A,N,65,N,0x00000,0x03,0x00,1,N*2D
$GPNVS,2,155001,031026,0.00,0.00,0.00,0.00,0.00,0.00,0.00,0.00,*68
$GPNVS,3,155001,031026,0.00,0.00,0.00,0.00,,0.00,0,0,1,+38.06,*4E
$GPNVS,4,155001,031026,0.00,0.00,,,,,,,*6E
$GPNVS,5,155001,031026,5C9,0,0,+38.06,00000,00000,*28
$GPNVS,6,0,A,1,0x00000,0x03,,0x00,00,,0x00000,,*05
$GPNVS,7,155001,031026,A,72,0x00,3,-9,0,581458,+4.27,-4.11*70
$GPNVS,9,+9999999.9989,+2.77261,+10000000.00,15,+0.019,+0.37,,+38.06,50.0,49.6,*60
$GPNVS,10,1,0,0,-45,-45,2,100,0.5,1,12,30,1,+2,1.0,20,+10,1,2,8000,,,,*51
$GPNVS,15,0,0,0000,2400,2400.00,00000000,0.00,0.00,0.00,0.00,+9999,999*48
$GPNVS,1,155002,031026,A,N,65,N,0x00000,0x03,0x00,1,N*2E
$GPNVS,2,155002,031026,0.00,0.00,0.00,0.00,0.00,0.00,0.00,0.00,*6B
$GPNVS,3,155002,031026,0.00,0.00,0.00,0.00,,0.00,0,0,1,+38.06,*4D
$GPNVS,4,155002,031026,0.00,0.00,,,,,,,*6D
$GPNVS,5,155002,031026,5C9,0,0,+38.06,00000,00000,*2B
$GPNVS,6,0,A,1,0x00000,0x03,,0x00,00,,0x00000,,*05
$GPNVS,7,155002,031026,A,72,0x00,3,-10,-1,581457,+4.27,-4.11*68
$GPNVS,9,+10000000.001,+2.77260,+10000000.05,15,+0.019,+0.37,,+38.06,50.0,49.6,*6C
$GPNVS,10,1,0,0,-50,-45,2,100,0.5,1,12,30,1,+1,1.0,20,+10,1,2,8000,,,,*56
$GPNVS,15,0,0,0000,2400,2400.00,00000000,0.00,0.00,0.00,0.00,+9999,999*48
$GPNVS,1,155003,031026,A,N,65,N,0x00000,0x03,0x00,1,N*2F
$GPNVS,2,155003,031026,0.00,0.00,0.00,0.00,0.00,0.00,0.00,0.00,*6A
$GPNVS,3,155003,031026,0.00,0.00,0.00,0.00,,0.00,0,0,1,+38.06,*4C
$GPNVS,4,155003,031026,0.00,0.00,,,,,,,*6C
$GPNVS,5,155003,031026,5C9,0,0,+38.06,00000,00000,*2A
$GPNVS,6,0,A,1,0x00000,0x03,,0x00,00,,0x00000,,*05
$GPNVS,7,155003,031026,A,72,0x00,3,-9,0,581457,+4.28,-4.11*72
$GPNVS,9,+9999999.9989,+2.77260,+9999999.949,15,+0.019,+0.37,,+38.06,50.0,50.0,*63
$GPNVS,10,1,0,0,-45,-45,2,100,0.5,1,12,30,1,+1,1.0,20,+10,1,2,8000,,,,*52
$GPNVS,15,0,0,0000,2400,2400.00,00000000,0.00,0.00,0.00,0.00,+9999,999*48
$GPNVS,1,155004,031026,A,N,65,N,0x00000,0x03,0x00,1,N*28
$GPNVS,2,155004,031026,0.00,0.00,0.00,0.00,0.00,0.00,0.00,0.00,*6D
$GPNVS,3,155004,031026,0.00,0.00,0.00,0.00,,0.00,0,0,1,+38.06,*4B
$GPNVS,4,155004,031026,0.00,0.00,,,,,,,*6B
$GPNVS,5,155004,031026,5C9,0,0,+38.06,00000,00000,*2D
$GPNVS,6,0,A,1,0x00000,0x03,,0x00,00,,0x00000,,*05
$GPNVS,7,155004,031026,A,72,0x00,3,-10,0,581457,+4.28,-4.11*4D
$GPNVS,9,+10000000.001,+2.77260,+10000000.05,15,+0.019,+0.37,,+38.06,50.0,50.0,*62
$GPNVS,10,1,0,0,-50,-45,2,100,0.5,1,12,30,1,+1,1.0,20,+10,1,2,8000,,,,*56
$GPNVS,15,0,0,0000,2400,2400.00,00000000,0.00,0.00,0.00,0.00,+9999,999*48
$GPNVS,1,155005,031026,A,N,65,N,0x00000,0x03,0x00,1,N*29
$GPNVS,2,155005,031026,0.00,0.00,0.00,0.00,0.00,0.00,0.00,0.00,*6C
$GPNVS,3,155005,031026,0.00,0.00,0.00,0.00,,0.00,0,0,1,+38.06,*4A
$GPNVS,4,155005,031026,0.00,0.00,,,,,,,*6A
$GPNVS,5,155005,031026,5C9,0,0,+38.06,00000,00000,*2C
$GPNVS,6,0,A,1,0x00000,0x03,,0x00,00,,0x00000,,*05
$GPNVS,7,155005,031026,A,72,0x00,3,-10,-1,581456,+4.28,-4.11*61
$GPNVS,9,+10000000.001,+2.77260,+10000000.00,15,+0.019,+0.37,,+38.06,50.0,50.9,*6E
$GPNVS,10,1,0,0,-50,-50,2,100,0.5,1,12,30,1,+0,1.0,20,+10,1,2,8000,,,,*53
$GPNVS,15,0,0,0000,2400,2400.00,00000000,0.00,0.00,0.00,0.00,+9999,999*48
$GPNVS,99,,,*5C
$GPNVS,1,155006,031026,A,N,65,N,0x00000,0x03,0x00,1,N*2A
$GPNVS,2,155006,031026,0.00,0.00,0.00,0.00,0.00,0.00,0.00,0.00,*6F
$GPNVS,3,155006,031026,0.00,0.00,0.00,0.00,,0.00,0,0,1,+38.06,*49
$GPNVS,4,155006,031026,0.00,0.00,,,,,,,*69
$GPNVS,5,155006,031026,5C9,0,0,+38.06,00000,00000,*2F
$GPNVS,6,0,A,1,0x00000,0x03,,0x00,00,,0x00000,,*05
$GPNVS,7,155006,031026,A,72,0x00,3,-9,0,581456,+4.28,-4.11*76
$GPNVS,9,+10000000.000,+2.77260,+9999999.949,15,+0.019,+0.37,,+38.06,50.0,50.6,*6C
$GPNVS,10,1,0,0,-45,-45,2,100,0.5,1,12,30,1,+0,1.0,20,+10,1,2,8000,,,,*53
$GPNVS,15,0,0,0000,2400,2400.00,00000000,0.00,0.00,0.00,0.00,+9999,999*48
$GPNVS,1,155007,031026,A,N,65,N,0x00000,0x03,0x00,1,N*2B
$GPNVS,2,155007,031026,0.00,0.00,0.00,0.00,0.00,0.00,0.00,0.00,*6E
$GPNVS,3,155007,031026,0.00,0.00,0.00,0.00,,0.00,0,0,1,+38.06,*48
$GPNVS,4,155007,031026,0.00,0.00,,,,,,,*68
$GPNVS,5,155007,031026,5C9,0,0,+38.06,00000,00000,*2E
$GPNVS,6,0,A,1,0x00000,0x03,,0x00,00,,0x00000,,*05
$GPNVS,7,155007,031026,A,72,0x00,3,-10,0,581456,+4.28,-4.11*4F
$GPNVS,9,+10000000.000,+2.77260,+10000000.05,15,+0.019,+0.37,,+38.06,50.0,50.3,*60
$GPNVS,10,1,0,0,-50,-45,2,100,0.5,1,12,30,1,-1,1.0,20,+10,1,2,8000,,,,*50
$GPNVS,15,0,0,0000,2400,2400.00,00000000,0.00,0.00,0.00,0.00,+9999,999*48
$GPNVS,1,155008,031026,A,N,65,N,0x00000,0x03,0x00,1,N*24
$GPNVS,2,155008,031026,0.00,0.00,0.00,0.00,0.00,0.00,0.00,0.00,*61
$GPNVS,3,155008,031026,0.00,0.00,0.00,0.00,,0.00,0,0,1,+38.06,*47
$GPNVS,4,155008,031026,0.00,0.00,,,,,,,*67
$GPNVS,5,155008,031026,5C9,0,0,+38.06,00000,00000,*21
$GPNVS,6,0,A,1,0x00000,0x03,,0x00,00,,0x00000,,*05
$GPNVS,7,155008,031026,A,72,0x00,3,-10,-1,581455,+4.28,-4.11*6F
$GPNVS,9,+10000000.000,+2.77259,+10000000.00,15,+0.019,+0.37,,+38.06,50.0,50.0,*6C
$GPNVS,10,1,0,0,-50,-50,2,100,0.5,1,12,30,1,-1,1.0,20,-10,1,2,8000,,,,*52
$GPNVS,15,0,0,0000,2400,2400.00,00000000,0.00,0.00,0.00,0.00,-9999,999*4E
$GPNVS,1,155009,031026,A,N,65,N,0x00000,0x03,0x00,1,N*25
$GPNVS,2,155009,031026,0.00,0.00,0.00,0.00,0.00,0.00,0.00,0.00,*60
$GPNVS,3,155009,031026,0.00,0.00,0.00,0.00,,0.00,0,0,1,+38.06,*46
$GPNVS,4,155009,031026,0.00,0.00,,,,,,,*66
$GPNVS,5,155009,031026,5C9,0,0,+38.06,00000,00000,*20
$GPNVS,6,0,A,1,0x00000,0x03,,0x00,00,,0x00000,,*05
$GPNVS,7,155009,031026,A,72,0x00,3,-10,0,581455,+4.27,-4.11*4D
$GPNVS,9,+10000000.001,+2.77259,+10000000.00,15,+0.019,+0.37,,+38.06,50.0,51.6,*6A
$GPNVS,10,1,0,0,-50,-50,2,100,0.5,1,12,30,1,-1,1.0,20,-10,1,2,8000,,,,*52
$GPNVS,15,0,0,0000,2400,2400.00,00000000,0.00,0.00,0.00,0.00,-9999,999*4E
$GPNVS,1,155010,031026,A,N,65,N,0x00000,0x03,0x00,1,N*2D
$GPNVS,2,155010,031026,0.00,0.00,0.00,0.00,0.00,0.00,0.00,0.00,*68
$GPNVS,3,155010,031026,0.00,0.00,0.00,0.00,,0.00,0,0,1,+38.06,*4E
$GPNVS,4,155010,031026,0.00,0.00,,,,,,,*6E
$GPNVS,5,155010,031026,5C9,0,0,+38.06,00000,00000,*28
$GPNVS,6,0,A,1,0x00000,0x03,,0x00,00,,0x00000,,*05
$GPNVS,7,155010,031026,A,72,0x00,3,-10,0,581455,+4.27,-4.11*45
$GPNVS,9,+10000000.000,+2.77259,+10000000.00,15,+0.019,+0.37,,+38.06,50.0,50.6,*6A
$GPNVS,10,1,0,0,-50,-50,2,100,0.5,1,12,30,1,-1,1.0,20,-10,1,2,8000,,,,*52
$GPNVS,15,0,0,0000,2400,2400.00,00000000,0.00,0.00,0.00,0.00,-9999,999*4E
$GPNVS,1,155011,031026,A,N,65,N,0x00000,0x03,0x00,1,N*2C
$GPNVS,2,155011,031026,0.00,0.00,0.00,0.00,0.00,0.00,0.00,0.00,*69
$GPNVS,3,155011,031026,0.00,0.00,0.00,0.00,,0.00,0,0,1,+38.06,*4F
$GPNVS,4,155011,031026,0.00,0.00,,,,,,,*6F
$GPNVS,5,155011,031026,5C9,0,0,+38.06,00000,00000,*29
$GPNVS,6,0,A,1,0x00000,0x03,,0x00,00,,0x00000,,*05
$GPNVS,7,155011,031026,A,72,0x00,3,-9,-1,581454,+4.27,-4.11*51
$GPNVS,9,+10000000.000,+2.77259,+9999999.949,15,+0.019,+0.37,,+38.06,50.0,49.0,*68
$GPNVS,10,1,0,0,-45,-45,2,100,0.5,1,12,30,1,-1,1.0,20,-10,1,2,8000,,,,*52
$GPNVS,15,0,0,0000,2400,2400.00,00000000,0.00,0.00,0.00,0.00,-9999,999*4E
$GPNVS,1,155012,031026,A,N,65,N,0x00000,0x03,0x00,1,N*2F
$GPNVS,2,155012,031026,0.00,0.00,0.00,0.00,0.00,0.00,0.00,0.00,*6A
$GPNVS,3,155012,031026,0.00,0.00,0.00,0.00,,0.00,0,0,1,+38.06,*4C
$GPNVS,4,155012,031026,0.00,0.00,,,,,,,*6C
$GPNVS,5,155012,031026,5C9,0,0,+38.06,00000,00000,*2A
$GPNVS,6,0,A,1,0x00000,0x03,,0x00,00,,0x00000,,*05
$GPNVS,7,155012,031026,A,72,0x00,3,-10,0,581454,+4.28,-4.11*49
$GPNVS,9,+10000000.000,+2.77259,+10000000.05,15,+0.019,+0.37,,+38.06,50.0,49.3,*62
$GPNVS,10,1,0,0,-50,-45,2,100,0.5,1,12,30,1,-1,1.0,20,-10,1,2,8000,,,,*56
$GPNVS,15,0,0,0000,2400,2400.00,00000000,0.00,0.00,0.00,0.00,-9999,999*4E
$GPNVS,1,155013,031026,A,N,65,N,0x00000,0x03,0x00,1,N*2E
$GPNVS,2,155013,031026,0.00,0.00,0.00,0.00,0.00,0.00,0.00,0.00,*6B
$GPNVS,3,155013,031026,0.00,0.00,0.00,0.00,,0.00,0,0,1,+38.06,*4D
$GPNVS,4,155013,031026,0.00,0.00,,,,,,,*6D
$GPNVS,5,155013,031026,5C9,0,0,+38.06,00000,00000,*2B
$GPNVS,6,0,A,1,0x00000,0x03,,0x00,00,,0x00000,,*05
$GPNVS,7,155013,031026,A,72,0x00,0,-9,0,581454,+4.28,-4.11*73
$GPNVS,9,+9999999.9989,+2.77259,+9999999.949,15,+0.019,+0.37,,+38.06,50.0,50.3,*6A
$GPNVS,10,1,0,0,-45,-45,2,100,0.5,1,6,30,1,-1,1.0,20,-10,1,2,8000,,,,*67
$GPNVS,15,0,0,0000,2400,2400.00,00000000,0.00,0.00,0.00,0.00,-9999,999*4E
$GPNVS,1,155014,031026,A,N,65,N,0x00000,0x03,0x00,1,N*29
$GPNVS,2,155014,031026,0.00,0.00,0.00,0.00,0.00,0.00,0.00,0.00,*6C
$GPNVS,3,155014,031026,0.00,0.00,0.00,0.00,,0.00,0,0,1,+37.74,*40
$GPNVS,4,155014,031026,0.00,0.00,,,,,,,*6A
$GPNVS,5,155014,031026,5C9,0,0,+37.74,00000,00000,*26
$GPNVS,6,0,A,1,0x00000,0x03,,0x00,00,,0x00000,,*05
$GPNVS,7,155014,031026,A,72,0x00,0,-10,-1,581453,+4.27,-4.11*68
$GPNVS,9,+10000000.000,+2.77258,+10000000.05,15,+0.019,+0.37,,+37.74,50.0,50.0,*62
$GPNVS,10,1,0,0,-50,-45,2,100,0.5,1,6,30,1,-1,1.0,20,-10,1,2,8000,,,,*63
$GPNVS,15,0,0,0000,2400,2400.00,00000000,0.00,0.00,0.00,0.00,-9999,999*4E
$GPNVS,1,155015,031026,A,N,65,N,0x00000,0x03,0x00,1,N*28
$GPNVS,2,155015,031026,0.00,0.00,0.00,0.00,0.00,0.00,0.00,0.00,*6D
$GPNVS,3,155015,031026,0.00,0.00,0.00,0.00,,0.00,0,0,1,+38.06,*4B
$GPNVS,4,155015,031026,0.00,0.00,,,,,,,*6B
$GPNVS,5,155015,031026,5C9,0,0,+38.06,00000,00000,*2D
$GPNVS,6,0,A,1,0x00000,0x03,,0x00,00,,0x00000,,*05
$GPNVS,7,155015,031026,A,72,0x00,0,-10,0,581453,+4.27,-4.11*45
$GPNVS,9,+10000000.000,+2.77258,+10000000.00,15,+0.019,+0.37,,+38.06,50.0,49.6,*63
$GPNVS,10,1,0,0,-50,-50,2,100,0.5,1,6,30,1,-1,1.0,20,-10,1,2,8000,,,,*67
$GPNVS,15,0,0,0000,2400,2400.00,00000000,0.00,0.00,0.00,0.00,-9999,999*4E
$GPNVS,1,155016,031026,A,N,65,N,0x00000,0x03,0x00,1,N*2B
$GPNVS,2,155016,031026,0.00,0.00,0.00,0.00,0.00,0.00,0.00,0.00,*6E
$GPNVS,3,155016,031026,0.00,0.00,0.00,0.00,,0.00,0,0,1,+37.74,*42
$GPNVS,4,155016,031026,0.00,0.00,,,,,,,*68
$GPNVS,5,155016,031026,5C9,0,0,+37.74,00000,00000,*24
$GPNVS,6,0,A,1,0x00000,0x03,,0x00,00,,0x00000,,*05
$GPNVS,7,155016,031026,A,72,0x00,0,-9,0,581453,+4.28,-4.11*71
$GPNVS,9,+9999999.9979,+2.77258,+9999999.949,15,+0.019,+0.37,,+37.74,50.0,50.0,*6D
$GPNVS,10,1,0,0,-45,-45,2,100,0.5,1,6,30,1,-1,1.0,20,-10,1,2,8000,,,,*67
$GPNVS,15,0,0,0000,2400,2400.00,00000000,0.00,0.00,0.00,0.00,-9999,999*4E
$GPNVS,1,155017,031026,A,N,65,N,0x00000,0x03,0x00,1,N*2A
$GPNVS,2,155017,031026,0.00,0.00,0.00,0.00,0.00,0.00,0.00,0.00,*6F
$GPNVS,3,155017,031026,0.00,0.00,0.00,0.00,,0.00,0,0,1,+37.74,*43
$GPNVS,4,155017,031026,0.00,0.00,,,,,,,*69
$GPNVS,5,155017,031026,5C9,0,0,+37.74,00000,00000,*25
$GPNVS,6,0,A,1,0x00000,0x03,,0x00,00,,0x00000,,*05
$GPNVS,7,155017,031026,A,72,0x00,0,-11,-1,581452,+4.28,-4.11*64
$GPNVS,9,+10000000.001,+2.77258,+10000000.09,15,+0.019,+0.37,,+37.74,50.0,49.6,*61
$GPNVS,10,1,0,0,-55,-50,2,100,0.5,1,6,30,1,-1,1.0,20,-10,1,2,8000,,,,*62
$GPNVS,15,0,0,0000,2400,2400.00,00000000,0.00,0.00,0.00,0.00,-9999,999*4E
$GPNVS,1,155018,031026,A,N,65,N,0x00000,0x03,0x00,1,N*25
$GPNVS,2,155018,031026,0.00,0.00,0.00,0.00,0.00,0.00,0.00,0.00,*60
$GPNVS,3,155018,031026,0.00,0.00,0.00,0.00,,0.00,0,0,1,+38.06,*46
$GPNVS,4,155018,031026,0.00,0.00,,,,,,,*66
$GPNVS,5,155018,031026,5C9,0,0,+38.06,00000,00000,*20
$GPNVS,6,0,A,1,0x00000,0x03,,0x00,00,,0x00000,,*05
$GPNVS,7,155018,031026,A,72,0x00,0,-10,0,581452,+4.27,-4.11*49
$GPNVS,9,+10000000.001,+2.77258,+9999999.949,15,+0.019,+0.37,,+38.06,50.0,49.3,*6B
$GPNVS,10,1,0,0,-50,-50,2,100,0.5,1,6,30,1,+0,1.0,20,-10,1,2,8000,,,,*60
$GPNVS,15,0,0,0000,2400,2400.00,00000000,0.00,0.00,0.00,0.00,-9999,999*4E
$GPNVS,1,155019,031026,A,N,65,N,0x00000,0x03,0x00,1,N*24
$GPNVS,2,155019,031026,0.00,0.00,0.00,0.00,0.00,0.00,0.00,0.00,*61
$GPNVS,3,155019,031026,0.00,0.00,0.00,0.00,,0.00,0,0,1,+37.74,*4D
$GPNVS,4,155019,031026,0.00,0.00,,,,,,,*67
$GPNVS,5,155019,031026,5C9,0,0,+37.74,00000,00000,*2B
$GPNVS,6,0,A,1,0x00000,0x03,,0x00,00,,0x00000,,*05
$GPNVS,7,155019,031026,A,72,0x00,0,-10,-1,581451,+4.28,-4.11*68
$GPNVS,9,+10000000.000,+2.77257,+10000000.00,15,+0.019,+0.37,,+37.74,50.0,49.0,*60
$GPNVS,10,1,0,0,-50,-50,2,100,0.5,1,6,30,1,-1,1.0,20,+6,1,2,8000,,,,*56
$GPNVS,15,0,0,0000,2400,2400.00,00000000,0.00,0.00,0.00,0.00,+9999,999*48
$GPNVS,1,155020,031026,A,N,65,N,0x00000,0x03,0x00,1,N*2E
$GPNVS,2,155020,031026,0.00,0.00,0.00,0.00,0.00,0.00,0.00,0.00,*6B
$GPNVS,3,155020,031026,0.00,0.00,0.00,0.00,,0.00,0,0,1,+37.74,*47
$GPNVS,4,155020,031026,0.00,0.00,,,,,,,*6D
$GPNVS,5,155020,031026,5C9,0,0,+37.74,00000,00000,*21
$GPNVS,6,0,A,1,0x00000,0x03,,0x00,00,,0x00000,,*05
$GPNVS,7,155020,031026,A,72,0x00,0,-10,0,581451,+4.28,-4.11*4E
$GPNVS,9,+10000000.000,+2.77257,+10000000.00,15,+0.019,+0.37,,+37.74,50.0,49.6,*66
$GPNVS,10,1,0,0,-50,-50,2,100,0.5,1,6,30,1,+0,1.0,20,+6,1,2,8000,,,,*51
$GPNVS,15,0,0,0000,2400,2400.00,00000000,0.00,0.00,0.00,0.00,+9999,999*48
$GPNVS,99,,,*5C
$GPNVS,1,155021,031026,A,N,65,N,0x00000,0x03,0x00,1,N*2F
$GPNVS,2,155021,031026,0.00,0.00,0.00,0.00,0.00,0.00,0.00,0.00,*6A
$GPNVS,3,155021,031026,0.00,0.00,0.00,0.00,,0.00,0,0,1,+37.74,*46
$GPNVS,4,155021,031026,0.00,0.00,,,,,,,*6C
$GPNVS,5,155021,031026,5C9,0,0,+37.74,00000,00000,*20
$GPNVS,6,0,A,1,0x00000,0x03,,0x00,00,,0x00000,,*05
$GPNVS,7,155021,031026,A,72,0x00,0,-11,-1,581450,+4.27,-4.11*6C
$GPNVS,9,+10000000.000,+2.77257,+10000000.05,15,+0.019,+0.37,,+37.74,50.0,50.0,*6D
$GPNVS,10,1,0,0,-55,-50,2,100,0.5,1,6,30,1,+0,1.0,20,+6,1,2,8000,,,,*54
$GPNVS,15,0,0,0000,2400,2400.00,00000000,0.00,0.00,0.00,0.00,+9999,999*48
$GPNVS,1,155022,031026,A,N,65,N,0x00000,0x03,0x00,1,N*2C
$GPNVS,2,155022,031026,0.00,0.00,0.00,0.00,0.00,0.00,0.00,0.00,*69
$GPNVS,3,155022,031026,0.00,0.00,0.00,0.00,,0.00,0,0,1,+37.74,*45
$GPNVS,4,155022,031026,0.00,0.00,,,,,,,*6F
$GPNVS,5,155022,031026,5C9,0,0,+37.74,00000,00000,*23
$GPNVS,6,0,A,1,0x00000,0x03,,0x00,00,,0x00000,,*05
$GPNVS,7,155022,031026,A,72,0x00,0,-11,0,581450,+4.27,-4.11*43
$GPNVS,9,+10000000.001,+2.77257,+10000000.00,15,+0.019,+0.37,,+37.74,50.0,49.0,*61
$GPNVS,10,1,0,0,-55,-55,2,100,0.5,1,6,30,1,+0,1.0,20,+6,1,2,8000,,,,*51
$GPNVS,15,0,0,0000,2400,2400.00,00000000,0.00,0.00,0.00,0.00,+9999,999*48
$GPNVS,1,155023,031026,A,N,65,N,0x00000,0x03,0x00,1,N*2D
$GPNVS,2,155023,031026,0.00,0.00,0.00,0.00,0.00,0.00,0.00,0.00,*68
$GPNVS,3,155023,031026,0.00,0.00,0.00,0.00,,0.00,0,0,1,+38.06,*4E
$GPNVS,4,155023,031026,0.00,0.00,,,,,,,*6E
$GPNVS,5,155023,031026,5C9,0,0,+38.06,00000,00000,*28
$GPNVS,6,0,A,1,0x00000,0x03,,0x00,00,,0x00000,,*05
$GPNVS,7,155023,031026,A,72,0x00,0,-10,-1,581449,+4.27,-4.11*67
$GPNVS,9,+9999999.9989,+2.77256,+9999999.949,15,+0.019,+0.37,,+38.06,50.0,50.0,*66
$GPNVS,10,1,0,0,-50,-50,2,100,0.5,1,6,30,1,+0,1.0,20,+6,1,2,8000,,,,*51
$GPNVS,15,0,0,0000,2400,2400.00,00000000,0.00,0.00,0.00,0.00,+9999,999*48
$GPNVS,1,155024,031026,A,N,65,N,0x00000,0x03,0x00,1,N*2A
$GPNVS,2,155024,031026,0.00,0.00,0.00,0.00,0.00,0.00,0.00,0.00,*6F
$GPNVS,3,155024,031026,0.00,0.00,0.00,0.00,,0.00,0,0,1,+38.06,*49
$GPNVS,4,155024,031026,0.00,0.00,,,,,,,*69
$GPNVS,5,155024,031026,5C9,0,0,+38.06,00000,00000,*2F
$GPNVS,6,0,A,1,0x00000,0x03,,0x00,00,,0x00000,,*05
$GPNVS,7,155024,031026,A,72,0x00,0,-10,0,581449,+4.27,-4.11*4C
$GPNVS,9,+10000000.000,+2.77256,+10000000.00,15,+0.019,+0.37,,+38.06,50.0,50.6,*65
$GPNVS,10,1,0,0,-50,-50,2,100,0.5,1,6,30,1,+0,1.0,20,+6,1,2,8000,,,,*51
$GPNVS,15,0,0,0000,2400,2400.00,00000000,0.00,0.00,0.00,0.00,+9999,999*48
$GPNVS,1,155025,031026,A,N,65,N,0x00000,0x03,0x00,1,N*2B
$GPNVS,2,155025,031026,0.00,0.00,0.00,0.00,0.00,0.00,0.00,0.00,*6E
$GPNVS,3,155025,031026,0.00,0.00,0.00,0.00,,0.00,0,0,1,+38.06,*48
$GPNVS,4,155025,031026,0.00,0.00,,,,,,,*68
$GPNVS,5,155025,031026,5C9,0,0,+38.06,00000,00000,*2E
$GPNVS,6,0,A,1,0x00000,0x03,,0x00,00,,0x00000,,*05
$GPNVS,7,155025,031026,A,72,0x00,0,-11,0,581449,+4.27,-4.11*4C
$GPNVS,9,+10000000.000,+2.77256,+10000000.05,15,+0.019,+0.37,,+38.06,50.0,50.0,*66
$GPNVS,10,1,0,0,-55,-50,2,100,0.5,1,6,30,1,+0,1.0,20,+6,1,2,8000,,,,*54
$GPNVS,15,0,0,0000,2400,2400.00,00000000,0.00,0.00,0.00,0.00,+9999,999*48
$GPNVS,1,155026,031026,A,N,65,N,0x00000,0x03,0x00,1,N*28
$GPNVS,2,155026,031026,0.00,0.00,0.00,0.00,0.00,0.00,0.00,0.00,*6D
$GPNVS,3,155026,031026,0.00,0.00,0.00,0.00,,0.00,0,0,1,+38.06,*4B
$GPNVS,4,155026,031026,0.00,0.00,,,,,,,*6B
$GPNVS,5,155026,031026,5C9,0,0,+38.06,00000,00000,*2D
$GPNVS,6,0,A,1,0x00000,0x03,,0x00,00,,0x00000,,*05
$GPNVS,7,155026,031026,A,72,0x00,0,-11,-1,581448,+4.27,-4.11*62
$GPNVS,9,+10000000.001,+2.77256,+10000000.00,15,+0.019,+0.37,,+38.06,50.0,50.0,*62
$GPNVS,10,1,0,0,-55,-55,2,100,0.5,1,6,30,1,-1,1.0,20,+6,1,2,8000,,,,*56
$GPNVS,15,0,0,0000,2400,2400.00,00000000,0.00,0.00,0.00,0.00,+9999,999*48
$GPNVS,1,155027,031026,A,N,65,N,0x00000,0x03,0x00,1,N*29
$GPNVS,2,155027,031026,0.00,0.00,0.00,0.00,0.00,0.00,0.00,0.00,*6C
$GPNVS,3,155027,031026,0.00,0.00,0.00,0.00,,0.00,0,0,1,+38.06,*4A
$GPNVS,4,155027,031026,0.00,0.00,,,,,,,*6A
$GPNVS,5,155027,031026,5C9,0,0,+38.06,00000,00000,*2C
$GPNVS,6,0,A,1,0x00000,0x03,,0x00,00,,0x00000,,*05
$GPNVS,7,155027,031026,A,72,0x00,0,-10,0,581448,+4.27,-4.11*4E
$GPNVS,9,+9999999.9989,+2.77256,+9999999.949,15,+0.019,+0.37,,+38.06,50.0,50.3,*65
$GPNVS,10,1,0,0,-50,-50,2,100,0.5,1,6,30,1,-1,1.0,20,+6,1,2,8000,,,,*56
$GPNVS,15,0,0,0000,2400,2400.00,00000000,0.00,0.00,0.00,0.00,+9999,999*48
$GPNVS,1,155028,031026,A,N,65,N,0x00000,0x03,0x00,1,N*26
$GPNVS,2,155028,031026,0.00,0.00,0.00,0.00,0.00,0.00,0.00,0.00,*63
$GPNVS,3,155028,031026,0.00,0.00,0.00,0.00,,0.00,0,0,1,+37.74,*4F
$GPNVS,4,155028,031026,0.00,0.00,,,,,,,*65
$GPNVS,5,155028,031026,5C9,0,0,+37.74,00000,00000,*29
$GPNVS,6,0,A,1,0x00000,0x03,,0x00,00,,0x00000,,*05
$GPNVS,7,155028,031026,A,72,0x00,-3,-10,-1,581447,+4.27,-4.11*4C
$GPNVS,9,+9999999.9979,+2.77255,+10000000.00,15,+0.019,+0.37,,+37.74,50.0,50.0,*6C
$GPNVS,10,1,0,0,-50,-50,2,100,0.5,1,5,30,1,+0,1.0,20,+6,1,2,8000,,,,*52
$GPNVS,15,0,0,0000,2400,2400.00,00000000,0.00,0.00,0.00,0.00,+9999,999*48
$GPNVS,1,155029,031026,A,N,65,N,0x00000,0x03,0x00,1,N*27
$GPNVS,2,155029,031026,0.00,0.00,0.00,0.00,0.00,0.00,0.00,0.00,*62
$GPNVS,3,155029,031026,0.00,0.00,0.00,0.00,,0.00,0,0,1,+37.74,*4E
$GPNVS,4,155029,031026,0.00,0.00,,,,,,,*64
$GPNVS,5,155029,031026,5C9,0,0,+37.74,00000,00000,*28
$GPNVS,6,0,A,1,0x00000,0x03,,0x00,00,,0x00000,,*05
$GPNVS,7,155029,031026,A,72,0x00,-3,-11,0,581447,+4.28,-4.11*6F
$GPNVS,9,+10000000.000,+2.77255,+10000000.05,15,+0.019,+0.37,,+37.74,50.0,50.0,*6F
$GPNVS,10,1,0,0,-55,-50,2,100,0.5,1,5,30,1,+0,1.0,20,+6,1,2,8000,,,,*57
$GPNVS,15,0,0,0000,2400,2400.00,00000000,0.00,0.00,0.00,0.00,+9999,999*48
$GPNVS,1,155030,031026,A,N,65,N,0x00000,0x03,0x00,1,N*2F
$GPNVS,2,155030,031026,0.00,0.00,0.00,0.00,0.00,0.00,0.00,0.00,*6A
$GPNVS,3,155030,031026,0.00,0.00,0.00,0.00,,0.00,0,0,1,+37.74,*46
$GPNVS,4,155030,031026,0.00,0.00,,,,,,,*6C
$GPNVS,5,155030,031026,5C9,0,0,+37.74,00000,00000,*20
$GPNVS,6,0,A,1,0x00000,0x03,,0x00,00,,0x00000,,*05
$GPNVS,7,155030,031026,A,72,0x00,-3,-11,-1,581446,+4.28,-4.11*4A
$GPNVS,9,+10000000.000,+2.77255,+10000000.00,15,+0.019,+0.37,,+37.74,50.0,50.0,*6A
$GPNVS,10,1,0,0,-55,-55,2,100,0.5,1,5,30,1,-1,1.0,20,-14,1,2,8000,,,,*60
$GPNVS,15,0,0,0000,2400,2400.00,00000000,0.00,0.00,0.00,0.00,-9999,999*4E
$GPNVS,1,155031,031026,A,N,65,N,0x00000,0x03,0x00,1,N*2E
$GPNVS,2,155031,031026,0.00,0.00,0.00,0.00,0.00,0.00,0.00,0.00,*6B
$GPNVS,3,155031,031026,0.00,0.00,0.00,0.00,,0.00,0,0,1,+37.74,*47
$GPNVS,4,155031,031026,0.00,0.00,,,,,,,*6D
$GPNVS,5,155031,031026,5C9,0,0,+37.74,00000,00000,*21
$GPNVS,6,0,A,1,0x00000,0x03,,0x00,00,,0x00000,,*05
$GPNVS,7,155031,031026,A,72,0x00,-3,-10,0,581446,+4.28,-4.11*66
$GPNVS,9,+9999999.9989,+2.77255,+9999999.949,15,+0.019,+0.37,,+37.74,50.0,50.6,*69
$GPNVS,10,1,0,0,-50,-50,2,100,0.5,1,5,30,1,-1,1.0,20,-14,1,2,8000,,,,*60
$GPNVS,15,0,0,0000,2400,2400.00,00000000,0.00,0.00,0.00,0.00,-9999,999*4E
$GPNVS,1,155032,031026,A,N,65,N,0x00000,0x03,0x00,1,N*2D
$GPNVS,2,155032,031026,0.00,0.00,0.00,0.00,0.00,0.00,0.00,0.00,*68
$GPNVS,3,155032,031026,0.00,0.00,0.00,0.00,,0.00,0,0,1,+38.06,*4E
$GPNVS,4,155032,031026,0.00,0.00,,,,,,,*6E
$GPNVS,5,155032,031026,5C9,0,0,+38.06,00000,00000,*28
$GPNVS,6,0,A,1,0x00000,0x03,,0x00,00,,0x00000,,*05
$GPNVS,7,155032,031026,A,72,0x00,-3,-10,-1,581445,+4.27,-4.11*45
$GPNVS,9,+9999999.9989,+2.77254,+10000000.00,15,+0.019,+0.37,,+38.06,50.0,49.0,*60
$GPNVS,10,1,0,0,-50,-50,2,100,0.5,1,5,30,1,+0,1.0,20,-14,1,2,8000,,,,*67
$GPNVS,15,0,0,0000,2400,2400.00,00000000,0.00,0.00,0.00,0.00,-9999,999*4E
$GPNVS,1,155033,031026,A,N,65,N,0x00000,0x03,0x00,1,N*2C
$GPNVS,2,155033,031026,0.00,0.00,0.00,0.00,0.00,0.00,0.00,0.00,*69
$GPNVS,3,155033,031026,0.00,0.00,0.00,0.00,,0.00,0,0,1,+37.74,*45
$GPNVS,4,155033,031026,0.00,0.00,,,,,,,*6F
$GPNVS,5,155033,031026,5C9,0,0,+37.74,00000,00000,*23
$GPNVS,6,0,A,1,0x00000,0x03,,0x00,00,,0x00000,,*05
$GPNVS,7,155033,031026,A,72,0x00,-3,-11,0,581445,+4.27,-4.11*69
$GPNVS,9,+10000000.001,+2.77254,+10000000.05,15,+0.019,+0.37,,+37.74,50.0,50.6,*69
$GPNVS,10,1,0,0,-55,-50,2,100,0.5,1,5,30,1,+0,1.0,20,-14,1,2,8000,,,,*62
$GPNVS,15,0,0,0000,2400,2400.00,00000000,0.00,0.00,0.00,0.00,-9999,999*4E
$GPNVS,1,155034,031026,A,N,65,N,0x00000,0x03,0x00,1,N*2B
$GPNVS,2,155034,031026,0.00,0.00,0.00,0.00,0.00,0.00,0.00,0.00,*6E
$GPNVS,3,155034,031026,0.00,0.00,0.00,0.00,,0.00,0,0,1,+37.74,*42
$GPNVS,4,155034,031026,0.00,0.00,,,,,,,*68
$GPNVS,5,155034,031026,5C9,0,0,+37.74,00000,00000,*24
$GPNVS,6,0,A,1,0x00000,0x03,,0x00,00,,0x00000,,*05
$GPNVS,7,155034,031026,A,72,0x00,-3,-11,-1,581444,+4.28,-4.11*4C
$GPNVS,9,+10000000.000,+2.77254,+10000000.00,15,+0.019,+0.37,,+37.74,50.0,50.6,*6D
$GPNVS,10,1,0,0,-55,-55,2,100,0.5,1,5,30,1,-1,1.0,20,-14,1,2,8000,,,,*60
$GPNVS,15,0,0,0000,2400,2400.00,00000000,0.00,0.00,0.00,0.00,-9999,999*4E
$GPNVS,1,155035,031026,A,N,65,N,0x00000,0x03,0x00,1,N*2A
$GPNVS,2,155035,031026,0.00,0.00,0.00,0.00,0.00,0.00,0.00,0.00,*6F
$GPNVS,3,155035,031026,0.00,0.00,0.00,0.00,,0.00,0,0,1,+37.74,*43
$GPNVS,4,155035,031026,0.00,0.00,,,,,,,*69
$GPNVS,5,155035,031026,5C9,0,0,+37.74,00000,00000,*25
$GPNVS,6,0,A,1,0x00000,0x03,,0x00,00,,0x00000,,*05
$GPNVS,7,155035,031026,A,72,0x00,-3,-10,0,581444,+4.27,-4.11*6F
$GPNVS,9,+10000000.000,+2.77254,+9999999.949,15,+0.019,+0.37,,+37.74,50.0,50.3,*64
$GPNVS,10,1,0,0,-50,-50,2,100,0.5,1,5,30,1,-1,1.0,20,-14,1,2,8000,,,,*60
$GPNVS,15,0,0,0000,2400,2400.00,00000000,0.00,0.00,0.00,0.00,-9999,999*4E
$GPNVS,99,,,*5C
$GPNVS,1,155036,031026,A,N,65,N,0x00000,0x03,0x00,1,N*29
$GPNVS,2,155036,031026,0.00,0.00,0.00,0.00,0.00,0.00,0.00,0.00,*6C
$GPNVS,3,155036,031026,0.00,0.00,0.00,0.00,,0.00,0,0,1,+38.06,*4A
$GPNVS,4,155036,031026,0.00,0.00,,,,,,,*6A
$GPNVS,5,155036,031026,5C9,0,0,+38.06,00000,00000,*2C
$GPNVS,6,0,A,1,0x00000,0x03,,0x00,00,,0x00000,,*05
$GPNVS,7,155036,031026,A,72,0x00,-3,-11,-1,581443,+4.28,-4.11*49
$GPNVS,9,+10000000.000,+2.77253,+10000000.05,15,+0.019,+0.37,,+38.06,50.0,49.3,*68
$GPNVS,10,1,0,0,-55,-50,2,100,0.5,1,5,30,1,-1,1.0,20,-14,1,2,8000,,,,*65
$GPNVS,15,0,0,0000,2400,2400.00,00000000,0.00,0.00,0.00,0.00,-9999,999*4E
$GPNVS,1,155037,031026,A,N,65,N,0x00000,0x03,0x00,1,N*28
$GPNVS,2,155037,031026,0.00,0.00,0.00,0.00,0.00,0.00,0.00,0.00,*6D
$GPNVS,3,155037,031026,0.00,0.00,0.00,0.00,,0.00,0,0,1,+37.74,*41
$GPNVS,4,155037,031026,0.00,0.00,,,,,,,*6B
$GPNVS,5,155037,031026,5C9,0,0,+37.74,00000,00000,*27
$GPNVS,6,0,A,1,0x00000,0x03,,0x00,00,,0x00000,,*05
$GPNVS,7,155037,031026,A,72,0x00,-3,-11,0,581443,+4.27,-4.11*6B
$GPNVS,9,+10000000.000,+2.77253,+10000000.00,15,+0.019,+0.37,,+37.74,50.0,49.0,*64
$GPNVS,10,1,0,0,-55,-55,2,100,0.5,1,5,30,1,-1,1.0,20,-14,1,2,8000,,,,*60
$GPNVS,15,0,0,0000,2400,2400.00,00000000,0.00,0.00,0.00,0.00,-9999,999*4E
$GPNVS,1,155038,031026,A,N,65,N,0x00000,0x03,0x00,1,N*27
$GPNVS,2,155038,031026,0.00,0.00,0.00,0.00,0.00,0.00,0.00,0.00,*62
$GPNVS,3,155038,031026,0.00,0.00,0.00,0.00,,0.00,0,0,1,+37.74,*4E
$GPNVS,4,155038,031026,0.00,0.00,,,,,,,*64
$GPNVS,5,155038,031026,5C9,0,0,+37.74,00000,00000,*28
$GPNVS,6,0,A,1,0x00000,0x03,,0x00,00,,0x00000,,*05
$GPNVS,7,155038,031026,A,72,0x00,-3,-10,-1,581442,+4.28,-4.11*47
$GPNVS,9,+10000000.000,+2.77253,+9999999.949,15,+0.019,+0.37,,+37.74,50.0,50.3,*63
$GPNVS,10,1,0,0,-50,-50,2,100,0.5,1,5,30,1,-1,1.0,20,-14,1,2,8000,,,,*60
$GPNVS,15,0,0,0000,2400,2400.00,00000000,0.00,0.00,0.00,0.00,-9999,999*4E
$GPNVS,1,155039,031026,A,N,65,N,0x00000,0x03,0x00,1,N*26
$GPNVS,2,155039,031026,0.00,0.00,0.00,0.00,0.00,0.00,0.00,0.00,*63
$GPNVS,3,155039,031026,0.00,0.00,0.00,0.00,,0.00,0,0,1,+38.06,*45
$GPNVS,4,155039,031026,0.00,0.00,,,,,,,*65
$GPNVS,5,155039,031026,5C9,0,0,+38.06,00000,00000,*23
$GPNVS,6,0,A,1,0x00000,0x03,,0x00,00,,0x00000,,*05
$GPNVS,7,155039,031026,A,72,0x00,-3,-10,0,581442,+4.28,-4.11*6A
$GPNVS,9,+10000000.000,+2.77253,+10000000.00,15,+0.019,+0.37,,+38.06,50.0,50.6,*60
$GPNVS,10,1,0,0,-50,-50,2,100,0.5,1,5,30,1,+0,1.0,20,-14,1,2,8000,,,,*67
$GPNVS,15,0,0,0000,2400,2400.00,00000000,0.00,0.00,0.00,0.00,-9999,999*4E
$GPNVS,1,155040,031026,A,N,65,N,0x00000,0x03,0x00,1,N*28
$GPNVS,2,155040,031026,0.00,0.00,0.00,0.00,0.00,0.00,0.00,0.00,*6D
$GPNVS,3,155040,031026,0.00,0.00,0.00,0.00,,0.00,0,0,1,+38.06,*4B
$GPNVS,4,155040,031026,0.00,0.00,,,,,,,*6B
$GPNVS,5,155040,031026,5C9,0,0,+38.06,00000,00000,*2D
$GPNVS,6,0,A,1,0x00000,0x03,,0x00,00,,0x00000,,*05
$GPNVS,7,155040,031026,A,72,0x00,-3,-11,-1,581441,+4.28,-4.11*4A
$GPNVS,9,+10000000.002,+2.77252,+10000000.05,15,+0.019,+0.37,,+38.06,50.0,49.6,*6E
$GPNVS,10,1,0,0,-55,-50,2,100,0.5,1,5,30,1,+0,1.0,20,-14,1,2,8000,,,,*62
$GPNVS,15,0,0,0000,2400,2400.00,00000000,0.00,0.00,0.00,0.00,+9999,999*48
$GPNVS,1,155041,031026,A,N,65,N,0x00000,0x03,0x00,1,N*29
$GPNVS,2,155041,031026,0.00,0.00,0.00,0.00,0.00,0.00,0.00,0.00,*6C
$GPNVS,3,155041,031026,0.00,0.00,0.00,0.00,,0.00,0,0,1,+38.06,*4A
$GPNVS,4,155041,031026,0.00,0.00,,,,,,,*6A
$GPNVS,5,155041,031026,5C9,0,0,+38.06,00000,00000,*2C
$GPNVS,6,0,A,1,0x00000,0x03,,0x00,00,,0x00000,,*05
$GPNVS,7,155041,031026,A,72,0x00,-3,-10,0,581441,+4.28,-4.11*66
$GPNVS,9,+10000000.002,+2.77252,+9999999.949,15,+0.019,+0.37,,+38.06,50.0,49.3,*62
$GPNVS,10,1,0,0,-50,-50,2,100,0.5,1,5,30,1,+0,1.0,20,+2,1,2,8000,,,,*56
$GPNVS,15,0,0,0000,2400,2400.00,00000000,0.00,0.00,0.00,0.00,+9999,999*48
$GPNVS,1,155042,031026,A,N,65,N,0x00000,0x03,0x00,1,N*2A
$GPNVS,2,155042,031026,0.00,0.00,0.00,0.00,0.00,0.00,0.00,0.00,*6F
$GPNVS,3,155042,031026,0.00,0.00,0.00,0.00,,0.00,0,0,1,+37.74,*43
$GPNVS,4,155042,031026,0.00,0.00,,,,,,,*69
$GPNVS,5,155042,031026,5C9,0,0,+37.74,00000,00000,*25
$GPNVS,6,0,A,1,0x00000,0x03,,0x00,00,,0x00000,,*05
$GPNVS,7,155042,031026,A,72,0x00,-3,-10,-1,581440,+4.28,-4.11*48
$GPNVS,9,+10000000.001,+2.77252,+10000000.00,15,+0.019,+0.37,,+37.74,50.0,50.6,*6A
$GPNVS,10,1,0,0,-50,-50,2,100,0.5,1,5,30,1,+0,1.0,20,+2,1,2,8000,,,,*56
$GPNVS,15,0,0,0000,2400,2400.00,00000000,0.00,0.00,0.00,0.00,+9999,999*48
$GPNVS,1,155043,031026,A,N,65,N,0x00000,0x03,0x00,1,N*2B
$GPNVS,2,155043,031026,0.00,0.00,0.00,0.00,0.00,0.00,0.00,0.00,*6E
$GPNVS,3,155043,031026,0.00,0.00,0.00,0.00,,0.00,0,0,1,+38.06,*48
$GPNVS,4,155043,031026,0.00,0.00,,,,,,,*68
$GPNVS,5,155043,031026,5C9,0,0,+38.06,00000,00000,*2E
$GPNVS,6,0,A,1,0x00000,0x03,,0x00,00,,0x00000,,*05
$GPNVS,7,155043,031026,A,72,0x00,-3,-11,0,581440,+4.28,-4.11*64
$GPNVS,9,+10000000.002,+2.77252,+10000000.05,15,+0.019,+0.37,,+38.06,50.0,49.6,*6E
$GPNVS,10,1,0,0,-55,-50,2,100,0.5,1,5,30,1,+1,1.0,20,+2,1,2,8000,,,,*52
$GPNVS,15,0,0,0000,2400,2400.00,00000000,0.00,0.00,0.00,0.00,+9999,999*48
$GPNVS,1,155044,031026,A,N,65,N,0x00000,0x03,0x00,1,N*2C
$GPNVS,2,155044,031026,0.00,0.00,0.00,0.00,0.00,0.00,0.00,0.00,*69
$GPNVS,3,155044,031026,0.00,0.00,0.00,0.00,,0.00,0,0,1,+37.74,*45
$GPNVS,4,155044,031026,0.00,0.00,,,,,,,*6F
$GPNVS,5,155044,031026,5C9,0,0,+37.74,00000,00000,*23
$GPNVS,6,0,A,1,0x00000,0x03,,0x00,00,,0x00000,,*05
$GPNVS,7,155044,031026,A,72,0x00,-3,-11,-1,581439,+4.28,-4.11*41
$GPNVS,9,+10000000.002,+2.77251,+10000000.00,15,+0.019,+0.37,,+37.74,50.0,50.0,*6C
$GPNVS,10,1,0,0,-55,-55,2,100,0.5,1,5,30,1,+1,1.0,20,+2,1,2,8000,,,,*57
$GPNVS,15,0,0,0000,2400,2400.00,00000000,0.00,0.00,0.00,0.00,+9999,999*48
$GPNVS,1,155045,031026,A,N,65,N,0x00000,0x03,0x00,1,N*2D
$GPNVS,2,155045,031026,0.00,0.00,0.00,0.00,0.00,0.00,0.00,0.00,*68
$GPNVS,3,155045,031026,0.00,0.00,0.00,0.00,,0.00,0,0,1,+37.74,*44
$GPNVS,4,155045,031026,0.00,0.00,,,,,,,*6E
$GPNVS,5,155045,031026,5C9,0,0,+37.74,00000,00000,*22
$GPNVS,6,0,A,1,0x00000,0x03,,0x00,00,,0x00000,,*05
$GPNVS,7,155045,031026,A,72,0x00,-3,-10,0,581439,+4.27,-4.11*62
$GPNVS,9,+10000000.001,+2.77251,+9999999.949,15,+0.019,+0.37,,+37.74,50.0,50.0,*63
$GPNVS,10,1,0,0,-50,-50,2,100,0.5,1,5,30,1,+0,1.0,20,+2,1,2,8000,,,,*56
$GPNVS,15,0,0,0000,2400,2400.00,00000000,0.00,0.00,0.00,0.00,+9999,999*48
$GPNVS,1,155046,031026,A,N,65,N,0x00000,0x03,0x00,1,N*2E
$GPNVS,2,155046,031026,0.00,0.00,0.00,0.00,0.00,0.00,0.00,0.00,*6B
$GPNVS,3,155046,031026,0.00,0.00,0.00,0.00,,0.00,0,0,1,+37.74,*47
$GPNVS,4,155046,031026,0.00,0.00,,,,,,,*6D
$GPNVS,5,155046,031026,5C9,0,0,+37.74,00000,00000,*21
$GPNVS,6,0,A,1,0x00000,0x03,,0x00,00,,0x00000,,*05
$GPNVS,7,155046,031026,A,72,0x00,-3,-11,-1,581438,+4.28,-4.11*42
$GPNVS,9,+10000000.001,+2.77251,+10000000.05,15,+0.019,+0.37,,+37.74,50.0,50.3,*69
$GPNVS,10,1,0,0,-55,-50,2,100,0.5,1,5,30,1,-1,1.0,20,+2,1,2,8000,,,,*54
$GPNVS,15,0,0,0000,2400,2400.00,00000000,0.00,0.00,0.00,0.00,+9999,999*48
$GPNVS,1,155047,031026,A,N,65,N,0x00000,0x03,0x00,1,N*2F
$GPNVS,2,155047,031026,0.00,0.00,0.00,0.00,0.00,0.00,0.00,0.00,*6A
$GPNVS,3,155047,031026,0.00,0.00,0.00,0.00,,0.00,0,0,1,+37.74,*46
$GPNVS,4,155047,031026,0.00,0.00,,,,,,,*6C
$GPNVS,5,155047,031026,5C9,0,0,+37.74,00000,00000,*20
$GPNVS,6,0,A,1,0x00000,0x03,,0x00,00,,0x00000,,*05
$GPNVS,7,155047,031026,A,72,0x00,-3,-10,0,581438,+4.28,-4.11*6E
$GPNVS,9,+10000000.001,+2.77251,+9999999.949,15,+0.019,+0.37,,+37.74,50.0,50.3,*60
$GPNVS,10,1,0,0,-50,-50,2,100,0.5,1,5,30,1,+1,1.0,20,+2,1,2,8000,,,,*57
$GPNVS,15,0,0,0000,2400,2400.00,00000000,0.00,0.00,0.00,0.00,+9999,999*48
$GPNVS,1,155048,031026,A,N,65,N,0x00000,0x03,0x00,1,N*20
$GPNVS,2,155048,031026,0.00,0.00,0.00,0.00,0.00,0.00,0.00,0.00,*65
$GPNVS,3,155048,031026,0.00,0.00,0.00,0.00,,0.00,0,0,1,+37.74,*49
$GPNVS,4,155048,031026,0.00,0.00,,,,,,,*63
$GPNVS,5,155048,031026,5C9,0,0,+37.74,00000,00000,*2F
$GPNVS,6,0,A,1,0x00000,0x03,,0x00,00,,0x00000,,*05
$GPNVS,7,155048,031026,A,72,0x00,-3,-10,0,581438,+4.28,-4.11*61
$GPNVS,9,+10000000.001,+2.77251,+10000000.00,15,+0.019,+0.37,,+37.74,50.0,50.9,*66
$GPNVS,10,1,0,0,-50,-50,2,100,0.5,1,5,30,1,+1,1.0,20,+2,1,2,8000,,,,*57
$GPNVS,15,0,0,0000,2400,2400.00,00000000,0.00,0.00,0.00,0.00,+9999,999*48
$GPNVS,1,155049,031026,A,N,65,N,0x00000,0x03,0x00,1,N*21
$GPNVS,2,155049,031026,0.00,0.00,0.00,0.00,0.00,0.00,0.00,0.00,*64
$GPNVS,3,155049,031026,0.00,0.00,0.00,0.00,,0.00,0,0,1,+38.06,*42
$GPNVS,4,155049,031026,0.00,0.00,,,,,,,*62
$GPNVS,5,155049,031026,5C9,0,0,+38.06,00000,00000,*24
$GPNVS,6,0,A,1,0x00000,0x03,,0x00,00,,0x00000,,*05
$GPNVS,7,155049,031026,A,72,0x00,-3,-11,-1,581437,+4.27,-4.11*4D
$GPNVS,9,+10000000.001,+2.77251,+10000000.05,15,+0.019,+0.37,,+38.06,50.0,50.3,*63
$GPNVS,10,1,0,0,-55,-50,2,100,0.5,1,5,30,1,+0,1.0,20,+2,1,2,8000,,,,*53
$GPNVS,15,0,0,0000,2400,2400.00,00000000,0.00,0.00,0.00,0.00,+9999,999*48
$GPNVS,1,155050,031026,A,N,65,N,0x00000,0x03,0x00,1,N*29
$GPNVS,2,155050,031026,0.00,0.00,0.00,0.00,0.00,0.00,0.00,0.00,*6C
$GPNVS,3,155050,031026,0.00,0.00,0.00,0.00,,0.00,0,0,1,+37.74,*40
$GPNVS,4,155050,031026,0.00,0.00,,,,,,,*6A
$GPNVS,5,155050,031026,5C9,0,0,+37.74,00000,00000,*26
$GPNVS,6,0,A,1,0x00000,0x03,,0x00,00,,0x00000,,*05
$GPNVS,7,155050,031026,A,72,0x00,-3,-10,0,581437,+4.28,-4.11*67
$GPNVS,9,+10000000.001,+2.77251,+9999999.949,15,+0.019,+0.37,,+37.74,50.0,50.0,*63
$GPNVS,10,1,0,0,-50,-50,2,100,0.5,1,5,30,1,+1,1.0,20,+2,1,2,8000,,,,*57
$GPNVS,15,0,0,0000,2400,2400.00,00000000,0.00,0.00,0.00,0.00,+9999,999*48
$GPNVS,99,,,*5C
$GPNVS,1,155051,031026,A,N,65,N,0x00000,0x03,0x00,1,N*28
$GPNVS,2,155051,031026,0.00,0.00,0.00,0.00,0.00,0.00,0.00,0.00,*6D
$GPNVS,3,155051,031026,0.00,0.00,0.00,0.00,,0.00,0,0,1,+37.74,*41
$GPNVS,4,155051,031026,0.00,0.00,,,,,,,*6B
$GPNVS,5,155051,031026,5C9,0,0,+37.74,00000,00000,*27
$GPNVS,6,0,A,1,0x00000,0x03,,0x00,00,,0x00000,,*05
$GPNVS,7,155051,031026,A,72,0x00,-3,-11,-1,581436,+4.28,-4.11*4A
$GPNVS,9,+10000000.002,+2.77250,+10000000.05,15,+0.019,+0.37,,+37.74,50.0,50.0,*68
$GPNVS,10,1,0,0,-55,-50,2,100,0.5,1,5,30,1,+1,1.0,20,-18,1,2,8000,,,,*6F
$GPNVS,15,0,0,0000,2400,2400.00,00000000,0.00,0.00,0.00,0.00,-9999,999*4E
$GPNVS,1,155052,031026,A,N,65,N,0x00000,0x03,0x00,1,N*2B
$GPNVS,2,155052,031026,0.00,0.00,0.00,0.00,0.00,0.00,0.00,0.00,*6E
$GPNVS,3,155052,031026,0.00,0.00,0.00,0.00,,0.00,0,0,1,+38.06,*48
$GPNVS,4,155052,031026,0.00,0.00,,,,,,,*68
$GPNVS,5,155052,031026,5C9,0,0,+38.06,00000,00000,*2E
$GPNVS,6,0,A,1,0x00000,0x03,,0x00,00,,0x00000,,*05
$GPNVS,7,155052,031026,A,72,0x00,-3,-11,0,581436,+4.27,-4.11*6A
$GPNVS,9,+10000000.001,+2.77250,+10000000.00,15,+0.019,+0.37,,+38.06,50.0,49.0,*6C
$GPNVS,10,1,0,0,-55,-55,2,100,0.5,1,5,30,1,+0,1.0,20,-18,1,2,8000,,,,*6B
$GPNVS,15,0,0,0000,2400,2400.00,00000000,0.00,0.00,0.00,0.00,-9999,999*4E
$GPNVS,1,155053,031026,A,N,65,N,0x00000,0x03,0x00,1,N*2A
$GPNVS,2,155053,031026,0.00,0.00,0.00,0.00,0.00,0.00,0.00,0.00,*6F
$GPNVS,3,155053,031026,0.00,0.00,0.00,0.00,,0.00,0,0,1,+38.06,*49
$GPNVS,4,155053,031026,0.00,0.00,,,,,,,*69
$GPNVS,5,155053,031026,5C9,0,0,+38.06,00000,00000,*2F
$GPNVS,6,0,A,1,0x00000,0x03,,0x00,00,,0x00000,,*05
$GPNVS,7,155053,031026,A,72,0x00,-3,-10,-1,581435,+4.28,-4.11*4A
$GPNVS,9,+10000000.001,+2.77250,+9999999.949,15,+0.019,+0.37,,+38.06,50.0,50.3,*6B
$GPNVS,10,1,0,0,-50,-50,2,100,0.5,1,5,30,1,+1,1.0,20,-18,1,2,8000,,,,*6A
$GPNVS,15,0,0,0000,2400,2400.00,00000000,0.00,0.00,0.00,0.00,-9999,999*4E
$GPNVS,1,155054,031026,A,N,65,N,0x00000,0x03,0x00,1,N*2D
$GPNVS,2,155054,031026,0.00,0.00,0.00,0.00,0.00,0.00,0.00,0.00,*68
$GPNVS,3,155054,031026,0.00,0.00,0.00,0.00,,0.00,0,0,1,+37.74,*44
$GPNVS,4,155054,031026,0.00,0.00,,,,,,,*6E
$GPNVS,5,155054,031026,5C9,0,0,+37.74,00000,00000,*22
$GPNVS,6,0,A,1,0x00000,0x03,,0x00,00,,0x00000,,*05
$GPNVS,7,155054,031026,A,72,0x00,-3,-11,0,581435,+4.28,-4.11*60
$GPNVS,9,+10000000.001,+2.77250,+10000000.05,15,+0.019,+0.37,,+37.74,50.0,50.0,*6B
$GPNVS,10,1,0,0,-55,-50,2,100,0.5,1,5,30,1,-1,1.0,20,-18,1,2,8000,,,,*69
$GPNVS,15,0,0,0000,2400,2400.00,00000000,0.00,0.00,0.00,0.00,-9999,999*4E
$GPNVS,1,155055,031026,A,N,65,N,0x00000,0x03,0x00,1,N*2C
$GPNVS,2,155055,031026,0.00,0.00,0.00,0.00,0.00,0.00,0.00,0.00,*69
$GPNVS,3,155055,031026,0.00,0.00,0.00,0.00,,0.00,0,0,1,+38.06,*4F
$GPNVS,4,155055,031026,0.00,0.00,,,,,,,*6F
$GPNVS,5,155055,031026,5C9,0,0,+38.06,00000,00000,*29
$GPNVS,6,0,A,1,0x00000,0x03,,0x00,00,,0x00000,,*05
$GPNVS,7,155055,031026,A,72,0x00,-3,-10,-1,581434,+4.27,-4.11*42
$GPNVS,9,+10000000.000,+2.77249,+9999999.949,15,+0.019,+0.37,,+38.06,50.0,50.3,*62
$GPNVS,10,1,0,0,-50,-50,2,100,0.5,1,5,30,1,-1,1.0,20,-18,1,2,8000,,,,*6C
$GPNVS,15,0,0,0000,2400,2400.00,00000000,0.00,0.00,0.00,0.00,-9999,999*4E
$GPNVS,1,155056,031026,A,N,65,N,0x00000,0x03,0x00,1,N*2F
$GPNVS,2,155056,031026,0.00,0.00,0.00,0.00,0.00,0.00,0.00,0.00,*6A
$GPNVS,3,155056,031026,0.00,0.00,0.00,0.00,,0.00,0,0,1,+38.06,*4C
$GPNVS,4,155056,031026,0.00,0.00,,,,,,,*6C
$GPNVS,5,155056,031026,5C9,0,0,+38.06,00000,00000,*2A
$GPNVS,6,0,A,1,0x00000,0x03,,0x00,00,,0x00000,,*05
$GPNVS,7,155056,031026,A,72,0x00,-3,-11,0,581434,+4.27,-4.11*6C
$GPNVS,9,+10000000.002,+2.77249,+10000000.05,15,+0.019,+0.37,,+38.06,50.0,50.0,*6A
$GPNVS,10,1,0,0,-55,-50,2,100,0.5,1,5,30,1,-1,1.0,20,-18,1,2,8000,,,,*69
$GPNVS,15,0,0,0000,2400,2400.00,00000000,0.00,0.00,0.00,0.00,-9999,999*4E
$GPNVS,1,155057,031026,A,N,65,N,0x00000,0x03,0x00,1,N*2E
$GPNVS,2,155057,031026,0.00,0.00,0.00,0.00,0.00,0.00,0.00,0.00,*6B
$GPNVS,3,155057,031026,0.00,0.00,0.00,0.00,,0.00,0,0,1,+38.06,*4D
$GPNVS,4,155057,031026,0.00,0.00,,,,,,,*6D
$GPNVS,5,155057,031026,5C9,0,0,+38.06,00000,00000,*2B
$GPNVS,6,0,A,1,0x00000,0x03,,0x00,00,,0x00000,,*05
$GPNVS,7,155057,031026,A,72,0x00,-3,-11,0,581434,+4.27,-4.11*6D
$GPNVS,9,+10000000.001,+2.77249,+10000000.00,15,+0.019,+0.37,,+38.06,50.0,50.0,*6C
$GPNVS,10,1,0,0,-55,-55,2,100,0.5,1,5,30,1,-1,1.0,20,-18,1,2,8000,,,,*6C
$GPNVS,15,0,0,0000,2400,2400.00,00000000,0.00,0.00,0.00,0.00,-9999,999*4E
$GPNVS,1,155058,031026,A,N,65,N,0x00000,0x03,0x00,1,N*21
$GPNVS,2,155058,031026,0.00,0.00,0.00,0.00,0.00,0.00,0.00,0.00,*64
$GPNVS,3,155058,031026,0.00,0.00,0.00,0.00,,0.00,0,0,1,+37.74,*48
$GPNVS,4,155058,031026,0.00,0.00,,,,,,,*62
$GPNVS,5,155058,031026,5C9,0,0,+37.74,00000,00000,*2E
$GPNVS,6,0,A,1,0x00000,0x03,,0x00,00,,0x00000,,*05
$GPNVS,7,155058,031026,A,72,0x00,3,-10,-1,581433,+4.27,-4.11*65
$GPNVS,9,+10000000.000,+2.77249,+9999999.949,15,+0.019,+0.37,,+37.74,50.0,49.6,*65
$GPNVS,10,1,0,0,-50,-50,2,100,0.5,1,5,30,1,-1,1.0,20,-18,1,2,8000,,,,*6C
$GPNVS,15,0,0,0000,2400,2400.00,00000000,0.00,0.00,0.00,0.00,-9999,999*4E
$GPNVS,1,155059,031026,A,N,65,N,0x00000,0x03,0x00,1,N*20
$GPNVS,2,155059,031026,0.00,0.00,0.00,0.00,0.00,0.00,0.00,0.00,*65
$GPNVS,3,155059,031026,0.00,0.00,0.00,0.00,,0.00,0,0,1,+37.74,*49
$GPNVS,4,155059,031026,0.00,0.00,,,,,,,*63
$GPNVS,5,155059,031026,5C9,0,0,+37.74,00000,00000,*2F
$GPNVS,6,0,A,1,0x00000,0x03,,0x00,00,,0x00000,,*05
$GPNVS,7,155059,031026,A,72,0x00,3,-11,0,581433,+4.28,-4.11*46
$GPNVS,9,+10000000.001,+2.77249,+10000000.05,15,+0.019,+0.37,,+37.74,50.0,50.3,*60
$GPNVS,10,1,0,0,-55,-50,2,100,0.5,1,5,30,1,+0,1.0,20,-18,1,2,8000,,,,*6E
$GPNVS,15,0,0,0000,2400,2400.00,00000000,0.00,0.00,0.00,0.00,-9999,999*4E
$GPNVS,1,155100,031026,A,N,65,N,0x00000,0x03,0x00,1,N*2D
$GPNVS,2,155100,031026,0.00,0.00,0.00,0.00,0.00,0.00,0.00,0.00,*68
$GPNVS,3,155100,031026,0.00,0.00,0.00,0.00,,0.00,0,0,1,+37.74,*44
$GPNVS,4,155100,031026,0.00,0.00,,,,,,,*6E
$GPNVS,5,155100,031026,5C9,0,0,+37.74,00000,00000,*22
$GPNVS,6,0,A,1,0x00000,0x03,,0x00,00,,0x00000,,*05
$GPNVS,7,155100,031026,A,72,0x00,3,-10,-1,581432,+4.27,-4.11*68
$GPNVS,9,+10000000.000,+2.77248,+9999999.949,15,+0.019,+0.37,,+37.74,50.0,50.3,*69
$GPNVS,10,1,0,0,-50,-50,2,100,0.5,1,5,30,1,-1,1.0,20,-18,1,2,8000,,,,*6C
$GPNVS,15,0,0,0000,2400,2400.00,00000000,0.00,0.00,0.00,0.00,-9999,999*4E
$GPNVS,1,155101,031026,A,N,65,N,0x00000,0x03,0x00,1,N*2C
$GPNVS,2,155101,031026,0.00,0.00,0.00,0.00,0.00,0.00,0.00,0.00,*69
$GPNVS,3,155101,031026,0.00,0.00,0.00,0.00,,0.00,0,0,1,+37.74,*45
$GPNVS,4,155101,031026,0.00,0.00,,,,,,,*6F
$GPNVS,5,155101,031026,5C9,0,0,+37.74,00000,00000,*23
$GPNVS,6,0,A,1,0x00000,0x03,,0x00,00,,0x00000,,*05
$GPNVS,7,155101,031026,A,72,0x00,3,-11,0,581432,+4.27,-4.11*44
$GPNVS,9,+10000000.002,+2.77248,+10000000.05,15,+0.019,+0.37,,+37.74,50.0,50.0,*61
$GPNVS,10,1,0,0,-55,-50,2,100,0.5,1,5,30,1,-1,1.0,20,-18,1,2,8000,,,,*69
$GPNVS,15,0,0,0000,2400,2400.00,00000000,0.00,0.00,0.00,0.00,-9999,999*4E
$GPNVS,1,155102,031026,A,N,65,N,0x00000,0x03,0x00,1,N*2F
$GPNVS,2,155102,031026,0.00,0.00,0.00,0.00,0.00,0.00,0.00,0.00,*6A
$GPNVS,3,155102,031026,0.00,0.00,0.00,0.00,,0.00,0,0,1,+37.74,*46
$GPNVS,4,155102,031026,0.00,0.00,,,,,,,*6C
$GPNVS,5,155102,031026,5C9,0,0,+37.74,00000,00000,*20
$GPNVS,6,0,A,1,0x00000,0x03,,0x00,00,,0x00000,,*05
$GPNVS,7,155102,031026,A,72,0x00,3,-10,-1,581431,+4.27,-4.11*69
$GPNVS,9,+10000000.000,+2.77248,+9999999.949,15,+0.019,+0.37,,+37.74,50.0,49.3,*61
$GPNVS,10,1,0,0,-50,-50,2,100,0.5,1,5,30,1,+0,1.0,20,+18,1,2,8000,,,,*6D
$GPNVS,15,0,0,0000,2400,2400.00,00000000,0.00,0.00,0.00,0.00,+9999,999*48
$GPNVS,1,155103,031026,A,N,65,N,0x00000,0x03,0x00,1,N*2E
$GPNVS,2,155103,031026,0.00,0.00,0.00,0.00,0.00,0.00,0.00,0.00,*6B
$GPNVS,3,155103,031026,0.00,0.00,0.00,0.00,,0.00,0,0,1,+37.74,*47
$GPNVS,4,155103,031026,0.00,0.00,,,,,,,*6D
$GPNVS,5,155103,031026,5C9,0,0,+37.74,00000,00000,*21
$GPNVS,6,0,A,1,0x00000,0x03,,0x00,00,,0x00000,,*05
$GPNVS,7,155103,031026,A,72,0x00,3,-11,0,581431,+4.27,-4.11*45
$GPNVS,9,+10000000.002,+2.77248,+10000000.05,15,+0.019,+0.37,,+37.74,50.0,50.3,*62
$GPNVS,10,1,0,0,-55,-50,2,100,0.5,1,5,30,1,-1,1.0,20,+18,1,2,8000,,,,*6F
$GPNVS,15,0,0,0000,2400,2400.00,00000000,0.00,0.00,0.00,0.00,+9999,999*48
$GPNVS,1,155104,031026,A,N,65,N,0x00000,0x03,0x00,1,N*29
$GPNVS,2,155104,031026,0.00,0.00,0.00,0.00,0.00,0.00,0.00,0.00,*6C
$GPNVS,3,155104,031026,0.00,0.00,0.00,0.00,,0.00,0,0,1,+37.74,*40
$GPNVS,4,155104,031026,0.00,0.00,,,,,,,*6A
$GPNVS,5,155104,031026,5C9,0,0,+37.74,00000,00000,*26
$GPNVS,6,0,A,1,0x00000,0x03,,0x00,00,,0x00000,,*05
$GPNVS,7,155104,031026,A,72,0x00,3,-11,-1,581430,+4.28,-4.11*60
$GPNVS,9,+10000000.001,+2.77247,+10000000.00,15,+0.019,+0.37,,+37.74,50.0,50.0,*68
$GPNVS,10,1,0,0,-55,-55,2,100,0.5,1,5,30,1,-1,1.0,20,+18,1,2,8000,,,,*6A
$GPNVS,15,0,0,0000,2400,2400.00,00000000,0.00,0.00,0.00,0.00,+9999,999*48
$GPNVS,1,155105,031026,A,N,65,N,0x00000,0x03,0x00,1,N*28
$GPNVS,2,155105,031026,0.00,0.00,0.00,0.00,0.00,0.00,0.00,0.00,*6D
$GPNVS,3,155105,031026,0.00,0.00,0.00,0.00,,0.00,0,0,1,+37.74,*41
$GPNVS,4,155105,031026,0.00,0.00,,,,,,,*6B
$GPNVS,5,155105,031026,5C9,0,0,+37.74,00000,00000,*27
$GPNVS,6,0,A,1,0x00000,0x03,,0x00,00,,0x00000,,*05
$GPNVS,7,155105,031026,A,72,0x00,3,-11,0,581430,+4.28,-4.11*4D
$GPNVS,9,+10000000.001,+2.77247,+10000000.00,15,+0.019,+0.37,,+37.74,50.0,50.0,*68
$GPNVS,10,1,0,0,-55,-55,2,100,0.5,1,5,30,1,+0,1.0,20,+18,1,2,8000,,,,*6D
$GPNVS,15,0,0,0000,2400,2400.00,00000000,0.00,0.00,0.00,0.00,+9999,999*48
$GPNVS,99,,,*5C
$GPNVS,1,155106,031026,A,N,65,N,0x00000,0x03,0x00,1,N*2B
$GPNVS,2,155106,031026,0.00,0.00,0.00,0.00,0.00,0.00,0.00,0.00,*6E
$GPNVS,3,155106,031026,0.00,0.00,0.00,0.00,,0.00,0,0,1,+37.74,*42
$GPNVS,4,155106,031026,0.00,0.00,,,,,,,*68
$GPNVS,5,155106,031026,5C9,0,0,+37.74,00000,00000,*24
$GPNVS,6,0,A,1,0x00000,0x03,,0x00,00,,0x00000,,*05
$GPNVS,7,155106,031026,A,72,0x00,3,-11,-1,581429,+4.28,-4.11*6A
$GPNVS,9,+10000000.002,+2.77247,+10000000.00,15,+0.019,+0.37,,+37.74,50.0,50.0,*6B
$GPNVS,10,1,0,0,-55,-55,2,100,0.5,1,5,30,1,-1,1.0,20,+18,1,2,8000,,,,*6A
$GPNVS,15,0,0,0000,2400,2400.00,00000000,0.00,0.00,0.00,0.00,+9999,999*48
$GPNVS,1,155107,031026,A,N,65,N,0x00000,0x03,0x00,1,N*2A
$GPNVS,2,155107,031026,0.00,0.00,0.00,0.00,0.00,0.00,0.00,0.00,*6F
$GPNVS,3,155107,031026,0.00,0.00,0.00,0.00,,0.00,0,0,1,+37.74,*43
$GPNVS,4,155107,031026,0.00,0.00,,,,,,,*69
$GPNVS,5,155107,031026,5C9,0,0,+37.74,00000,00000,*25
$GPNVS,6,0,A,1,0x00000,0x03,,0x00,00,,0x00000,,*05
$GPNVS,7,155107,031026,A,72,0x00,3,-11,0,581429,+4.27,-4.11*48
$GPNVS,9,+10000000.000,+2.77247,+10000000.00,15,+0.019,+0.37,,+37.74,50.0,50.0,*69
$GPNVS,10,1,0,0,-55,-55,2,100,0.5,1,5,30,1,+0,1.0,20,+18,1,2,8000,,,,*6D
$GPNVS,15,0,0,0000,2400,2400.00,00000000,0.00,0.00,0.00,0.00,+9999,999*48
$GPNVS,1,155108,031026,A,N,65,N,0x00000,0x03,0x00,1,N*25
$GPNVS,2,155108,031026,0.00,0.00,0.00,0.00,0.00,0.00,0.00,0.00,*60
$GPNVS,3,155108,031026,0.00,0.00,0.00,0.00,,0.00,0,0,1,+38.06,*46
$GPNVS,4,155108,031026,0.00,0.00,,,,,,,*66
$GPNVS,5,155108,031026,5C9,0,0,+38.06,00000,00000,*20
$GPNVS,6,0,A,1,0x00000,0x03,,0x00,00,,0x00000,,*05
$GPNVS,7,155108,031026,A,72,0x00,3,-11,-1,581428,+4.27,-4.11*6A
$GPNVS,9,+10000000.001,+2.77246,+10000000.00,15,+0.019,+0.37,,+38.06,50.0,50.3,*60
$GPNVS,10,1,0,0,-55,-55,2,100,0.5,1,5,30,1,+0,1.0,20,+18,1,2,8000,,,,*6D
$GPNVS,15,0,0,0000,2400,2400.00,00000000,0.00,0.00,0.00,0.00,+9999,999*48
$GPNVS,1,155109,031026,A,N,65,N,0x00000,0x03,0x00,1,N*24
$GPNVS,2,155109,031026,0.00,0.00,0.00,0.00,0.00,0.00,0.00,0.00,*61
$GPNVS,3,155109,031026,0.00,0.00,0.00,0.00,,0.00,0,0,1,+38.06,*47
$GPNVS,4,155109,031026,0.00,0.00,,,,,,,*67
$GPNVS,5,155109,031026,5C9,0,0,+38.06,00000,00000,*21
$GPNVS,6,0,A,1,0x00000,0x03,,0x00,00,,0x00000,,*05
$GPNVS,7,155109,031026,A,72,0x00,3,-11,0,581428,+4.28,-4.11*48
$GPNVS,9,+10000000.001,+2.77246,+10000000.00,15,+0.019,+0.37,,+38.06,50.0,50.0,*63
$GPNVS,10,1,0,0,-55,-55,2,100,0.5,1,5,30,1,+0,1.0,20,+18,1,2,8000,,,,*6D
$GPNVS,15,0,0,0000,2400,2400.00,00000000,0.00,0.00,0.00,0.00,+9999,999*48
$GPNVS,1,155110,031026,A,N,65,N,0x00000,0x03,0x00,1,N*2C
$GPNVS,2,155110,031026,0.00,0.00,0.00,0.00,0.00,0.00,0.00,0.00,*69
$GPNVS,3,155110,031026,0.00,0.00,0.00,0.00,,0.00,0,0,1,+37.74,*45
$GPNVS,4,155110,031026,0.00,0.00,,,,,,,*6F
$GPNVS,5,155110,031026,5C9,0,0,+37.74,00000,00000,*23
$GPNVS,6,0,A,1,0x00000,0x03,,0x00,00,,0x00000,,*05
$GPNVS,7,155110,031026,A,72,0x00,3,-10,-1,581427,+4.28,-4.11*62
$GPNVS,9,+10000000.000,+2.77246,+9999999.949,15,+0.019,+0.37,,+37.74,50.0,50.3,*67
$GPNVS,10,1,0,0,-50,-50,2,100,0.5,1,5,30,1,+0,1.0,20,+18,1,2,8000,,,,*6D
$GPNVS,15,0,0,0000,2400,2400.00,00000000,0.00,0.00,0.00,0.00,+9999,999*48
$GPNVS,1,155111,031026,A,N,65,N,0x00000,0x03,0x00,1,N*2D
$GPNVS,2,155111,031026,0.00,0.00,0.00,0.00,0.00,0.00,0.00,0.00,*68
$GPNVS,3,155111,031026,0.00,0.00,0.00,0.00,,0.00,0,0,1,+37.74,*44
$GPNVS,4,155111,031026,0.00,0.00,,,,,,,*6E
$GPNVS,5,155111,031026,5C9,0,0,+37.74,00000,00000,*22
$GPNVS,6,0,A,1,0x00000,0x03,,0x00,00,,0x00000,,*05
$GPNVS,7,155111,031026,A,72,0x00,3,-11,0,581427,+4.28,-4.11*4E
$GPNVS,9,+10000000.000,+2.77246,+10000000.05,15,+0.019,+0.37,,+37.74,50.0,50.0,*6D
$GPNVS,10,1,0,0,-55,-50,2,100,0.5,1,5,30,1,+0,1.0,20,+18,1,2,8000,,,,*68
$GPNVS,15,0,0,0000,2400,2400.00,00000000,0.00,0.00,0.00,0.00,+9999,999*48
$GPNVS,1,155112,031026,A,N,65,N,0x00000,0x03,0x00,1,N*2E
$GPNVS,2,155112,031026,0.00,0.00,0.00,0.00,0.00,0.00,0.00,0.00,*6B
$GPNVS,3,155112,031026,0.00,0.00,0.00,0.00,,0.00,0,0,1,+38.06,*4D
$GPNVS,4,155112,031026,0.00,0.00,,,,,,,*6D
$GPNVS,5,155112,031026,5C9,0,0,+38.06,00000,00000,*2B
$GPNVS,6,0,A,1,0x00000,0x03,,0x00,00,,0x00000,,*05
$GPNVS,7,155112,031026,A,72,0x00,3,-10,-1,581426,+4.28,-4.11*61
$GPNVS,9,+9999999.9989,+2.77245,+9999999.949,15,+0.019,+0.37,,+38.06,50.0,50.0,*64
$GPNVS,10,1,0,0,-50,-50,2,100,0.5,1,5,30,1,+0,1.0,20,+18,1,2,8000,,,,*6D
$GPNVS,15,0,0,0000,2400,2400.00,00000000,0.00,0.00,0.00,0.00,+9999,999*48
$GPNVS,1,155113,031026,A,N,64,N,0x00000,0x03,0x00,1,N*2E
$GPNVS,2,155113,031026,0.00,0.00,0.00,0.00,0.00,0.00,0.00,0.00,*6A
$GPNVS,3,155113,031026,0.00,0.00,0.00,0.00,,0.00,0,0,1,+38.06,*4C
$GPNVS,4,155113,031026,0.00,0.00,,,,,,,*6C
$GPNVS,5,155113,031026,5C9,0,0,+38.06,00000,00000,*2A
$GPNVS,6,0,A,1,0x00000,0x03,,0x00,00,,0x00000,,*05
$GPNVS,7,155113,031026,A,72,0x00,-3,-11,0,581426,+4.27,-4.11*6F
$GPNVS,9,+10000000.001,+2.77245,+10000000.05,15,+0.019,+0.37,,+38.06,50.0,49.3,*6E
$GPNVS,10,1,0,0,-55,-50,2,100,0.5,1,4,30,1,+0,1.0,20,-2,1,2,8000,,,,*54
$GPNVS,15,0,0,0000,2400,2400.00,00000000,0.00,0.00,0.00,0.00,-9999,999*4E
$GPNVS,1,155114,031026,A,N,64,N,0x00000,0x03,0x00,1,N*29
$GPNVS,2,155114,031026,0.00,0.00,0.00,0.00,0.00,0.00,0.00,0.00,*6D
$GPNVS,3,155114,031026,0.00,0.00,0.00,0.00,,0.00,0,0,1,+37.74,*41
$GPNVS,4,155114,031026,0.00,0.00,,,,,,,*6B
$GPNVS,5,155114,031026,5C9,0,0,+37.74,00000,00000,*27
$GPNVS,6,0,A,1,0x00000,0x03,,0x00,00,,0x00000,,*05
$GPNVS,7,155114,031026,A,72,0x00,-3,-10,-1,581425,+4.27,-4.11*46
$GPNVS,9,+10000000.000,+2.77245,+9999999.949,15,+0.019,+0.37,,+37.74,50.0,50.0,*67
$GPNVS,10,1,0,0,-50,-50,2,100,0.5,1,4,30,1,+0,1.0,20,-2,1,2,8000,,,,*51
$GPNVS,15,0,0,0000,2400,2400.00,00000000,0.00,0.00,0.00,0.00,-9999,999*4E
$GPNVS,1,155115,031026,A,N,64,N,0x00000,0x03,0x00,1,N*28
$GPNVS,2,155115,031026,0.00,0.00,0.00,0.00,0.00,0.00,0.00,0.00,*6C
$GPNVS,3,155115,031026,0.00,0.00,0.00,0.00,,0.00,0,0,1,+37.74,*40
$GPNVS,4,155115,031026,0.00,0.00,,,,,,,*6A
$GPNVS,5,155115,031026,5C9,0,0,+37.74,00000,00000,*26
$GPNVS,6,0,A,1,0x00000,0x03,,0x00,00,,0x00000,,*05
$GPNVS,7,155115,031026,A,71,0x00,-3,-11,0,581425,+4.27,-4.11*69
$GPNVS,9,+10000000.000,+2.77245,+10000000.05,15,+0.019,+0.37,,+37.74,50.0,50.0,*6E
$GPNVS,10,1,0,0,-55,-50,2,100,0.5,1,4,30,1,+0,1.0,20,-2,1,2,8000,,,,*54
$GPNVS,15,0,0,0000,2400,2400.00,00000000,0.00,0.00,0.00,0.00,-9999,999*4E
$GPNVS,1,155116,031026,A,N,64,N,0x00000,0x03,0x00,1,N*2B
$GPNVS,2,155116,031026,0.00,0.00,0.00,0.00,0.00,0.00,0.00,0.00,*6F
$GPNVS,3,155116,031026,0.00,0.00,0.00,0.00,,0.00,0,0,1,+38.06,*49
$GPNVS,4,155116,031026,0.00,0.00,,,,,,,*69
$GPNVS,5,155116,031026,5C9,0,0,+38.06,00000,00000,*2F
$GPNVS,6,0,A,1,0x00000,0x03,,0x00,00,,0x00000,,*05
$GPNVS,7,155116,031026,A,71,0x00,-3,-10,0,581425,+4.28,-4.11*64
$GPNVS,9,+9999999.9989,+2.77245,+9999999.949,15,+0.019,+0.37,,+38.06,50.0,50.0,*64
$GPNVS,10,1,0,0,-50,-50,2,100,0.5,1,4,30,1,+1,1.0,20,-2,1,2,8000,,,,*50
$GPNVS,15,0,0,0000,2400,2400.00,00000000,0.00,0.00,0.00,0.00,-9999,999*4E
$GPNVS,1,155117,031026,A,N,64,N,0x00000,0x03,0x00,1,N*2A
$GPNVS,2,155117,031026,0.00,0.00,0.00,0.00,0.00,0.00,0.00,0.00,*6E
$GPNVS,3,155117,031026,0.00,0.00,0.00,0.00,,0.00,0,0,1,+38.06,*48
$GPNVS,4,155117,031026,0.00,0.00,,,,,,,*68
$GPNVS,5,155117,031026,5C9,0,0,+38.06,00000,00000,*2E
$GPNVS,6,0,A,1,0x00000,0x03,,0x00,00,,0x00000,,*05
$GPNVS,7,155117,031026,A,71,0x00,-3,-11,-1,581424,+4.28,-4.11*49
$GPNVS,9,+10000000.001,+2.77244,+10000000.05,15,+0.019,+0.37,,+38.06,50.0,49.6,*6A
$GPNVS,10,1,0,0,-55,-50,2,100,0.5,1,4,30,1,+0,1.0,20,-2,1,2,8000,,,,*54
$GPNVS,15,0,0,0000,2400,2400.00,00000000,0.00,0.00,0.00,0.00,-9999,999*4E
$GPNVS,1,155118,031026,A,N,64,N,0x00000,0x03,0x00,1,N*25
$GPNVS,2,155118,031026,0.00,0.00,0.00,0.00,0.00,0.00,0.00,0.00,*61
$GPNVS,3,155118,031026,0.00,0.00,0.00,0.00,,0.00,0,0,1,+37.74,*4D
$GPNVS,4,155118,031026,0.00,0.00,,,,,,,*67
$GPNVS,5,155118,031026,5C9,0,0,+37.74,00000,00000,*2B
$GPNVS,6,0,A,1,0x00000,0x03,,0x00,00,,0x00000,,*05
$GPNVS,7,155118,031026,A,71,0x00,-3,-10,0,581424,+4.28,-4.11*6B
$GPNVS,9,+10000000.000,+2.77244,+9999999.949,15,+0.019,+0.37,,+37.74,50.0,50.0,*66
$GPNVS,10,1,0,0,-50,-50,2,100,0.5,1,4,30,1,+1,1.0,20,-2,1,2,8000,,,,*50
$GPNVS,15,0,0,0000,2400,2400.00,00000000,0.00,0.00,0.00,0.00,-9999,999*4E
$GPNVS,1,155119,031026,A,N,64,N,0x00000,0x03,0x00,1,N*24
$GPNVS,2,155119,031026,0.00,0.00,0.00,0.00,0.00,0.00,0.00,0.00,*60
$GPNVS,3,155119,031026,0.00,0.00,0.00,0.00,,0.00,0,0,1,+37.74,*4C
$GPNVS,4,155119,031026,0.00,0.00,,,,,,,*66
$GPNVS,5,155119,031026,5C9,0,0,+37.74,00000,00000,*2A
$GPNVS,6,0,A,1,0x00000,0x03,,0x00,00,,0x00000,,*05
$GPNVS,7,155119,031026,A,71,0x00,-3,-11,0,581424,+4.28,-4.11*6B
$GPNVS,9,+10000000.000,+2.77244,+10000000.05,15,+0.019,+0.37,,+37.74,50.0,50.0,*6F
$GPNVS,10,1,0,0,-55,-50,2,100,0.5,1,4,30,1,+0,1.0,20,-2,1,2,8000,,,,*54
$GPNVS,15,0,0,0000,2400,2400.00,00000000,0.00,0.00,0.00,0.00,-9999,999*4E
$GPNVS,1,155120,031026,A,N,64,N,0x00000,0x03,0x00,1,N*2E
$GPNVS,2,155120,031026,0.00,0.00,0.00,0.00,0.00,0.00,0.00,0.00,*6A
$GPNVS,3,155120,031026,0.00,0.00,0.00,0.00,,0.00,0,0,1,+38.06,*4C
$GPNVS,4,155120,031026,0.00,0.00,,,,,,,*6C
$GPNVS,5,155120,031026,5C9,0,0,+38.06,00000,00000,*2A
$GPNVS,6,0,A,1,0x00000,0x03,,0x00,00,,0x00000,,*05
$GPNVS,7,155120,031026,A,71,0x00,-3,-10,-1,581423,+4.28,-4.11*4B
$GPNVS,9,+9999999.9989,+2.77244,+9999999.949,15,+0.019,+0.37,,+38.06,50.0,50.0,*65
$GPNVS,10,1,0,0,-50,-50,2,100,0.5,1,4,30,1,+1,1.0,20,-2,1,2,8000,,,,*50
$GPNVS,15,0,0,0000,2400,2400.00,00000000,0.00,0.00,0.00,0.00,-9999,999*4E
$GPNVS,99,,,*5C
$GPNVS,1,155121,031026,A,N,64,N,0x00000,0x03,0x00,1,N*2F
$GPNVS,2,155121,031026,0.00,0.00,0.00,0.00,0.00,0.00,0.00,0.00,*6B
$GPNVS,3,155121,031026,0.00,0.00,0.00,0.00,,0.00,0,0,1,+38.06,*4D
$GPNVS,4,155121,031026,0.00,0.00,,,,,,,*6D
$GPNVS,5,155121,031026,5C9,0,0,+38.06,00000,00000,*2B
$GPNVS,6,0,A,1,0x00000,0x03,,0x00,00,,0x00000,,*05
$GPNVS,7,155121,031026,A,71,0x00,-3,-10,0,581423,+4.28,-4.11*66
$GPNVS,9,+10000000.000,+2.77244,+10000000.00,15,+0.019,+0.37,,+38.06,50.0,49.3,*6B
$GPNVS,10,1,0,0,-50,-50,2,100,0.5,1,4,30,1,+1,1.0,20,-2,1,2,8000,,,,*50
$GPNVS,15,0,0,0000,2400,2400.00,00000000,0.00,0.00,0.00,0.00,-9999,999*4E
$GPNVS,1,155122,031026,A,N,64,N,0x00000,0x03,0x00,1,N*2C
$GPNVS,2,155122,031026,0.00,0.00,0.00,0.00,0.00,0.00,0.00,0.00,*68
$GPNVS,3,155122,031026,0.00,0.00,0.00,0.00,,0.00,0,0,1,+38.06,*4E
$GPNVS,4,155122,031026,0.00,0.00,,,,,,,*6E
$GPNVS,5,155122,031026,5C9,0,0,+38.06,00000,00000,*28
$GPNVS,6,0,A,1,0x00000,0x03,,0x00,00,,0x00000,,*05
$GPNVS,7,155122,031026,A,71,0x00,-3,-11,0,581423,+4.27,-4.11*6B
$GPNVS,9,+10000000.001,+2.77244,+10000000.05,15,+0.019,+0.37,,+38.06,50.0,49.3,*6F
$GPNVS,10,1,0,0,-55,-50,2,100,0.5,1,4,30,1,+1,1.0,20,-2,1,2,8000,,,,*55
$GPNVS,15,0,0,0000,2400,2400.00,00000000,0.00,0.00,0.00,0.00,-9999,999*4E
$GPNVS,1,155123,031026,A,N,64,N,0x00000,0x03,0x00,1,N*2D
$GPNVS,2,155123,031026,0.00,0.00,0.00,0.00,0.00,0.00,0.00,0.00,*69
$GPNVS,3,155123,031026,0.00,0.00,0.00,0.00,,0.00,0,0,1,+37.74,*45
$GPNVS,4,155123,031026,0.00,0.00,,,,,,,*6F
$GPNVS,5,155123,031026,5C9,0,0,+37.74,00000,00000,*23
$GPNVS,6,0,A,1,0x00000,0x03,,0x00,00,,0x00000,,*05
$GPNVS,7,155123,031026,A,71,0x00,-3,-10,-1,581422,+4.28,-4.11*49
$GPNVS,9,+9999999.9989,+2.77243,+9999999.949,15,+0.019,+0.37,,+37.74,50.0,50.0,*68
$GPNVS,10,1,0,0,-50,-50,2,100,0.5,1,4,30,1,+1,1.0,20,-2,1,2,8000,,,,*50
$GPNVS,15,0,0,0000,2400,2400.00,00000000,0.00,0.00,0.00,0.00,+9999,999*48
$GPNVS,1,155124,031026,A,N,64,N,0x00000,0x03,0x00,1,N*2A
$GPNVS,2,155124,031026,0.00,0.00,0.00,0.00,0.00,0.00,0.00,0.00,*6E
$GPNVS,3,155124,031026,0.00,0.00,0.00,0.00,,0.00,0,0,1,+38.06,*48
$GPNVS,4,155124,031026,0.00,0.00,,,,,,,*68
$GPNVS,5,155124,031026,5C9,0,0,+38.06,00000,00000,*2E
$GPNVS,6,0,A,1,0x00000,0x03,,0x00,00,,0x00000,,*05
$GPNVS,7,155124,031026,A,71,0x00,-3,-9,0,581422,+4.28,-4.11*5A
$GPNVS,9,+9999999.9979,+2.77243,+9999999.949,15,+0.019,+0.37,,+38.06,50.0,49.6,*63
$GPNVS,10,1,0,0,-45,-45,2,100,0.5,1,4,30,1,+1,1.0,20,+14,1,2,8000,,,,*61
$GPNVS,15,0,0,0000,2400,2400.00,00000000,0.00,0.00,0.00,0.00,+9999,999*48
$GPNVS,1,155125,031026,A,N,64,N,0x00000,0x03,0x00,1,N*2B
$GPNVS,2,155125,031026,0.00,0.00,0.00,0.00,0.00,0.00,0.00,0.00,*6F
$GPNVS,3,155125,031026,0.00,0.00,0.00,0.00,,0.00,0,0,1,+37.74,*43
$GPNVS,4,155125,031026,0.00,0.00,,,,,,,*69
$GPNVS,5,155125,031026,5C9,0,0,+37.74,00000,00000,*25
$GPNVS,6,0,A,1,0x00000,0x03,,0x00,00,,0x00000,,*05
$GPNVS,7,155125,031026,A,71,0x00,-3,-10,0,581422,+4.28,-4.11*63
$GPNVS,9,+10000000.000,+2.77243,+10000000.05,15,+0.019,+0.37,,+37.74,50.0,49.0,*60
$GPNVS,10,1,0,0,-50,-45,2,100,0.5,1,4,30,1,+1,1.0,20,+14,1,2,8000,,,,*65
$GPNVS,15,0,0,0000,2400,2400.00,00000000,0.00,0.00,0.00,0.00,+9999,999*48
$GPNVS,1,155126,031026,A,N,64,N,0x00000,0x03,0x00,1,N*28
$GPNVS,2,155126,031026,0.00,0.00,0.00,0.00,0.00,0.00,0.00,0.00,*6C
$GPNVS,3,155126,031026,0.00,0.00,0.00,0.00,,0.00,0,0,1,+37.74,*40
$GPNVS,4,155126,031026,0.00,0.00,,,,,,,*6A
$GPNVS,5,155126,031026,5C9,0,0,+37.74,00000,00000,*26
$GPNVS,6,0,A,1,0x00000,0x03,,0x00,00,,0x00000,,*05
$GPNVS,7,155126,031026,A,71,0x00,-3,-10,0,581422,+4.27,-4.11*6F
$GPNVS,9,+9999999.9989,+2.77243,+10000000.00,15,+0.019,+0.37,,+37.74,50.0,51.2,*67
$GPNVS,10,1,0,0,-50,-50,2,100,0.5,1,4,30,1,+1,1.0,20,+14,1,2,8000,,,,*61
$GPNVS,15,0,0,0000,2400,2400.00,00000000,0.00,0.00,0.00,0.00,+9999,999*48
$GPNVS,1,155127,031026,A,N,64,N,0x00000,0x03,0x00,1,N*29
$GPNVS,2,155127,031026,0.00,0.00,0.00,0.00,0.00,0.00,0.00,0.00,*6D
$GPNVS,3,155127,031026,0.00,0.00,0.00,0.00,,0.00,0,0,1,+37.74,*41
$GPNVS,4,155127,031026,0.00,0.00,,,,,,,*6B
$GPNVS,5,155127,031026,5C9,0,0,+37.74,00000,00000,*27
$GPNVS,6,0,A,1,0x00000,0x03,,0x00,00,,0x00000,,*05
$GPNVS,7,155127,031026,A,71,0x00,-3,-11,-1,581421,+4.27,-4.11*40
$GPNVS,9,+10000000.000,+2.77243,+10000000.05,15,+0.019,+0.37,,+37.74,50.0,49.6,*66
$GPNVS,10,1,0,0,-55,-50,2,100,0.5,1,4,30,1,+1,1.0,20,+14,1,2,8000,,,,*64
$GPNVS,15,0,0,0000,2400,2400.00,00000000,0.00,0.00,0.00,0.00,+9999,999*48
$GPNVS,1,155128,031026,A,N,64,N,0x00000,0x03,0x00,1,N*26
$GPNVS,2,155128,031026,0.00,0.00,0.00,0.00,0.00,0.00,0.00,0.00,*62
$GPNVS,3,155128,031026,0.00,0.00,0.00,0.00,,0.00,0,0,1,+37.74,*4E
$GPNVS,4,155128,031026,0.00,0.00,,,,,,,*64
$GPNVS,5,155128,031026,5C9,0,0,+37.74,00000,00000,*28
$GPNVS,6,0,A,1,0x00000,0x03,,0x00,00,,0x00000,,*05
$GPNVS,7,155128,031026,A,71,0x00,3,-10,0,581421,+4.27,-4.11*4F
$GPNVS,9,+10000000.000,+2.77243,+9999999.949,15,+0.019,+0.37,,+37.74,50.0,50.0,*61
$GPNVS,10,1,0,0,-50,-50,2,100,0.5,1,4,30,1,+1,1.0,20,+14,1,2,8000,,,,*61
$GPNVS,15,0,0,0000,2400,2400.00,00000000,0.00,0.00,0.00,0.00,+9999,999*48
$GPNVS,1,155129,031026,A,N,64,N,0x00000,0x03,0x00,1,N*27
$GPNVS,2,155129,031026,0.00,0.00,0.00,0.00,0.00,0.00,0.00,0.00,*63
$GPNVS,3,155129,031026,0.00,0.00,0.00,0.00,,0.00,0,0,1,+38.06,*45
$GPNVS,4,155129,031026,0.00,0.00,,,,,,,*65
$GPNVS,5,155129,031026,5C9,0,0,+38.06,00000,00000,*23
$GPNVS,6,0,A,1,0x00000,0x03,,0x00,00,,0x00000,,*05
$GPNVS,7,155129,031026,A,71,0x00,3,-10,0,581421,+4.27,-4.11*4E
$GPNVS,9,+10000000.000,+2.77243,+10000000.00,15,+0.019,+0.37,,+38.06,50.0,50.0,*67
$GPNVS,10,1,0,0,-50,-50,2,100,0.5,1,4,30,1,+0,1.0,20,+14,1,2,8000,,,,*60
$GPNVS,15,0,0,0000,2400,2400.00,00000000,0.00,0.00,0.00,0.00,+9999,999*48
$GPNVS,1,155130,031026,A,N,64,N,0x00000,0x03,0x00,1,N*2F
$GPNVS,2,155130,031026,0.00,0.00,0.00,0.00,0.00,0.00,0.00,0.00,*6B
$GPNVS,3,155130,031026,0.00,0.00,0.00,0.00,,0.00,0,0,1,+37.74,*47
$GPNVS,4,155130,031026,0.00,0.00,,,,,,,*6D
$GPNVS,5,155130,031026,5C9,0,0,+37.74,00000,00000,*21
$GPNVS,6,0,A,1,0x00000,0x03,,0x00,00,,0x00000,,*05
$GPNVS,7,155130,031026,A,71,0x00,3,-11,0,581421,+4.28,-4.11*48
$GPNVS,9,+10000000.000,+2.77243,+10000000.05,15,+0.019,+0.37,,+37.74,50.0,50.0,*68
$GPNVS,10,1,0,0,-55,-50,2,100,0.5,1,4,30,1,+1,1.0,20,+14,1,2,8000,,,,*64
$GPNVS,15,0,0,0000,2400,2400.00,00000000,0.00,0.00,0.00,0.00,+9999,999*48
$GPNVS,1,155131,031026,A,N,64,N,0x00000,0x03,0x00,1,N*2E
$GPNVS,2,155131,031026,0.00,0.00,0.00,0.00,0.00,0.00,0.00,0.00,*6A
$GPNVS,3,155131,031026,0.00,0.00,0.00,0.00,,0.00,0,0,1,+37.74,*46
$GPNVS,4,155131,031026,0.00,0.00,,,,,,,*6C
$GPNVS,5,155131,031026,5C9,0,0,+37.74,00000,00000,*20
$GPNVS,6,0,A,1,0x00000,0x03,,0x00,00,,0x00000,,*05
$GPNVS,7,155131,031026,A,71,0x00,3,-10,0,581421,+4.28,-4.11*48
$GPNVS,9,+10000000.000,+2.77243,+9999999.949,15,+0.019,+0.37,,+37.74,50.0,49.3,*6A
$GPNVS,10,1,0,0,-50,-50,2,100,0.5,1,4,30,1,+0,1.0,20,+14,1,2,8000,,,,*60
$GPNVS,15,0,0,0000,2400,2400.00,00000000,0.00,0.00,0.00,0.00,+9999,999*48
$GPNVS,1,155132,031026,A,N,64,N,0x00000,0x03,0x00,1,N*2D
$GPNVS,2,155132,031026,0.00,0.00,0.00,0.00,0.00,0.00,0.00,0.00,*69
$GPNVS,3,155132,031026,0.00,0.00,0.00,0.00,,0.00,0,0,1,+37.74,*45
$GPNVS,4,155132,031026,0.00,0.00,,,,,,,*6F
$GPNVS,5,155132,031026,5C9,0,0,+37.74,00000,00000,*23
$GPNVS,6,0,A,1,0x00000,0x03,,0x00,00,,0x00000,,*05
$GPNVS,7,155132,031026,A,71,0x00,3,-9,0,581421,+4.28,-4.11*73
$GPNVS,9,+9999999.9989,+2.77243,+9999999.949,15,+0.019,+0.37,,+37.74,50.0,50.0,*68
$GPNVS,10,1,0,0,-45,-45,2,100,0.5,1,4,30,1,+1,1.0,20,+14,1,2,8000,,,,*61
$GPNVS,15,0,0,0000,2400,2400.00,00000000,0.00,0.00,0.00,0.00,+9999,999*48
$GPNVS,1,155133,031026,A,N,64,N,0x00000,0x03,0x00,1,N*2C
$GPNVS,2,155133,031026,0.00,0.00,0.00,0.00,0.00,0.00,0.00,0.00,*68
$GPNVS,3,155133,031026,0.00,0.00,0.00,0.00,,0.00,0,0,1,+38.06,*4E
$GPNVS,4,155133,031026,0.00,0.00,,,,,,,*6E
$GPNVS,5,155133,031026,5C9,0,0,+38.06,00000,00000,*28
$GPNVS,6,0,A,1,0x00000,0x03,,0x00,00,,0x00000,,*05
$GPNVS,7,155133,031026,A,71,0x00,3,-10,0,581421,+4.27,-4.11*45
$GPNVS,9,+9999999.9989,+2.77243,+10000000.05,15,+0.019,+0.37,,+38.06,50.0,49.3,*60
$GPNVS,10,1,0,0,-50,-45,2,100,0.5,1,4,30,1,+0,1.0,20,+14,1,2,8000,,,,*64
$GPNVS,15,0,0,0000,2400,2400.00,00000000,0.00,0.00,0.00,0.00,+9999,999*48
$GPNVS,1,155134,031026,A,N,64,N,0x00000,0x03,0x00,1,N*2B
$GPNVS,2,155134,031026,0.00,0.00,0.00,0.00,0.00,0.00,0.00,0.00,*6F
$GPNVS,3,155134,031026,0.00,0.00,0.00,0.00,,0.00,0,0,1,+37.74,*43
$GPNVS,4,155134,031026,0.00,0.00,,,,,,,*69
$GPNVS,5,155134,031026,5C9,0,0,+37.74,00000,00000,*25
$GPNVS,6,0,A,1,0x00000,0x03,,0x00,00,,0x00000,,*05
$GPNVS,7,155134,031026,A,71,0x00,3,-10,0,581421,+4.28,-4.11*4D
$GPNVS,9,+9999999.9989,+2.77243,+10000000.00,15,+0.019,+0.37,,+37.74,50.0,49.0,*6C
$GPNVS,10,1,0,0,-50,-50,2,100,0.5,1,4,30,1,+0,1.0,20,-6,1,2,8000,,,,*55
$GPNVS,15,0,0,0000,2400,2400.00,00000000,0.00,0.00,0.00,0.00,-9999,999*4E
$GPNVS,1,155135,031026,A,N,64,N,0x00000,0x03,0x00,1,N*2A
$GPNVS,2,155135,031026,0.00,0.00,0.00,0.00,0.00,0.00,0.00,0.00,*6E
$GPNVS,3,155135,031026,0.00,0.00,0.00,0.00,,0.00,0,0,1,+37.74,*42
$GPNVS,4,155135,031026,0.00,0.00,,,,,,,*68
$GPNVS,5,155135,031026,5C9,0,0,+37.74,00000,00000,*24
$GPNVS,6,0,A,1,0x00000,0x03,,0x00,00,,0x00000,,*05
$GPNVS,7,155135,031026,A,71,0x00,3,-9,-1,581420,+4.27,-4.11*56
$GPNVS,9,+9999999.9989,+2.77242,+9999999.949,15,+0.019,+0.37,,+37.74,50.0,50.6,*6F
$GPNVS,10,1,0,0,-45,-45,2,100,0.5,1,4,30,1,+0,1.0,20,-6,1,2,8000,,,,*55
$GPNVS,15,0,0,0000,2400,2400.00,00000000,0.00,0.00,0.00,0.00,-9999,999*4E
$GPNVS,99,,,*5C
$GPNVS,1,155136,031026,A,N,64,N,0x00000,0x03,0x00,1,N*29
$GPNVS,2,155136,031026,0.00,0.00,0.00,0.00,0.00,0.00,0.00,0.00,*6D
$GPNVS,3,155136,031026,0.00,0.00,0.00,0.00,,0.00,0,0,1,+38.06,*4B
$GPNVS,4,155136,031026,0.00,0.00,,,,,,,*6B
$GPNVS,5,155136,031026,5C9,0,0,+38.06,00000,00000,*2D
$GPNVS,6,0,A,1,0x00000,0x03,,0x00,00,,0x00000,,*05
$GPNVS,7,155136,031026,A,71,0x00,3,-10,0,581420,+4.28,-4.11*4E
$GPNVS,9,+9999999.9989,+2.77242,+10000000.05,15,+0.019,+0.37,,+38.06,50.0,49.0,*62
$GPNVS,10,1,0,0,-50,-45,2,100,0.5,1,4,30,1,+0,1.0,20,-6,1,2,8000,,,,*51
$GPNVS,15,0,0,0000,2400,2400.00,00000000,0.00,0.00,0.00,0.00,-9999,999*4E
$GPNVS,1,155137,031026,A,N,64,N,0x00000,0x03,0x00,1,N*28
$GPNVS,2,155137,031026,0.00,0.00,0.00,0.00,0.00,0.00,0.00,0.00,*6C
$GPNVS,3,155137,031026,0.00,0.00,0.00,0.00,,0.00,0,0,1,+37.74,*40
$GPNVS,4,155137,031026,0.00,0.00,,,,,,,*6A
$GPNVS,5,155137,031026,5C9,0,0,+37.74,00000,00000,*26
$GPNVS,6,0,A,1,0x00000,0x03,,0x00,00,,0x00000,,*05
$GPNVS,7,155137,031026,A,71,0x00,3,-10,0,581420,+4.28,-4.11*4F
$GPNVS,9,+10000000.000,+2.77242,+10000000.00,15,+0.019,+0.37,,+37.74,50.0,50.3,*6F
$GPNVS,10,1,0,0,-50,-50,2,100,0.5,1,4,30,1,+0,1.0,20,-6,1,2,8000,,,,*55
$GPNVS,15,0,0,0000,2400,2400.00,00000000,0.00,0.00,0.00,0.00,-9999,999*4E
$GPNVS,1,155138,031026,A,N,64,N,0x00000,0x03,0x00,1,N*27
$GPNVS,2,155138,031026,0.00,0.00,0.00,0.00,0.00,0.00,0.00,0.00,*63
$GPNVS,3,155138,031026,0.00,0.00,0.00,0.00,,0.00,0,0,1,+38.06,*45
$GPNVS,4,155138,031026,0.00,0.00,,,,,,,*65
$GPNVS,5,155138,031026,5C9,0,0,+38.06,00000,00000,*23
$GPNVS,6,0,A,1,0x00000,0x03,,0x00,00,,0x00000,,*05
$GPNVS,7,155138,031026,A,71,0x00,3,-11,0,581420,+4.27,-4.11*4E
$GPNVS,9,+10000000.001,+2.77242,+10000000.05,15,+0.019,+0.37,,+38.06,50.0,49.0,*6A
$GPNVS,10,1,0,0,-55,-50,2,100,0.5,1,4,30,1,+0,1.0,20,-6,1,2,8000,,,,*50
$GPNVS,15,0,0,0000,2400,2400.00,00000000,0.00,0.00,0.00,0.00,-9999,999*4E
$GPNVS,1,155139,031026,A,N,64,N,0x00000,0x03,0x00,1,N*26
$GPNVS,2,155139,031026,0.00,0.00,0.00,0.00,0.00,0.00,0.00,0.00,*62
$GPNVS,3,155139,031026,0.00,0.00,0.00,0.00,,0.00,0,0,1,+38.06,*44
$GPNVS,4,155139,031026,0.00,0.00,,,,,,,*64
$GPNVS,5,155139,031026,5C9,0,0,+38.06,00000,00000,*22
$GPNVS,6,0,A,1,0x00000,0x03,,0x00,00,,0x00000,,*05
$GPNVS,7,155139,031026,A,71,0x00,3,-10,0,581420,+4.27,-4.11*4E
$GPNVS,9,+9999999.9989,+2.77242,+9999999.949,15,+0.019,+0.37,,+38.06,50.0,50.0,*63
$GPNVS,10,1,0,0,-50,-50,2,100,0.5,1,4,30,1,+0,1.0,20,-6,1,2,8000,,,,*55
$GPNVS,15,0,0,0000,2400,2400.00,00000000,0.00,0.00,0.00,0.00,-9999,999*4E
$GPNVS,1,155140,031026,A,N,64,N,0x00000,0x03,0x00,1,N*28
$GPNVS,2,155140,031026,0.00,0.00,0.00,0.00,0.00,0.00,0.00,0.00,*6C
$GPNVS,3,155140,031026,0.00,0.00,0.00,0.00,,0.00,0,0,1,+37.74,*40
$GPNVS,4,155140,031026,0.00,0.00,,,,,,,*6A
$GPNVS,5,155140,031026,5C9,0,0,+37.74,00000,00000,*26
$GPNVS,6,0,A,1,0x00000,0x03,,0x00,00,,0x00000,,*05
$GPNVS,7,155140,031026,A,71,0x00,3,-9,0,581420,+4.27,-4.11*78
$GPNVS,9,+9999999.9989,+2.77242,+9999999.949,15,+0.019,+0.37,,+37.74,50.0,50.0,*69
$GPNVS,10,1,0,0,-45,-45,2,100,0.5,1,4,30,1,+0,1.0,20,-6,1,2,8000,,,,*55
$GPNVS,15,0,0,0000,2400,2400.00,00000000,0.00,0.00,0.00,0.00,-9999,999*4E
$GPNVS,1,155141,031026,A,N,64,N,0x00000,0x03,0x00,1,N*29
$GPNVS,2,155141,031026,0.00,0.00,0.00,0.00,0.00,0.00,0.00,0.00,*6D
$GPNVS,3,155141,031026,0.00,0.00,0.00,0.00,,0.00,0,0,1,+37.74,*41
$GPNVS,4,155141,031026,0.00,0.00,,,,,,,*6B
$GPNVS,5,155141,031026,5C9,0,0,+37.74,00000,00000,*27
$GPNVS,6,0,A,1,0x00000,0x03,,0x00,00,,0x00000,,*05
$GPNVS,7,155141,031026,A,71,0x00,3,-10,0,581420,+4.28,-4.11*4E
$GPNVS,9,+9999999.9989,+2.77242,+10000000.05,15,+0.019,+0.37,,+37.74,50.0,50.0,*60
$GPNVS,10,1,0,0,-50,-45,2,100,0.5,1,4,30,1,+0,1.0,20,-6,1,2,8000,,,,*51
$GPNVS,15,0,0,0000,2400,2400.00,00000000,0.00,0.00,0.00,0.00,-9999,999*4E
$GPNVS,1,155142,031026,A,N,64,N,0x00000,0x03,0x00,1,N*2A
$GPNVS,2,155142,031026,0.00,0.00,0.00,0.00,0.00,0.00,0.00,0.00,*6E
$GPNVS,3,155142,031026,0.00,0.00,0.00,0.00,,0.00,0,0,1,+37.74,*42
$GPNVS,4,155142,031026,0.00,0.00,,,,,,,*68
$GPNVS,5,155142,031026,5C9,0,0,+37.74,00000,00000,*24
$GPNVS,6,0,A,1,0x00000,0x03,,0x00,00,,0x00000,,*05
$GPNVS,7,155142,031026,A,71,0x00,3,-9,0,581420,+4.28,-4.11*75
$GPNVS,9,+9999999.9979,+2.77242,+9999999.949,15,+0.019,+0.37,,+37.74,50.0,50.3,*65
$GPNVS,10,1,0,0,-45,-45,2,100,0.5,1,4,30,1,+0,1.0,20,-6,1,2,8000,,,,*55
$GPNVS,15,0,0,0000,2400,2400.00,00000000,0.00,0.00,0.00,0.00,-9999,999*4E
$GPNVS,1,155143,031026,A,N,64,N,0x00000,0x03,0x00,1,N*2B
$GPNVS,2,155143,031026,0.00,0.00,0.00,0.00,0.00,0.00,0.00,0.00,*6F
$GPNVS,3,155143,031026,0.00,0.00,0.00,0.00,,0.00,0,0,1,+38.06,*49
$GPNVS,4,155143,031026,0.00,0.00,,,,,,,*69
$GPNVS,5,155143,031026,5C9,0,0,+38.06,00000,00000,*2F
$GPNVS,6,0,A,1,0x00000,0x03,,0x00,00,,0x00000,,*05
$GPNVS,7,155143,031026,A,71,0x00,0,-10,0,581420,+4.27,-4.11*40
$GPNVS,9,+10000000.000,+2.77242,+10000000.05,15,+0.019,+0.37,,+38.06,50.0,50.0,*63
$GPNVS,10,1,0,0,-50,-45,2,100,0.5,1,4,30,1,+0,1.0,20,-6,1,2,8000,,,,*51
$GPNVS,15,0,0,0000,2400,2400.00,00000000,0.00,0.00,0.00,0.00,-9999,999*4E
$GPNVS,1,155144,031026,A,N,64,N,0x00000,0x03,0x00,1,N*2C
$GPNVS,2,155144,031026,0.00,0.00,0.00,0.00,0.00,0.00,0.00,0.00,*68
$GPNVS,3,155144,031026,0.00,0.00,0.00,0.00,,0.00,0,0,1,+37.74,*44
$GPNVS,4,155144,031026,0.00,0.00,,,,,,,*6E
$GPNVS,5,155144,031026,5C9,0,0,+37.74,00000,00000,*22
$GPNVS,6,0,A,1,0x00000,0x03,,0x00,00,,0x00000,,*05
$GPNVS,7,155144,031026,A,71,0x00,0,-10,-1,581419,+4.27,-4.11*61
$GPNVS,9,+9999999.9989,+2.77242,+10000000.00,15,+0.019,+0.37,,+37.74,50.0,49.0,*6D
$GPNVS,10,1,0,0,-50,-50,2,100,0.5,1,4,30,1,+0,1.0,20,-6,1,2,8000,,,,*55
$GPNVS,15,0,0,0000,2400,2400.00,00000000,0.00,0.00,0.00,0.00,-9999,999*4E
$GPNVS,1,155145,031026,A,N,64,N,0x00000,0x03,0x00,1,N*2D
$GPNVS,2,155145,031026,0.00,0.00,0.00,0.00,0.00,0.00,0.00,0.00,*69
$GPNVS,3,155145,031026,0.00,0.00,0.00,0.00,,0.00,0,0,1,+37.74,*45
$GPNVS,4,155145,031026,0.00,0.00,,,,,,,*6F
$GPNVS,5,155145,031026,5C9,0,0,+37.74,00000,00000,*23
$GPNVS,6,0,A,1,0x00000,0x03,,0x00,00,,0x00000,,*05
$GPNVS,7,155145,031026,A,71,0x00,0,-11,0,581419,+4.28,-4.11*42
$GPNVS,9,+10000000.001,+2.77242,+10000000.05,15,+0.019,+0.37,,+37.74,50.0,50.3,*6B
$GPNVS,10,1,0,0,-55,-50,2,100,0.5,1,4,30,1,+0,1.0,20,+10,1,2,8000,,,,*61
$GPNVS,15,0,0,0000,2400,2400.00,00000000,0.00,0.00,0.00,0.00,+9999,999*48
$GPNVS,1,155146,031026,A,N,64,N,0x00000,0x03,0x00,1,N*2E
$GPNVS,2,155146,031026,0.00,0.00,0.00,0.00,0.00,0.00,0.00,0.00,*6A
$GPNVS,3,155146,031026,0.00,0.00,0.00,0.00,,0.00,0,0,1,+38.06,*4C
$GPNVS,4,155146,031026,0.00,0.00,,,,,,,*6C
$GPNVS,5,155146,031026,5C9,0,0,+38.06,00000,00000,*2A
$GPNVS,6,0,A,1,0x00000,0x03,,0x00,00,,0x00000,,*05
$GPNVS,7,155146,031026,A,71,0x00,0,-10,0,581419,+4.28,-4.11*40
$GPNVS,9,+9999999.9989,+2.77242,+9999999.949,15,+0.019,+0.37,,+38.06,50.0,49.6,*6D
$GPNVS,10,1,0,0,-50,-50,2,100,0.5,1,4,30,1,+0,1.0,20,+10,1,2,8000,,,,*64
$GPNVS,15,0,0,0000,2400,2400.00,00000000,0.00,0.00,0.00,0.00,+9999,999*48
$GPNVS,1,155147,031026,A,N,64,N,0x00000,0x03,0x00,1,N*2F
$GPNVS,2,155147,031026,0.00,0.00,0.00,0.00,0.00,0.00,0.00,0.00,*6B
$GPNVS,3,155147,031026,0.00,0.00,0.00,0.00,,0.00,0,0,1,+38.06,*4D
$GPNVS,4,155147,031026,0.00,0.00,,,,,,,*6D
$GPNVS,5,155147,031026,5C9,0,0,+38.06,00000,00000,*2B
$GPNVS,6,0,A,1,0x00000,0x03,,0x00,00,,0x00000,,*05
$GPNVS,7,155147,031026,A,71,0x00,0,-8,0,581419,+4.27,-4.11*77
$GPNVS,9,+9999999.9969,+2.77242,+9999999.900,15,+0.019,+0.37,,+38.06,50.0,50.6,*66
$GPNVS,10,1,0,0,-40,-45,2,100,0.5,1,4,30,1,+0,1.0,20,+10,1,2,8000,,,,*61
$GPNVS,15,0,0,0000,2400,2400.00,00000000,0.00,0.00,0.00,0.00,+9999,999*48
$GPNVS,1,155148,031026,A,N,64,N,0x00000,0x03,0x00,1,N*20
$GPNVS,2,155148,031026,0.00,0.00,0.00,0.00,0.00,0.00,0.00,0.00,*64
$GPNVS,3,155148,031026,0.00,0.00,0.00,0.00,,0.00,0,0,1,+37.74,*48
$GPNVS,4,155148,031026,0.00,0.00,,,,,,,*62
$GPNVS,5,155148,031026,5C9,0,0,+37.74,00000,00000,*2E
$GPNVS,6,0,A,1,0x00000,0x03,,0x00,00,,0x00000,,*05
$GPNVS,7,155148,031026,A,71,0x00,0,-9,0,581419,+4.27,-4.11*79
$GPNVS,9,+9999999.9989,+2.77242,+10000000.05,15,+0.019,+0.37,,+37.74,50.0,49.3,*6B
$GPNVS,10,1,0,0,-45,-40,2,100,0.5,1,4,30,1,+0,1.0,20,+10,1,2,8000,,,,*61
$GPNVS,15,0,0,0000,2400,2400.00,00000000,0.00,0.00,0.00,0.00,+9999,999*48
$GPNVS,1,155149,031026,A,N,64,N,0x00000,0x03,0x00,1,N*21
$GPNVS,2,155149,031026,0.00,0.00,0.00,0.00,0.00,0.00,0.00,0.00,*65
$GPNVS,3,155149,031026,0.00,0.00,0.00,0.00,,0.00,0,0,1,+38.06,*43
$GPNVS,4,155149,031026,0.00,0.00,,,,,,,*63
$GPNVS,5,155149,031026,5C9,0,0,+38.06,00000,00000,*25
$GPNVS,6,0,A,1,0x00000,0x03,,0x00,00,,0x00000,,*05
$GPNVS,7,155149,031026,A,71,0x00,0,-7,0,581419,+4.27,-4.11*76
$GPNVS,9,+9999999.9959,+2.77242,+9999999.900,15,+0.019,+0.37,,+38.06,50.0,50.3,*60
$GPNVS,10,1,0,0,-35,-40,2,100,0.5,1,4,30,1,+0,1.0,20,+10,1,2,8000,,,,*66
$GPNVS,15,0,0,0000,2400,2400.00,00000000,0.00,0.00,0.00,0.00,+9999,999*48
$GPNVS,1,155150,031026,A,N,64,N,0x00000,0x03,0x00,1,N*29
$GPNVS,2,155150,031026,0.00,0.00,0.00,0.00,0.00,0.00,0.00,0.00,*6D
$GPNVS,3,155150,031026,0.00,0.00,0.00,0.00,,0.00,0,0,1,+37.74,*41
$GPNVS,4,155150,031026,0.00,0.00,,,,,,,*6B
$GPNVS,5,155150,031026,5C9,0,0,+37.74,00000,00000,*27
$GPNVS,6,0,A,1,0x00000,0x03,,0x00,00,,0x00000,,*05
$GPNVS,7,155150,031026,A,71,0x00,0,-7,0,581419,+4.28,-4.11*71
$GPNVS,9,+9999999.9969,+2.77242,+10000000.00,15,+0.019,+0.37,,+37.74,50.0,50.0,*6B
$GPNVS,10,1,0,0,-35,-35,2,100,0.5,1,4,30,1,+1,1.0,20,+10,1,2,8000,,,,*65
$GPNVS,15,0,0,0000,2400,2400.00,00000000,0.00,0.00,0.00,0.00,+9999,999*48
$GPNVS,99,,,*5C
$GPNVS,1,155151,031026,A,N,64,N,0x00000,0x03,0x00,1,N*28
$GPNVS,2,155151,031026,0.00,0.00,0.00,0.00,0.00,0.00,0.00,0.00,*6C
$GPNVS,3,155151,031026,0.00,0.00,0.00,0.00,,0.00,0,0,1,+38.06,*4A
$GPNVS,4,155151,031026,0.00,0.00,,,,,,,*6A
$GPNVS,5,155151,031026,5C9,0,0,+38.06,00000,00000,*2C
$GPNVS,6,0,A,1,0x00000,0x03,,0x00,00,,0x00000,,*05
$GPNVS,7,155151,031026,A,71,0x00,0,-6,0,581419,+4.27,-4.11*7E
$GPNVS,9,+9999999.9950,+2.77242,+9999999.949,15,+0.019,+0.37,,+38.06,50.0,50.3,*64
$GPNVS,10,1,0,0,-30,-30,2,100,0.5,1,4,30,1,+2,1.0,20,+10,1,2,8000,,,,*66
$GPNVS,15,0,0,0000,2400,2400.00,00000000,0.00,0.00,0.00,0.00,+9999,999*48
$GPNVS,1,155152,031026,A,N,64,N,0x00000,0x03,0x00,1,N*2B
$GPNVS,2,155152,031026,0.00,0.00,0.00,0.00,0.00,0.00,0.00,0.00,*6F
$GPNVS,3,155152,031026,0.00,0.00,0.00,0.00,,0.00,0,0,1,+38.06,*49
$GPNVS,4,155152,031026,0.00,0.00,,,,,,,*69
$GPNVS,5,155152,031026,5C9,0,0,+38.06,00000,00000,*2F
$GPNVS,6,0,A,1,0x00000,0x03,,0x00,00,,0x00000,,*05
$GPNVS,7,155152,031026,A,71,0x00,0,-6,1,581420,+4.28,-4.11*79
$GPNVS,9,+9999999.9959,+2.77242,+10000000.00,15,+0.019,+0.37,,+38.06,50.0,50.3,*61
$GPNVS,10,1,0,0,-30,-30,2,100,0.5,1,4,30,1,+3,1.0,20,+10,1,2,8000,,,,*67
$GPNVS,15,0,0,0000,2400,2400.00,00000000,0.00,0.00,0.00,0.00,+9999,999*48
$GPNVS,1,155153,031026,A,N,64,N,0x00000,0x03,0x00,1,N*2A
$GPNVS,2,155153,031026,0.00,0.00,0.00,0.00,0.00,0.00,0.00,0.00,*6E
$GPNVS,3,155153,031026,0.00,0.00,0.00,0.00,,0.00,0,0,1,+37.74,*42
$GPNVS,4,155153,031026,0.00,0.00,,,,,,,*68
$GPNVS,5,155153,031026,5C9,0,0,+37.74,00000,00000,*24
$GPNVS,6,0,A,1,0x00000,0x03,,0x00,00,,0x00000,,*05
$GPNVS,7,155153,031026,A,71,0x00,0,-4,0,581420,+4.28,-4.11*7B
$GPNVS,9,+9999999.9930,+2.77242,+9999999.900,15,+0.019,+0.37,,+37.74,50.0,49.6,*68
$GPNVS,10,1,0,0,-20,-25,2,100,0.5,1,4,30,1,+3,1.0,20,+10,1,2,8000,,,,*62
$GPNVS,15,0,0,0000,2400,2400.00,00000000,0.00,0.00,0.00,0.00,+9999,999*48
$GPNVS,1,155154,031026,A,N,64,N,0x00000,0x03,0x00,1,N*2D
$GPNVS,2,155154,031026,0.00,0.00,0.00,0.00,0.00,0.00,0.00,0.00,*69
$GPNVS,3,155154,031026,0.00,0.00,0.00,0.00,,0.00,0,0,1,+37.74,*45
$GPNVS,4,155154,031026,0.00,0.00,,,,,,,*6F
$GPNVS,5,155154,031026,5C9,0,0,+37.74,00000,00000,*23
$GPNVS,6,0,A,1,0x00000,0x03,,0x00,00,,0x00000,,*05
$GPNVS,7,155154,031026,A,71,0x00,0,-4,1,581421,+4.28,-4.11*7C
$GPNVS,9,+9999999.9930,+2.77243,+10000000.00,15,+0.019,+0.37,,+37.74,50.0,50.3,*65
$GPNVS,10,1,0,0,-20,-20,2,100,0.5,1,4,30,1,+4,1.0,20,+10,1,2,8000,,,,*60
$GPNVS,15,0,0,0000,2400,2400.00,00000000,0.00,0.00,0.00,0.00,+9999,999*48
$GPNVS,1,155155,031026,A,N,64,N,0x00000,0x03,0x00,1,N*2C
$GPNVS,2,155155,031026,0.00,0.00,0.00,0.00,0.00,0.00,0.00,0.00,*68
$GPNVS,3,155155,031026,0.00,0.00,0.00,0.00,,0.00,0,0,1,+38.06,*4E
$GPNVS,4,155155,031026,0.00,0.00,,,,,,,*6E
$GPNVS,5,155155,031026,5C9,0,0,+38.06,00000,00000,*28
$GPNVS,6,0,A,1,0x00000,0x03,,0x00,00,,0x00000,,*05
$GPNVS,7,155155,031026,A,71,0x00,0,-4,1,581422,+4.27,-4.11*71
$GPNVS,9,+9999999.9930,+2.77243,+10000000.00,15,+0.019,+0.37,,+38.06,50.0,50.3,*6F
$GPNVS,10,1,0,0,-20,-20,2,100,0.5,1,4,30,1,+4,1.0,20,+10,1,2,8000,,,,*60
$GPNVS,15,0,0,0000,2400,2400.00,00000000,0.00,0.00,0.00,0.00,+9999,999*48
$GPNVS,1,155156,031026,A,N,64,N,0x00000,0x03,0x00,1,N*2F
$GPNVS,2,155156,031026,0.00,0.00,0.00,0.00,0.00,0.00,0.00,0.00,*6B
$GPNVS,3,155156,031026,0.00,0.00,0.00,0.00,,0.00,0,0,1,+37.74,*47
$GPNVS,4,155156,031026,0.00,0.00,,,,,,,*6D
$GPNVS,5,155156,031026,5C9,0,0,+37.74,00000,00000,*21
$GPNVS,6,0,A,1,0x00000,0x03,,0x00,00,,0x00000,,*05
$GPNVS,7,155156,031026,A,71,0x00,0,-3,1,581423,+4.27,-4.11*74
$GPNVS,9,+9999999.9920,+2.77244,+9999999.949,15,+0.019,+0.37,,+37.74,50.0,50.6,*6A
$GPNVS,10,1,0,0,-15,-15,2,100,0.5,1,4,30,1,+6,1.0,20,-10,1,2,8000,,,,*64
$GPNVS,15,0,0,0000,2400,2400.00,00000000,0.00,0.00,0.00,0.00,-9999,999*4E
$GPNVS,1,155157,031026,A,N,64,N,0x00000,0x03,0x00,1,N*2E
$GPNVS,2,155157,031026,0.00,0.00,0.00,0.00,0.00,0.00,0.00,0.00,*6A
$GPNVS,3,155157,031026,0.00,0.00,0.00,0.00,,0.00,0,0,1,+38.06,*4C
$GPNVS,4,155157,031026,0.00,0.00,,,,,,,*6C
$GPNVS,5,155157,031026,5C9,0,0,+38.06,00000,00000,*2A
$GPNVS,6,0,A,1,0x00000,0x03,,0x00,00,,0x00000,,*05
$GPNVS,7,155157,031026,A,71,0x00,0,-1,2,581425,+4.27,-4.11*72
$GPNVS,9,+9999999.9900,+2.77245,+9999999.900,15,+0.019,+0.37,,+38.06,50.0,49.3,*63
$GPNVS,10,1,0,0,-5,-10,2,100,0.5,1,4,30,1,+6,1.0,20,-10,1,2,8000,,,,*50
$GPNVS,15,0,0,0000,2400,2400.00,00000000,0.00,0.00,0.00,0.00,-9999,999*4E
$GPNVS,1,155158,031026,A,N,64,N,0x00000,0x03,0x00,1,N*21
$GPNVS,2,155158,031026,0.00,0.00,0.00,0.00,0.00,0.00,0.00,0.00,*65
$GPNVS,3,155158,031026,0.00,0.00,0.00,0.00,,0.00,0,0,1,+38.06,*43
$GPNVS,4,155158,031026,0.00,0.00,,,,,,,*63
$GPNVS,5,155158,031026,5C9,0,0,+38.06,00000,00000,*25
$GPNVS,6,0,A,1,0x00000,0x03,,0x00,00,,0x00000,,*05
$GPNVS,7,155158,031026,A,71,0x00,192,-2,2,581427,+4.27,-4.11*76
$GPNVS,9,+9999999.9910,+2.77246,+10000000.05,15,+0.019,+0.37,,+38.06,50.0,50.3,*6D
$GPNVS,10,1,0,0,-10,-5,2,100,0.5,1,11,30,1,+6,1.0,20,-10,1,2,8000,,,,*64
$GPNVS,15,0,0,0000,2400,2400.00,00000000,0.00,0.00,0.00,0.00,-9999,999*4E
$GPNVS,1,155159,031026,A,N,64,N,0x00000,0x03,0x00,1,N*20
$GPNVS,2,155159,031026,0.00,0.00,0.00,0.00,0.00,0.00,0.00,0.00,*64
$GPNVS,3,155159,031026,0.00,0.00,0.00,0.00,,0.00,0,0,1,+38.06,*42
$GPNVS,4,155159,031026,0.00,0.00,,,,,,,*62
$GPNVS,5,155159,031026,5C9,0,0,+38.06,00000,00000,*24
$GPNVS,6,0,A,1,0x00000,0x03,,0x00,00,,0x00000,,*05
$GPNVS,7,155159,031026,A,71,0x00,192,-2,2,581429,+4.27,-4.11*79
$GPNVS,9,+9999999.9910,+2.77247,+10000000.00,15,+0.019,+0.37,,+38.06,50.0,50.6,*6C
$GPNVS,10,1,0,0,-10,-10,2,100,0.5,1,11,30,1,+7,1.0,20,-10,1,2,8000,,,,*51
$GPNVS,15,0,0,0000,2400,2400.00,00000000,0.00,0.00,0.00,0.00,-9999,999*4E
$GPNVS,1,155200,031026,A,N,64,N,0x00000,0x03,0x00,1,N*2F
$GPNVS,2,155200,031026,0.00,0.00,0.00,0.00,0.00,0.00,0.00,0.00,*6B
$GPNVS,3,155200,031026,0.00,0.00,0.00,0.00,,0.00,0,0,1,+38.06,*4D
$GPNVS,4,155200,031026,0.00,0.00,,,,,,,*6D
$GPNVS,5,155200,031026,5C9,0,0,+38.06,00000,00000,*2B
$GPNVS,6,0,A,1,0x00000,0x03,,0x00,00,,0x00000,,*05
$GPNVS,7,155200,031026,A,71,0x00,192,0,2,581431,+4.27,-4.11*50
$GPNVS,9,+9999999.9900,+2.77248,+9999999.900,15,+0.019,+0.37,,+38.06,50.0,49.0,*6D
$GPNVS,10,1,0,0,+0,-5,2,100,0.5,1,11,30,1,+8,1.0,20,-10,1,2,8000,,,,*5D
$GPNVS,15,0,0,0000,2400,2400.00,00000000,0.00,0.00,0.00,0.00,-9999,999*4E
$GPNVS,1,155201,031026,A,N,64,N,0x00000,0x03,0x00,1,N*2E
$GPNVS,2,155201,031026,0.00,0.00,0.00,0.00,0.00,0.00,0.00,0.00,*6A
$GPNVS,3,155201,031026,0.00,0.00,0.00,0.00,,0.00,0,0,1,+38.06,*4C
$GPNVS,4,155201,031026,0.00,0.00,,,,,,,*6C
$GPNVS,5,155201,031026,5C9,0,0,+38.06,00000,00000,*2A
$GPNVS,6,0,A,1,0x00000,0x03,,0x00,00,,0x00000,,*05
$GPNVS,7,155201,031026,A,71,0x00,192,0,2,581433,+4.27,-4.11*53
$GPNVS,9,+9999999.9890,+2.77249,+10000000.00,15,+0.019,+0.37,,+38.06,50.0,49.3,*66
$GPNVS,10,1,0,0,+0,+0,2,100,0.5,1,11,30,1,+8,1.0,20,-10,1,2,8000,,,,*5E
$GPNVS,15,0,0,0000,2400,2400.00,00000000,0.00,0.00,0.00,0.00,-9999,999*4E
$GPNVS,1,155202,031026,A,N,64,N,0x00000,0x03,0x00,1,N*2D
$GPNVS,2,155202,031026,0.00,0.00,0.00,0.00,0.00,0.00,0.00,0.00,*69
$GPNVS,3,155202,031026,0.00,0.00,0.00,0.00,,0.00,0,0,1,+38.06,*4F
$GPNVS,4,155202,031026,0.00,0.00,,,,,,,*6F
$GPNVS,5,155202,031026,5C9,0,0,+38.06,00000,00000,*29
$GPNVS,6,0,A,1,0x00000,0x03,,0x00,00,,0x00000,,*05
$GPNVS,7,155202,031026,A,71,0x00,192,0,2,581435,+4.28,-4.11*59
$GPNVS,9,+9999999.9900,+2.77250,+10000000.00,15,+0.019,+0.37,,+38.06,50.0,49.3,*66
$GPNVS,10,1,0,0,+0,+0,2,100,0.5,1,11,30,1,+9,1.0,20,-10,1,2,8000,,,,*5F
$GPNVS,15,0,0,0000,2400,2400.00,00000000,0.00,0.00,0.00,0.00,-9999,999*4E
$GPNVS,1,155203,031026,A,N,64,N,0x00000,0x03,0x00,1,N*2C
$GPNVS,2,155203,031026,0.00,0.00,0.00,0.00,0.00,0.00,0.00,0.00,*68
$GPNVS,3,155203,031026,0.00,0.00,0.00,0.00,,0.00,0,0,1,+38.06,*4E
$GPNVS,4,155203,031026,0.00,0.00,,,,,,,*6E
$GPNVS,5,155203,031026,5C9,0,0,+38.06,00000,00000,*28
$GPNVS,6,0,A,1,0x00000,0x03,,0x00,00,,0x00000,,*05
$GPNVS,7,155203,031026,A,71,0x00,192,1,3,581438,+4.28,-4.11*55
$GPNVS,9,+9999999.9879,+2.77251,+9999999.949,15,+0.019,+0.37,,+38.06,50.0,50.0,*6F
$GPNVS,10,1,0,0,+5,+0,2,100,0.5,1,11,30,1,+9,1.0,20,-10,1,2,8000,,,,*5A
$GPNVS,15,0,0,0000,2400,2400.00,00000000,0.00,0.00,0.00,0.00,-9999,999*4E
$GPNVS,1,155204,031026,A,N,64,N,0x00000,0x03,0x00,1,N*2B
$GPNVS,2,155204,031026,0.00,0.00,0.00,0.00,0.00,0.00,0.00,0.00,*6F
$GPNVS,3,155204,031026,0.00,0.00,0.00,0.00,,0.00,0,0,1,+38.06,*49
$GPNVS,4,155204,031026,0.00,0.00,,,,,,,*69
$GPNVS,5,155204,031026,5C9,0,0,+38.06,00000,00000,*2F
$GPNVS,6,0,A,1,0x00000,0x03,,0x00,00,,0x00000,,*05
$GPNVS,7,155204,031026,A,71,0x00,192,1,2,581440,+4.28,-4.11*5C
$GPNVS,9,+9999999.9890,+2.77252,+10000000.00,15,+0.019,+0.37,,+38.06,50.0,50.0,*67
$GPNVS,10,1,0,0,+5,+5,2,100,0.5,1,11,30,1,+8,1.0,20,-10,1,2,8000,,,,*5E
$GPNVS,15,0,0,0000,2400,2400.00,00000000,0.00,0.00,0.00,0.00,-9999,999*4E
$GPNVS,1,155205,031026,A,N,64,N,0x00000,0x03,0x00,1,N*2A
$GPNVS,2,155205,031026,0.00,0.00,0.00,0.00,0.00,0.00,0.00,0.00,*6E
$GPNVS,3,155205,031026,0.00,0.00,0.00,0.00,,0.00,0,0,1,+37.74,*42
$GPNVS,4,155205,031026,0.00,0.00,,,,,,,*68
$GPNVS,5,155205,031026,5C9,0,0,+37.74,00000,00000,*24
$GPNVS,6,0,A,1,0x00000,0x03,,0x00,00,,0x00000,,*05
$GPNVS,7,155205,031026,A,71,0x00,192,0,3,581443,+4.27,-4.11*51
$GPNVS,9,+9999999.9890,+2.77253,+10000000.05,15,+0.019,+0.37,,+37.74,50.0,50.0,*69
$GPNVS,10,1,0,0,+0,+0,2,100,0.5,1,11,30,1,+7,1.0,20,-10,1,2,8000,,,,*51
$GPNVS,15,0,0,0000,2400,2400.00,00000000,0.00,0.00,0.00,0.00,-9999,999*4E
$GPNVS,99,,,*5C
$GPNVS,1,155206,031026,A,N,64,N,0x00000,0x03,0x00,1,N*29
$GPNVS,2,155206,031026,0.00,0.00,0.00,0.00,0.00,0.00,0.00,0.00,*6D
$GPNVS,3,155206,031026,0.00,0.00,0.00,0.00,,0.00,0,0,1,+38.06,*4B
$GPNVS,4,155206,031026,0.00,0.00,,,,,,,*6B
$GPNVS,5,155206,031026,5C9,0,0,+38.06,00000,00000,*2D
$GPNVS,6,0,A,1,0x00000,0x03,,0x00,00,,0x00000,,*05
$GPNVS,7,155206,031026,A,71,0x00,192,1,2,581445,+4.27,-4.11*54
$GPNVS,9,+9999999.9890,+2.77254,+9999999.949,15,+0.019,+0.37,,+38.06,50.0,50.6,*6B
$GPNVS,10,1,0,0,+5,+0,2,100,0.5,1,11,30,1,+7,1.0,20,+6,1,2,8000,,,,*65
$GPNVS,15,0,0,0000,2400,2400.00,00000000,0.00,0.00,0.00,0.00,+9999,999*48
$GPNVS,1,155207,031026,A,N,64,N,0x00000,0x03,0x00,1,N*28
$GPNVS,2,155207,031026,0.00,0.00,0.00,0.00,0.00,0.00,0.00,0.00,*6C
$GPNVS,3,155207,031026,0.00,0.00,0.00,0.00,,0.00,0,0,1,+37.74,*40
$GPNVS,4,155207,031026,0.00,0.00,,,,,,,*6A
$GPNVS,5,155207,031026,5C9,0,0,+37.74,00000,00000,*26
$GPNVS,6,0,A,1,0x00000,0x03,,0x00,00,,0x00000,,*05
$GPNVS,7,155207,031026,A,71,0x00,192,1,3,581448,+4.27,-4.11*59
$GPNVS,9,+9999999.9879,+2.77256,+10000000.00,15,+0.019,+0.37,,+37.74,50.0,50.0,*6E
$GPNVS,10,1,0,0,+5,+5,2,100,0.5,1,11,30,1,+7,1.0,20,+6,1,2,8000,,,,*60
$GPNVS,15,0,0,0000,2400,2400.00,00000000,0.00,0.00,0.00,0.00,+9999,999*48
$GPNVS,1,155208,031026,A,N,64,N,0x00000,0x03,0x00,1,N*27
$GPNVS,2,155208,031026,0.00,0.00,0.00,0.00,0.00,0.00,0.00,0.00,*63
$GPNVS,3,155208,031026,0.00,0.00,0.00,0.00,,0.00,0,0,1,+38.06,*45
$GPNVS,4,155208,031026,0.00,0.00,,,,,,,*65
$GPNVS,5,155208,031026,5C9,0,0,+38.06,00000,00000,*23
$GPNVS,6,0,A,1,0x00000,0x03,,0x00,00,,0x00000,,*05
$GPNVS,7,155208,031026,A,71,0x00,192,2,3,581451,+4.27,-4.11*5D
$GPNVS,9,+9999999.9879,+2.77257,+9999999.949,15,+0.019,+0.37,,+38.06,50.0,49.6,*67
$GPNVS,10,1,0,0,+10,+5,2,100,0.5,1,11,30,1,+7,1.0,20,+6,1,2,8000,,,,*54
$GPNVS,15,0,0,0000,2400,2400.00,00000000,0.00,0.00,0.00,0.00,+9999,999*48
$GPNVS,1,155209,031026,A,N,64,N,0x00000,0x03,0x00,1,N*26
$GPNVS,2,155209,031026,0.00,0.00,0.00,0.00,0.00,0.00,0.00,0.00,*62
$GPNVS,3,155209,031026,0.00,0.00,0.00,0.00,,0.00,0,0,1,+38.06,*44
$GPNVS,4,155209,031026,0.00,0.00,,,,,,,*64
$GPNVS,5,155209,031026,5C9,0,0,+38.06,00000,00000,*22
$GPNVS,6,0,A,1,0x00000,0x03,,0x00,00,,0x00000,,*05
$GPNVS,7,155209,031026,A,71,0x00,192,1,2,581453,+4.28,-4.11*53
$GPNVS,9,+9999999.9879,+2.77258,+10000000.05,15,+0.019,+0.37,,+38.06,50.0,49.3,*64
$GPNVS,10,1,0,0,+5,+5,2,100,0.5,1,11,30,1,+5,1.0,20,+6,1,2,8000,,,,*62
$GPNVS,15,0,0,0000,2400,2400.00,00000000,0.00,0.00,0.00,0.00,+9999,999*48
$GPNVS,1,155210,031026,A,N,64,N,0x00000,0x03,0x00,1,N*2E
$GPNVS,2,155210,031026,0.00,0.00,0.00,0.00,0.00,0.00,0.00,0.00,*6A
$GPNVS,3,155210,031026,0.00,0.00,0.00,0.00,,0.00,0,0,1,+38.06,*4C
$GPNVS,4,155210,031026,0.00,0.00,,,,,,,*6C
$GPNVS,5,155210,031026,5C9,0,0,+38.06,00000,00000,*2A
$GPNVS,6,0,A,1,0x00000,0x03,,0x00,00,,0x00000,,*05
$GPNVS,7,155210,031026,A,71,0x00,192,2,3,581456,+4.27,-4.11*53
$GPNVS,9,+9999999.9879,+2.77260,+9999999.949,15,+0.019,+0.37,,+38.06,50.0,50.6,*6B
$GPNVS,10,1,0,0,+10,+5,2,100,0.5,1,11,30,1,+5,1.0,20,+6,1,2,8000,,,,*56
$GPNVS,15,0,0,0000,2400,2400.00,00000000,0.00,0.00,0.00,0.00,+9999,999*48
$GPNVS,1,155211,031026,A,N,64,N,0x00000,0x03,0x00,1,N*2F
$GPNVS,2,155211,031026,0.00,0.00,0.00,0.00,0.00,0.00,0.00,0.00,*6B
$GPNVS,3,155211,031026,0.00,0.00,0.00,0.00,,0.00,0,0,1,+38.06,*4D
$GPNVS,4,155211,031026,0.00,0.00,,,,,,,*6D
$GPNVS,5,155211,031026,5C9,0,0,+38.06,00000,00000,*2B
$GPNVS,6,0,A,1,0x00000,0x03,,0x00,00,,0x00000,,*05
$GPNVS,7,155211,031026,A,71,0x00,192,1,3,581459,+4.28,-4.11*51
$GPNVS,9,+9999999.9890,+2.77261,+10000000.05,15,+0.019,+0.37,,+38.06,50.0,50.6,*64
$GPNVS,10,1,0,0,+5,+5,2,100,0.5,1,11,30,1,+5,1.0,20,+6,1,2,8000,,,,*62
$GPNVS,15,0,0,0000,2400,2400.00,00000000,0.00,0.00,0.00,0.00,+9999,999*48
$GPNVS,1,155212,031026,A,N,64,N,0x00000,0x03,0x00,1,N*2C
$GPNVS,2,155212,031026,0.00,0.00,0.00,0.00,0.00,0.00,0.00,0.00,*68
$GPNVS,3,155212,031026,0.00,0.00,0.00,0.00,,0.00,0,0,1,+38.06,*4E
$GPNVS,4,155212,031026,0.00,0.00,,,,,,,*6E
$GPNVS,5,155212,031026,5C9,0,0,+38.06,00000,00000,*28
$GPNVS,6,0,A,1,0x00000,0x03,,0x00,00,,0x00000,,*05
$GPNVS,7,155212,031026,A,71,0x00,192,2,3,581462,+4.28,-4.11*59
$GPNVS,9,+9999999.9869,+2.77262,+9999999.949,15,+0.019,+0.37,,+38.06,50.0,49.3,*65
$GPNVS,10,1,0,0,+10,+5,2,100,0.5,1,11,30,1,+4,1.0,20,+6,1,2,8000,,,,*57
$GPNVS,15,0,0,0000,2400,2400.00,00000000,0.00,0.00,0.00,0.00,+9999,999*48
$GPNVS,1,155213,031026,A,N,64,N,0x00000,0x03,0x00,1,N*2D
$GPNVS,2,155213,031026,0.00,0.00,0.00,0.00,0.00,0.00,0.00,0.00,*69
$GPNVS,3,155213,031026,0.00,0.00,0.00,0.00,,0.00,0,0,1,+38.06,*4F
$GPNVS,4,155213,031026,0.00,0.00,,,,,,,*6F
$GPNVS,5,155213,031026,5C9,0,0,+38.06,00000,00000,*29
$GPNVS,6,0,A,1,0x00000,0x03,,0x00,00,,0x00000,,*05
$GPNVS,7,155213,031026,A,71,0x00,27,1,2,581464,+4.27,-4.11*6C
$GPNVS,9,+9999999.9890,+2.77263,+10000000.05,15,+0.019,+0.37,,+38.06,50.0,50.0,*60
$GPNVS,10,1,0,0,+5,+5,2,100,0.5,1,11,30,1,+3,1.0,20,+6,1,2,8000,,,,*64
$GPNVS,15,0,0,0000,2400,2400.00,00000000,0.00,0.00,0.00,0.00,+9999,999*48
$GPNVS,1,155214,031026,A,N,64,N,0x00000,0x03,0x00,1,N*2A
$GPNVS,2,155214,031026,0.00,0.00,0.00,0.00,0.00,0.00,0.00,0.00,*6E
$GPNVS,3,155214,031026,0.00,0.00,0.00,0.00,,0.00,0,0,1,+38.06,*48
$GPNVS,4,155214,031026,0.00,0.00,,,,,,,*68
$GPNVS,5,155214,031026,5C9,0,0,+38.06,00000,00000,*2E
$GPNVS,6,0,A,1,0x00000,0x03,,0x00,00,,0x00000,,*05
$GPNVS,7,155214,031026,A,71,0x00,27,3,3,581467,+4.28,-4.11*64
$GPNVS,9,+9999999.9879,+2.77265,+9999999.900,15,+0.019,+0.37,,+38.06,50.0,50.0,*65
$GPNVS,10,1,0,0,+15,+10,2,100,0.5,1,11,30,1,+4,1.0,20,+6,1,2,8000,,,,*66
$GPNVS,15,0,0,0000,2400,2400.00,00000000,0.00,0.00,0.00,0.00,+9999,999*48
$GPNVS,1,155215,031026,A,N,64,N,0x00000,0x03,0x00,1,N*2B
$GPNVS,2,155215,031026,0.00,0.00,0.00,0.00,0.00,0.00,0.00,0.00,*6F
$GPNVS,3,155215,031026,0.00,0.00,0.00,0.00,,0.00,0,0,1,+38.06,*49
$GPNVS,4,155215,031026,0.00,0.00,,,,,,,*69
$GPNVS,5,155215,031026,5C9,0,0,+38.06,00000,00000,*2F
$GPNVS,6,0,A,1,0x00000,0x03,,0x00,00,,0x00000,,*05
$GPNVS,7,155215,031026,A,71,0x00,27,3,3,581470,+4.27,-4.11*6C
$GPNVS,9,+9999999.9869,+2.77266,+10000000.00,15,+0.019,+0.37,,+38.06,50.0,49.0,*6E
$GPNVS,10,1,0,0,+15,+15,2,100,0.5,1,11,30,1,+3,1.0,20,+6,1,2,8000,,,,*64
$GPNVS,15,0,0,0000,2400,2400.00,00000000,0.00,0.00,0.00,0.00,+9999,999*48
$GPNVS,1,155216,031026,A,N,64,N,0x00000,0x03,0x00,1,N*28
$GPNVS,2,155216,031026,0.00,0.00,0.00,0.00,0.00,0.00,0.00,0.00,*6C
$GPNVS,3,155216,031026,0.00,0.00,0.00,0.00,,0.00,0,0,1,+38.06,*4A
$GPNVS,4,155216,031026,0.00,0.00,,,,,,,*6A
$GPNVS,5,155216,031026,5C9,0,0,+38.06,00000,00000,*2C
$GPNVS,6,0,A,1,0x00000,0x03,,0x00,00,,0x00000,,*05
$GPNVS,7,155216,031026,A,71,0x00,27,2,3,581473,+4.28,-4.11*62
$GPNVS,9,+9999999.9879,+2.77268,+10000000.05,15,+0.019,+0.37,,+38.06,50.0,51.2,*6F
$GPNVS,10,1,0,0,+10,+10,2,100,0.5,1,11,30,1,+2,1.0,20,+6,1,2,8000,,,,*65
$GPNVS,15,0,0,0000,2400,2400.00,00000000,0.00,0.00,0.00,0.00,+9999,999*48
$GPNVS,1,155217,031026,A,N,64,N,0x00000,0x03,0x00,1,N*29
$GPNVS,2,155217,031026,0.00,0.00,0.00,0.00,0.00,0.00,0.00,0.00,*6D
$GPNVS,3,155217,031026,0.00,0.00,0.00,0.00,,0.00,0,0,1,+38.06,*4B
$GPNVS,4,155217,031026,0.00,0.00,,,,,,,*6B
$GPNVS,5,155217,031026,5C9,0,0,+38.06,00000,00000,*2D
$GPNVS,6,0,A,1,0x00000,0x03,,0x00,00,,0x00000,,*05
$GPNVS,7,155217,031026,A,71,0x00,27,3,2,581475,+4.28,-4.11*65
$GPNVS,9,+9999999.9859,+2.77269,+9999999.949,15,+0.019,+0.37,,+38.06,50.0,50.0,*66
$GPNVS,10,1,0,0,+15,+10,2,100,0.5,1,11,30,1,+2,1.0,20,-14,1,2,8000,,,,*55
$GPNVS,15,0,0,0000,2400,2400.00,00000000,0.00,0.00,0.00,0.00,-9999,999*4E
$GPNVS,1,155218,031026,A,N,64,N,0x00000,0x03,0x00,1,N*26
$GPNVS,2,155218,031026,0.00,0.00,0.00,0.00,0.00,0.00,0.00,0.00,*62
$GPNVS,3,155218,031026,0.00,0.00,0.00,0.00,,0.00,0,0,1,+38.06,*44
$GPNVS,4,155218,031026,0.00,0.00,,,,,,,*64
$GPNVS,5,155218,031026,5C9,0,0,+38.06,00000,00000,*22
$GPNVS,6,0,A,1,0x00000,0x03,,0x00,00,,0x00000,,*05
$GPNVS,7,155218,031026,A,71,0x00,27,3,3,581478,+4.27,-4.11*69
$GPNVS,9,+9999999.9869,+2.77270,+10000000.00,15,+0.019,+0.37,,+38.06,50.0,50.0,*61
$GPNVS,10,1,0,0,+15,+15,2,100,0.5,1,11,30,1,+3,1.0,20,-14,1,2,8000,,,,*51
$GPNVS,15,0,0,0000,2400,2400.00,00000000,0.00,0.00,0.00,0.00,-9999,999*4E
$GPNVS,1,155219,031026,A,N,64,N,0x00000,0x03,0x00,1,N*27
$GPNVS,2,155219,031026,0.00,0.00,0.00,0.00,0.00,0.00,0.00,0.00,*63
$GPNVS,3,155219,031026,0.00,0.00,0.00,0.00,,0.00,0,0,1,+38.06,*45
$GPNVS,4,155219,031026,0.00,0.00,,,,,,,*65
$GPNVS,5,155219,031026,5C9,0,0,+38.06,00000,00000,*23
$GPNVS,6,0,A,1,0x00000,0x03,,0x00,00,,0x00000,,*05
$GPNVS,7,155219,031026,A,71,0x00,27,4,3,581481,+4.27,-4.11*69
$GPNVS,9,+9999999.9859,+2.77272,+9999999.949,15,+0.019,+0.37,,+38.06,50.0,50.6,*6A
$GPNVS,10,1,0,0,+20,+15,2,100,0.5,1,11,30,1,+3,1.0,20,-14,1,2,8000,,,,*57
$GPNVS,15,0,0,0000,2400,2400.00,00000000,0.00,0.00,0.00,0.00,-9999,999*4E
$GPNVS,1,155220,031026,A,N,64,N,0x00000,0x03,0x00,1,N*2D
$GPNVS,2,155220,031026,0.00,0.00,0.00,0.00,0.00,0.00,0.00,0.00,*69
$GPNVS,3,155220,031026,0.00,0.00,0.00,0.00,,0.00,0,0,1,+38.06,*4F
$GPNVS,4,155220,031026,0.00,0.00,,,,,,,*6F
$GPNVS,5,155220,031026,5C9,0,0,+38.06,00000,00000,*29
$GPNVS,6,0,A,1,0x00000,0x03,,0x00,00,,0x00000,,*05
$GPNVS,7,155220,031026,A,71,0x00,27,3,3,581484,+4.27,-4.11*61
$GPNVS,9,+9999999.9859,+2.77273,+10000000.05,15,+0.019,+0.37,,+38.06,50.0,49.6,*6A
$GPNVS,10,1,0,0,+15,+15,2,100,0.5,1,11,30,1,+2,1.0,20,-14,1,2,8000,,,,*50
$GPNVS,15,0,0,0000,2400,2400.00,00000000,0.00,0.00,0.00,0.00,-9999,999*4E
$GPNVS,99,,,*5C
$GPNVS,1,155221,031026,A,N,64,N,0x00000,0x03,0x00,1,N*2C
$GPNVS,2,155221,031026,0.00,0.00,0.00,0.00,0.00,0.00,0.00,0.00,*68
$GPNVS,3,155221,031026,0.00,0.00,0.00,0.00,,0.00,0,0,1,+38.06,*4E
$GPNVS,4,155221,031026,0.00,0.00,,,,,,,*6E
$GPNVS,5,155221,031026,5C9,0,0,+38.06,00000,00000,*28
$GPNVS,6,0,A,1,0x00000,0x03,,0x00,00,,0x00000,,*05
$GPNVS,7,155221,031026,A,71,0x00,27,4,3,581487,+4.27,-4.11*64
$GPNVS,9,+9999999.9859,+2.77274,+9999999.949,15,+0.019,+0.37,,+38.06,50.0,50.3,*69
$GPNVS,10,1,0,0,+20,+15,2,100,0.5,1,11,30,1,+2,1.0,20,-14,1,2,8000,,,,*56
$GPNVS,15,0,0,0000,2400,2400.00,00000000,0.00,0.00,0.00,0.00,-9999,999*4E
$GPNVS,1,155222,031026,A,N,64,N,0x00000,0x03,0x00,1,N*2F
$GPNVS,2,155222,031026,0.00,0.00,0.00,0.00,0.00,0.00,0.00,0.00,*6B
$GPNVS,3,155222,031026,0.00,0.00,0.00,0.00,,0.00,0,0,1,+38.06,*4D
$GPNVS,4,155222,031026,0.00,0.00,,,,,,,*6D
$GPNVS,5,155222,031026,5C9,0,0,+38.06,00000,00000,*2B
$GPNVS,6,0,A,1,0x00000,0x03,,0x00,00,,0x00000,,*05
$GPNVS,7,155222,031026,A,71,0x00,27,3,3,581490,+4.28,-4.11*69
$GPNVS,9,+9999999.9879,+2.77276,+10000000.05,15,+0.019,+0.37,,+38.06,50.0,50.0,*63
$GPNVS,10,1,0,0,+15,+15,2,100,0.5,1,11,30,1,+2,1.0,20,-14,1,2,8000,,,,*50
$GPNVS,15,0,0,0000,2400,2400.00,00000000,0.00,0.00,0.00,0.00,-9999,999*4E
$GPNVS,1,155223,031026,A,N,64,N,0x00000,0x03,0x00,1,N*2E
$GPNVS,2,155223,031026,0.00,0.00,0.00,0.00,0.00,0.00,0.00,0.00,*6A
$GPNVS,3,155223,031026,0.00,0.00,0.00,0.00,,0.00,0,0,1,+38.06,*4C
$GPNVS,4,155223,031026,0.00,0.00,,,,,,,*6C
$GPNVS,5,155223,031026,5C9,0,0,+38.06,00000,00000,*2A
$GPNVS,6,0,A,1,0x00000,0x03,,0x00,00,,0x00000,,*05
$GPNVS,7,155223,031026,A,71,0x00,27,3,3,581493,+4.28,-4.11*6B
$GPNVS,9,+9999999.9869,+2.77277,+10000000.00,15,+0.019,+0.37,,+38.06,50.0,50.3,*65
$GPNVS,10,1,0,0,+15,+15,2,100,0.5,1,11,30,1,+2,1.0,20,-14,1,2,8000,,,,*50
$GPNVS,15,0,0,0000,2400,2400.00,00000000,0.00,0.00,0.00,0.00,-9999,999*4E
$GPNVS,1,155224,031026,A,N,64,N,0x00000,0x03,0x00,1,N*29
$GPNVS,2,155224,031026,0.00,0.00,0.00,0.00,0.00,0.00,0.00,0.00,*6D
$GPNVS,3,155224,031026,0.00,0.00,0.00,0.00,,0.00,0,0,1,+38.06,*4B
$GPNVS,4,155224,031026,0.00,0.00,,,,,,,*6B
$GPNVS,5,155224,031026,5C9,0,0,+38.06,00000,00000,*2D
$GPNVS,6,0,A,1,0x00000,0x03,,0x00,00,,0x00000,,*05
$GPNVS,7,155224,031026,A,71,0x00,27,4,2,581495,+4.28,-4.11*6C
$GPNVS,9,+9999999.9859,+2.77278,+9999999.949,15,+0.019,+0.37,,+38.06,50.0,50.0,*66
$GPNVS,10,1,0,0,+20,+15,2,100,0.5,1,11,30,1,+2,1.0,20,-14,1,2,8000,,,,*56
$GPNVS,15,0,0,0000,2400,2400.00,00000000,0.00,0.00,0.00,0.00,-9999,999*4E
$GPNVS,1,155225,031026,A,N,64,N,0x00000,0x03,0x00,1,N*28
$GPNVS,2,155225,031026,0.00,0.00,0.00,0.00,0.00,0.00,0.00,0.00,*6C
$GPNVS,3,155225,031026,0.00,0.00,0.00,0.00,,0.00,0,0,1,+38.06,*4A
$GPNVS,4,155225,031026,0.00,0.00,,,,,,,*6A
$GPNVS,5,155225,031026,5C9,0,0,+38.06,00000,00000,*2C
$GPNVS,6,0,A,1,0x00000,0x03,,0x00,00,,0x00000,,*05
$GPNVS,7,155225,031026,A,71,0x00,27,3,3,581498,+4.28,-4.11*66
$GPNVS,9,+9999999.9879,+2.77280,+10000000.05,15,+0.019,+0.37,,+38.06,50.0,50.0,*6A
$GPNVS,10,1,0,0,+15,+15,2,100,0.5,1,11,30,1,+2,1.0,20,-14,1,2,8000,,,,*50
$GPNVS,15,0,0,0000,2400,2400.00,00000000,0.00,0.00,0.00,0.00,-9999,999*4E
$GPNVS,1,155226,031026,A,N,64,N,0x00000,0x03,0x00,1,N*2B
$GPNVS,2,155226,031026,0.00,0.00,0.00,0.00,0.00,0.00,0.00,0.00,*6F
$GPNVS,3,155226,031026,0.00,0.00,0.00,0.00,,0.00,0,0,1,+38.06,*49
$GPNVS,4,155226,031026,0.00,0.00,,,,,,,*69
$GPNVS,5,155226,031026,5C9,0,0,+38.06,00000,00000,*2F
$GPNVS,6,0,A,1,0x00000,0x03,,0x00,00,,0x00000,,*05
$GPNVS,7,155226,031026,A,71,0x00,27,3,3,581501,+4.27,-4.11*6B
$GPNVS,9,+9999999.9869,+2.77281,+10000000.00,15,+0.019,+0.37,,+38.06,50.0,49.6,*61
$GPNVS,10,1,0,0,+15,+15,2,100,0.5,1,11,30,1,+2,1.0,20,-14,1,2,8000,,,,*50
$GPNVS,15,0,0,0000,2400,2400.00,00000000,0.00,0.00,0.00,0.00,-9999,999*4E
$GPNVS,1,155227,031026,A,N,64,N,0x00000,0x03,0x00,1,N*2A
$GPNVS,2,155227,031026,0.00,0.00,0.00,0.00,0.00,0.00,0.00,0.00,*6E
$GPNVS,3,155227,031026,0.00,0.00,0.00,0.00,,0.00,0,0,1,+38.06,*48
$GPNVS,4,155227,031026,0.00,0.00,,,,,,,*68
$GPNVS,5,155227,031026,5C9,0,0,+38.06,00000,00000,*2E
$GPNVS,6,0,A,1,0x00000,0x03,,0x00,00,,0x00000,,*05
$GPNVS,7,155227,031026,A,71,0x00,27,3,2,581503,+4.28,-4.11*66
$GPNVS,9,+9999999.9869,+2.77282,+10000000.00,15,+0.019,+0.37,,+38.06,50.0,50.6,*6A
$GPNVS,10,1,0,0,+15,+15,2,100,0.5,1,11,30,1,+1,1.0,20,-14,1,2,8000,,,,*53
$GPNVS,15,0,0,0000,2400,2400.00,00000000,0.00,0.00,0.00,0.00,-9999,999*4E
$GPNVS,1,155228,031026,A,N,64,N,0x00000,0x03,0x00,1,N*25
$GPNVS,2,155228,031026,0.00,0.00,0.00,0.00,0.00,0.00,0.00,0.00,*61
$GPNVS,3,155228,031026,0.00,0.00,0.00,0.00,,0.00,0,0,1,+38.06,*47
$GPNVS,4,155228,031026,0.00,0.00,,,,,,,*67
$GPNVS,5,155228,031026,5C9,0,0,+38.06,00000,00000,*21
$GPNVS,6,0,A,1,0x00000,0x03,,0x00,00,,0x00000,,*05
$GPNVS,7,155228,031026,A,71,0x00,27,4,3,581506,+4.27,-4.11*65
$GPNVS,9,+9999999.9849,+2.77283,+9999999.949,15,+0.019,+0.37,,+38.06,50.0,50.0,*63
$GPNVS,10,1,0,0,+20,+15,2,100,0.5,1,11,30,1,+1,1.0,20,+2,1,2,8000,,,,*64
$GPNVS,15,0,0,0000,2400,2400.00,00000000,0.00,0.00,0.00,0.00,+9999,999*48
$GPNVS,1,155229,031026,A,N,64,N,0x00000,0x03,0x00,1,N*24
$GPNVS,2,155229,031026,0.00,0.00,0.00,0.00,0.00,0.00,0.00,0.00,*60
$GPNVS,3,155229,031026,0.00,0.00,0.00,0.00,,0.00,0,0,1,+38.06,*46
$GPNVS,4,155229,031026,0.00,0.00,,,,,,,*66
$GPNVS,5,155229,031026,5C9,0,0,+38.06,00000,00000,*20
$GPNVS,6,0,A,1,0x00000,0x03,,0x00,00,,0x00000,,*05
$GPNVS,7,155229,031026,A,71,0x00,27,4,2,581508,+4.28,-4.11*64
$GPNVS,9,+9999999.9859,+2.77284,+10000000.00,15,+0.019,+0.37,,+38.06,50.0,50.6,*6F
$GPNVS,10,1,0,0,+20,+20,2,100,0.5,1,11,30,1,+1,1.0,20,+2,1,2,8000,,,,*62
$GPNVS,15,0,0,0000,2400,2400.00,00000000,0.00,0.00,0.00,0.00,+9999,999*48
$GPNVS,1,155230,031026,A,N,64,N,0x00000,0x03,0x00,1,N*2C
$GPNVS,2,155230,031026,0.00,0.00,0.00,0.00,0.00,0.00,0.00,0.00,*68
$GPNVS,3,155230,031026,0.00,0.00,0.00,0.00,,0.00,0,0,1,+38.06,*4E
$GPNVS,4,155230,031026,0.00,0.00,,,,,,,*6E
$GPNVS,5,155230,031026,5C9,0,0,+38.06,00000,00000,*28
$GPNVS,6,0,A,1,0x00000,0x03,,0x00,00,,0x00000,,*05
$GPNVS,7,155230,031026,A,71,0x00,27,4,2,581510,+4.27,-4.11*6A
$GPNVS,9,+9999999.9869,+2.77285,+10000000.00,15,+0.019,+0.37,,+38.06,50.0,50.6,*6D
$GPNVS,10,1,0,0,+20,+20,2,100,0.5,1,11,30,1,+2,1.0,20,+2,1,2,8000,,,,*61
$GPNVS,15,0,0,0000,2400,2400.00,00000000,0.00,0.00,0.00,0.00,+9999,999*48
$GPNVS,1,155231,031026,A,N,64,N,0x00000,0x03,0x00,1,N*2D
$GPNVS,2,155231,031026,0.00,0.00,0.00,0.00,0.00,0.00,0.00,0.00,*69
$GPNVS,3,155231,031026,0.00,0.00,0.00,0.00,,0.00,0,0,1,+38.06,*4F
$GPNVS,4,155231,031026,0.00,0.00,,,,,,,*6F
$GPNVS,5,155231,031026,5C9,0,0,+38.06,00000,00000,*29
$GPNVS,6,0,A,1,0x00000,0x03,,0x00,00,,0x00000,,*05
$GPNVS,7,155231,031026,A,71,0x00,27,4,3,581513,+4.28,-4.11*66
$GPNVS,9,+9999999.9859,+2.77287,+10000000.00,15,+0.019,+0.37,,+38.06,50.0,50.6,*6C
$GPNVS,10,1,0,0,+20,+20,2,100,0.5,1,11,30,1,+1,1.0,20,+2,1,2,8000,,,,*62
$GPNVS,15,0,0,0000,2400,2400.00,00000000,0.00,0.00,0.00,0.00,+9999,999*48
$GPNVS,1,155232,031026,A,N,64,N,0x00000,0x03,0x00,1,N*2E
$GPNVS,2,155232,031026,0.00,0.00,0.00,0.00,0.00,0.00,0.00,0.00,*6A
$GPNVS,3,155232,031026,0.00,0.00,0.00,0.00,,0.00,0,0,1,+38.06,*4C
$GPNVS,4,155232,031026,0.00,0.00,,,,,,,*6C
$GPNVS,5,155232,031026,5C9,0,0,+38.06,00000,00000,*2A
$GPNVS,6,0,A,1,0x00000,0x03,,0x00,00,,0x00000,,*05
$GPNVS,7,155232,031026,A,71,0x00,27,5,2,581515,+4.27,-4.11*6C
$GPNVS,9,+9999999.9859,+2.77288,+9999999.949,15,+0.019,+0.37,,+38.06,50.0,50.6,*6F
$GPNVS,10,1,0,0,+25,+20,2,100,0.5,1,11,30,1,+1,1.0,20,+2,1,2,8000,,,,*67
$GPNVS,15,0,0,0000,2400,2400.00,00000000,0.00,0.00,0.00,0.00,+9999,999*48
$GPNVS,1,155233,031026,A,N,64,N,0x00000,0x03,0x00,1,N*2F
$GPNVS,2,155233,031026,0.00,0.00,0.00,0.00,0.00,0.00,0.00,0.00,*6B
$GPNVS,3,155233,031026,0.00,0.00,0.00,0.00,,0.00,0,0,1,+38.06,*4D
$GPNVS,4,155233,031026,0.00,0.00,,,,,,,*6D
$GPNVS,5,155233,031026,5C9,0,0,+38.06,00000,00000,*2B
$GPNVS,6,0,A,1,0x00000,0x03,,0x00,00,,0x00000,,*05
$GPNVS,7,155233,031026,A,71,0x00,27,5,3,581518,+4.28,-4.11*6E
$GPNVS,9,+9999999.9849,+2.77289,+10000000.00,15,+0.019,+0.37,,+38.06,50.0,50.6,*63
$GPNVS,10,1,0,0,+25,+25,2,100,0.5,1,11,30,1,+1,1.0,20,+2,1,2,8000,,,,*62
$GPNVS,15,0,0,0000,2400,2400.00,00000000,0.00,0.00,0.00,0.00,+9999,999*48
$GPNVS,1,155234,031026,A,N,64,N,0x00000,0x03,0x00,1,N*28
$GPNVS,2,155234,031026,0.00,0.00,0.00,0.00,0.00,0.00,0.00,0.00,*6C
$GPNVS,3,155234,031026,0.00,0.00,0.00,0.00,,0.00,0,0,1,+38.06,*4A
$GPNVS,4,155234,031026,0.00,0.00,,,,,,,*6A
$GPNVS,5,155234,031026,5C9,0,0,+38.06,00000,00000,*2C
$GPNVS,6,0,A,1,0x00000,0x03,,0x00,00,,0x00000,,*05
$GPNVS,7,155234,031026,A,71,0x00,27,5,2,581520,+4.28,-4.11*63
$GPNVS,9,+9999999.9849,+2.77290,+10000000.00,15,+0.019,+0.37,,+38.06,50.0,50.0,*6D
$GPNVS,10,1,0,0,+25,+25,2,100,0.5,1,11,30,1,+1,1.0,20,+2,1,2,8000,,,,*62
$GPNVS,15,0,0,0000,2400,2400.00,00000000,0.00,0.00,0.00,0.00,+9999,999*48
$GPNVS,1,155235,031026,A,N,64,N,0x00000,0x03,0x00,1,N*29
$GPNVS,2,155235,031026,0.00,0.00,0.00,0.00,0.00,0.00,0.00,0.00,*6D
$GPNVS,3,155235,031026,0.00,0.00,0.00,0.00,,0.00,0,0,1,+38.06,*4B
$GPNVS,4,155235,031026,0.00,0.00,,,,,,,*6B
$GPNVS,5,155235,031026,5C9,0,0,+38.06,00000,00000,*2D
$GPNVS,6,0,A,1,0x00000,0x03,,0x00,00,,0x00000,,*05
$GPNVS,7,155235,031026,A,71,0x00,27,4,2,581522,+4.28,-4.11*61
$GPNVS,9,+9999999.9849,+2.77291,+10000000.05,15,+0.019,+0.37,,+38.06,50.0,50.3,*6A
$GPNVS,10,1,0,0,+20,+20,2,100,0.5,1,11,30,1,+1,1.0,20,+2,1,2,8000,,,,*62
$GPNVS,15,0,0,0000,2400,2400.00,00000000,0.00,0.00,0.00,0.00,+9999,999*48
$GPNVS,99,,,*5C
$GPNVS,1,155236,031026,A,N,64,N,0x00000,0x03,0x00,1,N*2A
$GPNVS,2,155236,031026,0.00,0.00,0.00,0.00,0.00,0.00,0.00,0.00,*6E
$GPNVS,3,155236,031026,0.00,0.00,0.00,0.00,,0.00,0,0,1,+38.06,*48
$GPNVS,4,155236,031026,0.00,0.00,,,,,,,*68
$GPNVS,5,155236,031026,5C9,0,0,+38.06,00000,00000,*2E
$GPNVS,6,0,A,1,0x00000,0x03,,0x00,00,,0x00000,,*05
$GPNVS,7,155236,031026,A,71,0x00,27,4,3,581525,+4.28,-4.11*64
$GPNVS,9,+9999999.9859,+2.77292,+10000000.00,15,+0.019,+0.37,,+38.06,50.0,49.6,*60
$GPNVS,10,1,0,0,+20,+20,2,100,0.5,1,11,30,1,+1,1.0,20,+2,1,2,8000,,,,*62
$GPNVS,15,0,0,0000,2400,2400.00,00000000,0.00,0.00,0.00,0.00,+9999,999*48
$GPNVS,1,155237,031026,A,N,64,N,0x00000,0x03,0x00,1,N*2B
$GPNVS,2,155237,031026,0.00,0.00,0.00,0.00,0.00,0.00,0.00,0.00,*6F
$GPNVS,3,155237,031026,0.00,0.00,0.00,0.00,,0.00,0,0,1,+38.06,*49
$GPNVS,4,155237,031026,0.00,0.00,,,,,,,*69
$GPNVS,5,155237,031026,5C9,0,0,+38.06,00000,00000,*2F
$GPNVS,6,0,A,1,0x00000,0x03,,0x00,00,,0x00000,,*05
$GPNVS,7,155237,031026,A,71,0x00,27,5,2,581527,+4.27,-4.11*68
$GPNVS,9,+9999999.9869,+2.77293,+9999999.949,15,+0.019,+0.37,,+38.06,50.0,50.3,*63
$GPNVS,10,1,0,0,+25,+20,2,100,0.5,1,11,30,1,+2,1.0,20,+2,1,2,8000,,,,*64
$GPNVS,15,0,0,0000,2400,2400.00,00000000,0.00,0.00,0.00,0.00,+9999,999*48
$GPNVS,1,155238,031026,A,N,64,N,0x00000,0x03,0x00,1,N*24
$GPNVS,2,155238,031026,0.00,0.00,0.00,0.00,0.00,0.00,0.00,0.00,*60
$GPNVS,3,155238,031026,0.00,0.00,0.00,0.00,,0.00,0,0,1,+38.06,*46
$GPNVS,4,155238,031026,0.00,0.00,,,,,,,*66
$GPNVS,5,155238,031026,5C9,0,0,+38.06,00000,00000,*20
$GPNVS,6,0,A,1,0x00000,0x03,,0x00,00,,0x00000,,*05
$GPNVS,7,155238,031026,A,71,0x00,27,4,2,581529,+4.28,-4.11*67
$GPNVS,9,+9999999.9869,+2.77294,+10000000.05,15,+0.019,+0.37,,+38.06,50.0,50.3,*6D
$GPNVS,10,1,0,0,+20,+20,2,100,0.5,1,11,30,1,+2,1.0,20,+2,1,2,8000,,,,*61
$GPNVS,15,0,0,0000,2400,2400.00,00000000,0.00,0.00,0.00,0.00,+9999,999*48
$GPNVS,1,155239,031026,A,N,64,N,0x00000,0x03,0x00,1,N*25
$GPNVS,2,155239,031026,0.00,0.00,0.00,0.00,0.00,0.00,0.00,0.00,*61
$GPNVS,3,155239,031026,0.00,0.00,0.00,0.00,,0.00,0,0,1,+38.06,*47
$GPNVS,4,155239,031026,0.00,0.00,,,,,,,*67
$GPNVS,5,155239,031026,5C9,0,0,+38.06,00000,00000,*21
$GPNVS,6,0,A,1,0x00000,0x03,,0x00,00,,0x00000,,*05
$GPNVS,7,155239,031026,A,71,0x00,27,4,2,581531,+4.27,-4.11*60
$GPNVS,9,+9999999.9890,+2.77295,+10000000.00,15,+0.019,+0.37,,+38.06,50.0,51.6,*6B
$GPNVS,10,1,0,0,+20,+20,2,100,0.5,1,11,30,1,+1,1.0,20,-18,1,2,8000,,,,*5F
$GPNVS,15,0,0,0000,2400,2400.00,00000000,0.00,0.00,0.00,0.00,-9999,999*4E
$GPNVS,1,155240,031026,A,N,64,N,0x00000,0x03,0x00,1,N*2B
$GPNVS,2,155240,031026,0.00,0.00,0.00,0.00,0.00,0.00,0.00,0.00,*6F
$GPNVS,3,155240,031026,0.00,0.00,0.00,0.00,,0.00,0,0,1,+38.06,*49
$GPNVS,4,155240,031026,0.00,0.00,,,,,,,*69
$GPNVS,5,155240,031026,5C9,0,0,+38.06,00000,00000,*2F
$GPNVS,6,0,A,1,0x00000,0x03,,0x00,00,,0x00000,,*05
$GPNVS,7,155240,031026,A,71,0x00,27,3,2,581533,+4.27,-4.11*6B
$GPNVS,9,+9999999.9900,+2.77296,+10000000.05,15,+0.019,+0.37,,+38.06,50.0,50.0,*62
$GPNVS,10,1,0,0,+15,+15,2,100,0.5,1,11,30,1,+1,1.0,20,-18,1,2,8000,,,,*5F
$GPNVS,15,0,0,0000,2400,2400.00,00000000,0.00,0.00,0.00,0.00,-9999,999*4E
$GPNVS,1,155241,031026,A,N,64,N,0x00000,0x03,0x00,1,N*2A
$GPNVS,2,155241,031026,0.00,0.00,0.00,0.00,0.00,0.00,0.00,0.00,*6E
$GPNVS,3,155241,031026,0.00,0.00,0.00,0.00,,0.00,0,0,1,+38.06,*48
$GPNVS,4,155241,031026,0.00,0.00,,,,,,,*68
$GPNVS,5,155241,031026,5C9,0,0,+38.06,00000,00000,*2E
$GPNVS,6,0,A,1,0x00000,0x03,,0x00,00,,0x00000,,*05
$GPNVS,7,155241,031026,A,71,0x00,27,4,2,581535,+4.27,-4.11*6B
$GPNVS,9,+9999999.9900,+2.77297,+9999999.949,15,+0.019,+0.37,,+38.06,50.0,50.3,*69
$GPNVS,10,1,0,0,+20,+15,2,100,0.5,1,11,30,1,+1,1.0,20,-18,1,2,8000,,,,*59
$GPNVS,15,0,0,0000,2400,2400.00,00000000,0.00,0.00,0.00,0.00,-9999,999*4E
$GPNVS,1,155242,031026,A,N,64,N,0x00000,0x03,0x00,1,N*29
$GPNVS,2,155242,031026,0.00,0.00,0.00,0.00,0.00,0.00,0.00,0.00,*6D
$GPNVS,3,155242,031026,0.00,0.00,0.00,0.00,,0.00,0,0,1,+38.06,*4B
$GPNVS,4,155242,031026,0.00,0.00,,,,,,,*6B
$GPNVS,5,155242,031026,5C9,0,0,+38.06,00000,00000,*2D
$GPNVS,6,0,A,1,0x00000,0x03,,0x00,00,,0x00000,,*05
$GPNVS,7,155242,031026,A,71,0x00,27,4,2,581537,+4.28,-4.11*65
$GPNVS,9,+9999999.9900,+2.77298,+10000000.00,15,+0.019,+0.37,,+38.06,50.0,49.3,*62
$GPNVS,10,1,0,0,+20,+20,2,100,0.5,1,11,30,1,+1,1.0,20,-18,1,2,8000,,,,*5F
$GPNVS,15,0,0,0000,2400,2400.00,00000000,0.00,0.00,0.00,0.00,-9999,999*4E
$GPNVS,1,155243,031026,A,N,64,N,0x00000,0x03,0x00,1,N*28
$GPNVS,2,155243,031026,0.00,0.00,0.00,0.00,0.00,0.00,0.00,0.00,*6C
$GPNVS,3,155243,031026,0.00,0.00,0.00,0.00,,0.00,0,0,1,+38.06,*4A
$GPNVS,4,155243,031026,0.00,0.00,,,,,,,*6A
$GPNVS,5,155243,031026,5C9,0,0,+38.06,00000,00000,*2C
$GPNVS,6,0,A,1,0x00000,0x03,,0x00,00,,0x00000,,*05
$GPNVS,7,155243,031026,A,71,0x00,-3,3,2,581539,+4.28,-4.11*76
$GPNVS,9,+9999999.9930,+2.77299,+10000000.05,15,+0.019,+0.37,,+38.06,50.0,50.9,*67
$GPNVS,10,1,0,0,+15,+15,2,100,0.5,1,10,30,1,+0,1.0,20,-18,1,2,8000,,,,*5F
$GPNVS,15,0,0,0000,2400,2400.00,00000000,0.00,0.00,0.00,0.00,-9999,999*4E
$GPNVS,1,155244,031026,A,N,64,N,0x00000,0x03,0x00,1,N*2F
$GPNVS,2,155244,031026,0.00,0.00,0.00,0.00,0.00,0.00,0.00,0.00,*6B
$GPNVS,3,155244,031026,0.00,0.00,0.00,0.00,,0.00,0,0,1,+38.06,*4D
$GPNVS,4,155244,031026,0.00,0.00,,,,,,,*6D
$GPNVS,5,155244,031026,5C9,0,0,+38.06,00000,00000,*2B
$GPNVS,6,0,A,1,0x00000,0x03,,0x00,00,,0x00000,,*05
$GPNVS,7,155244,031026,A,71,0x00,-3,3,1,581540,+4.28,-4.11*7C
$GPNVS,9,+9999999.9930,+2.77300,+10000000.00,15,+0.019,+0.37,,+38.06,50.0,50.9,*63
$GPNVS,10,1,0,0,+15,+15,2,100,0.5,1,10,30,1,+0,1.0,20,-18,1,2,8000,,,,*5F
$GPNVS,15,0,0,0000,2400,2400.00,00000000,0.00,0.00,0.00,0.00,-9999,999*4E
$GPNVS,1,155245,031026,A,N,64,N,0x00000,0x03,0x00,1,N*2E
$GPNVS,2,155245,031026,0.00,0.00,0.00,0.00,0.00,0.00,0.00,0.00,*6A
$GPNVS,3,155245,031026,0.00,0.00,0.00,0.00,,0.00,0,0,1,+38.06,*4C
$GPNVS,4,155245,031026,0.00,0.00,,,,,,,*6C
$GPNVS,5,155245,031026,5C9,0,0,+38.06,00000,00000,*2A
$GPNVS,6,0,A,1,0x00000,0x03,,0x00,00,,0x00000,,*05
$GPNVS,7,155245,031026,A,71,0x00,-3,4,2,581542,+4.27,-4.11*74
$GPNVS,9,+9999999.9920,+2.77301,+9999999.949,15,+0.019,+0.37,,+38.06,50.0,50.0,*66
$GPNVS,10,1,0,0,+20,+15,2,100,0.5,1,10,30,1,+0,1.0,20,-18,1,2,8000,,,,*59
$GPNVS,15,0,0,0000,2400,2400.00,00000000,0.00,0.00,0.00,0.00,-9999,999*4E
$GPNVS,1,155246,031026,A,N,64,N,0x00000,0x03,0x00,1,N*2D
$GPNVS,2,155246,031026,0.00,0.00,0.00,0.00,0.00,0.00,0.00,0.00,*69
$GPNVS,3,155246,031026,0.00,0.00,0.00,0.00,,0.00,0,0,1,+38.06,*4F
$GPNVS,4,155246,031026,0.00,0.00,,,,,,,*6F
$GPNVS,5,155246,031026,5C9,0,0,+38.06,00000,00000,*29
$GPNVS,6,0,A,1,0x00000,0x03,,0x00,00,,0x00000,,*05
$GPNVS,7,155246,031026,A,71,0x00,-3,4,1,581543,+4.28,-4.11*7A
$GPNVS,9,+9999999.9930,+2.77301,+10000000.00,15,+0.019,+0.37,,+38.06,50.0,50.3,*68
$GPNVS,10,1,0,0,+20,+20,2,100,0.5,1,10,30,1,+0,1.0,20,-18,1,2,8000,,,,*5F
$GPNVS,15,0,0,0000,2400,2400.00,00000000,0.00,0.00,0.00,0.00,-9999,999*4E
$GPNVS,1,155247,031026,A,N,64,N,0x00000,0x03,0x00,1,N*2C
$GPNVS,2,155247,031026,0.00,0.00,0.00,0.00,0.00,0.00,0.00,0.00,*68
$GPNVS,3,155247,031026,0.00,0.00,0.00,0.00,,0.00,0,0,1,+38.06,*4E
$GPNVS,4,155247,031026,0.00,0.00,,,,,,,*6E
$GPNVS,5,155247,031026,5C9,0,0,+38.06,00000,00000,*28
$GPNVS,6,0,A,1,0x00000,0x03,,0x00,00,,0x00000,,*05
$GPNVS,7,155247,031026,A,71,0x00,-3,4,2,581545,+4.28,-4.11*7E
$GPNVS,9,+9999999.9950,+2.77302,+10000000.00,15,+0.019,+0.37,,+38.06,50.0,49.6,*60
$GPNVS,10,1,0,0,+20,+20,2,100,0.5,1,10,30,1,+0,1.0,20,-18,1,2,8000,,,,*5F
$GPNVS,15,0,0,0000,2400,2400.00,00000000,0.00,0.00,0.00,0.00,-9999,999*4E
$GPNVS,1,155248,031026,A,N,64,N,0x00000,0x03,0x00,1,N*23
$GPNVS,2,155248,031026,0.00,0.00,0.00,0.00,0.00,0.00,0.00,0.00,*67
$GPNVS,3,155248,031026,0.00,0.00,0.00,0.00,,0.00,0,0,1,+38.06,*41
$GPNVS,4,155248,031026,0.00,0.00,,,,,,,*61
$GPNVS,5,155248,031026,5C9,0,0,+38.06,00000,00000,*27
$GPNVS,6,0,A,1,0x00000,0x03,,0x00,00,,0x00000,,*05
$GPNVS,7,155248,031026,A,71,0x00,-3,5,1,581546,+4.27,-4.11*7F
$GPNVS,9,+9999999.9930,+2.77303,+9999999.949,15,+0.019,+0.37,,+38.06,50.0,49.3,*6E
$GPNVS,10,1,0,0,+25,+20,2,100,0.5,1,10,30,1,+0,1.0,20,-18,1,2,8000,,,,*5A
$GPNVS,15,0,0,0000,2400,2400.00,00000000,0.00,0.00,0.00,0.00,-9999,999*4E
$GPNVS,1,155249,031026,A,N,64,N,0x00000,0x03,0x00,1,N*22
$GPNVS,2,155249,031026,0.00,0.00,0.00,0.00,0.00,0.00,0.00,0.00,*66
$GPNVS,3,155249,031026,0.00,0.00,0.00,0.00,,0.00,0,0,1,+38.06,*40
$GPNVS,4,155249,031026,0.00,0.00,,,,,,,*60
$GPNVS,5,155249,031026,5C9,0,0,+38.06,00000,00000,*26
$GPNVS,6,0,A,1,0x00000,0x03,,0x00,00,,0x00000,,*05
$GPNVS,7,155249,031026,A,71,0x00,-3,5,2,581548,+4.28,-4.11*7C
$GPNVS,9,+9999999.9930,+2.77303,+10000000.00,15,+0.019,+0.37,,+38.06,50.0,50.6,*6F
$GPNVS,10,1,0,0,+25,+25,2,100,0.5,1,10,30,1,+0,1.0,20,+18,1,2,8000,,,,*59
$GPNVS,15,0,0,0000,2400,2400.00,00000000,0.00,0.00,0.00,0.00,+9999,999*48
$GPNVS,1,155250,031026,A,N,64,N,0x00000,0x03,0x00,1,N*2A
$GPNVS,2,155250,031026,0.00,0.00,0.00,0.00,0.00,0.00,0.00,0.00,*6E
$GPNVS,3,155250,031026,0.00,0.00,0.00,0.00,,0.00,0,0,1,+38.06,*48
$GPNVS,4,155250,031026,0.00,0.00,,,,,,,*68
$GPNVS,5,155250,031026,5C9,0,0,+38.06,00000,00000,*2E
$GPNVS,6,0,A,1,0x00000,0x03,,0x00,00,,0x00000,,*05
$GPNVS,7,155250,031026,A,71,0x00,-3,5,1,581549,+4.28,-4.11*76
$GPNVS,9,+9999999.9950,+2.77304,+10000000.00,15,+0.019,+0.37,,+38.06,50.0,50.0,*68
$GPNVS,10,1,0,0,+25,+25,2,100,0.5,1,10,30,1,-1,1.0,20,+18,1,2,8000,,,,*5E
$GPNVS,15,0,0,0000,2400,2400.00,00000000,0.00,0.00,0.00,0.00,+9999,999*48
$GPNVS,99,,,*5C
$GPNVS,1,155251,031026,A,N,64,N,0x00000,0x03,0x00,1,N*2B
$GPNVS,2,155251,031026,0.00,0.00,0.00,0.00,0.00,0.00,0.00,0.00,*6F
$GPNVS,3,155251,031026,0.00,0.00,0.00,0.00,,0.00,0,0,1,+38.06,*49
$GPNVS,4,155251,031026,0.00,0.00,,,,,,,*69
$GPNVS,5,155251,031026,5C9,0,0,+38.06,00000,00000,*2F
$GPNVS,6,0,A,1,0x00000,0x03,,0x00,00,,0x00000,,*05
$GPNVS,7,155251,031026,A,71,0x00,-3,6,2,581551,+4.28,-4.11*7E
$GPNVS,9,+9999999.9939,+2.77305,+9999999.949,15,+0.019,+0.37,,+38.06,50.0,49.0,*62
$GPNVS,10,1,0,0,+30,+25,2,100,0.5,1,10,30,1,+0,1.0,20,+18,1,2,8000,,,,*5D
$GPNVS,15,0,0,0000,2400,2400.00,00000000,0.00,0.00,0.00,0.00,+9999,999*48
$GPNVS,1,155252,031026,A,N,64,N,0x00000,0x03,0x00,1,N*28
$GPNVS,2,155252,031026,0.00,0.00,0.00,0.00,0.00,0.00,0.00,0.00,*6C
$GPNVS,3,155252,031026,0.00,0.00,0.00,0.00,,0.00,0,0,1,+38.06,*4A
$GPNVS,4,155252,031026,0.00,0.00,,,,,,,*6A
$GPNVS,5,155252,031026,5C9,0,0,+38.06,00000,00000,*2C
$GPNVS,6,0,A,1,0x00000,0x03,,0x00,00,,0x00000,,*05
$GPNVS,7,155252,031026,A,71,0x00,-3,5,1,581552,+4.28,-4.11*7E
$GPNVS,9,+9999999.9950,+2.77305,+10000000.05,15,+0.019,+0.37,,+38.06,50.0,50.0,*6C
$GPNVS,10,1,0,0,+25,+25,2,100,0.5,1,10,30,1,+1,1.0,20,+18,1,2,8000,,,,*58
$GPNVS,15,0,0,0000,2400,2400.00,00000000,0.00,0.00,0.00,0.00,+9999,999*48
$GPNVS,1,155253,031026,A,N,64,N,0x00000,0x03,0x00,1,N*29
$GPNVS,2,155253,031026,0.00,0.00,0.00,0.00,0.00,0.00,0.00,0.00,*6D
$GPNVS,3,155253,031026,0.00,0.00,0.00,0.00,,0.00,0,0,1,+38.06,*4B
$GPNVS,4,155253,031026,0.00,0.00,,,,,,,*6B
$GPNVS,5,155253,031026,5C9,0,0,+38.06,00000,00000,*2D
$GPNVS,6,0,A,1,0x00000,0x03,,0x00,00,,0x00000,,*05
$GPNVS,7,155253,031026,A,71,0x00,-3,5,2,581554,+4.28,-4.11*7A
$GPNVS,9,+9999999.9959,+2.77306,+10000000.00,15,+0.019,+0.37,,+38.06,50.0,50.3,*60
$GPNVS,10,1,0,0,+25,+25,2,100,0.5,1,10,30,1,+1,1.0,20,+18,1,2,8000,,,,*58
$GPNVS,15,0,0,0000,2400,2400.00,00000000,0.00,0.00,0.00,0.00,+9999,999*48
$GPNVS,1,155254,031026,A,N,64,N,0x00000,0x03,0x00,1,N*2E
$GPNVS,2,155254,031026,0.00,0.00,0.00,0.00,0.00,0.00,0.00,0.00,*6A
$GPNVS,3,155254,031026,0.00,0.00,0.00,0.00,,0.00,0,0,1,+38.06,*4C
$GPNVS,4,155254,031026,0.00,0.00,,,,,,,*6C
$GPNVS,5,155254,031026,5C9,0,0,+38.06,00000,00000,*2A
$GPNVS,6,0,A,1,0x00000,0x03,,0x00,00,,0x00000,,*05
$GPNVS,7,155254,031026,A,71,0x00,-3,6,1,581555,+4.28,-4.11*7C
$GPNVS,9,+9999999.9950,+2.77307,+9999999.949,15,+0.019,+0.37,,+38.06,50.0,50.0,*67
$GPNVS,10,1,0,0,+30,+25,2,100,0.5,1,10,30,1,+1,1.0,20,+18,1,2,8000,,,,*5C
$GPNVS,15,0,0,0000,2400,2400.00,00000000,0.00,0.00,0.00,0.00,+9999,999*48
$GPNVS,1,155255,031026,A,N,64,N,0x00000,0x03,0x00,1,N*2F
$GPNVS,2,155255,031026,0.00,0.00,0.00,0.00,0.00,0.00,0.00,0.00,*6B
$GPNVS,3,155255,031026,0.00,0.00,0.00,0.00,,0.00,0,0,1,+38.06,*4D
$GPNVS,4,155255,031026,0.00,0.00,,,,,,,*6D
$GPNVS,5,155255,031026,5C9,0,0,+38.06,00000,00000,*2B
$GPNVS,6,0,A,1,0x00000,0x03,,0x00,00,,0x00000,,*05
$GPNVS,7,155255,031026,A,71,0x00,-3,5,2,581557,+4.28,-4.11*7F
$GPNVS,9,+9999999.9950,+2.77308,+10000000.05,15,+0.019,+0.37,,+38.06,50.0,50.0,*61
$GPNVS,10,1,0,0,+25,+25,2,100,0.5,1,10,30,1,+1,1.0,20,+18,1,2,8000,,,,*58
$GPNVS,15,0,0,0000,2400,2400.00,00000000,0.00,0.00,0.00,0.00,+9999,999*48
$GPNVS,1,155256,031026,A,N,64,N,0x00000,0x03,0x00,1,N*2C
$GPNVS,2,155256,031026,0.00,0.00,0.00,0.00,0.00,0.00,0.00,0.00,*68
$GPNVS,3,155256,031026,0.00,0.00,0.00,0.00,,0.00,0,0,1,+38.06,*4E
$GPNVS,4,155256,031026,0.00,0.00,,,,,,,*6E
$GPNVS,5,155256,031026,5C9,0,0,+38.06,00000,00000,*28
$GPNVS,6,0,A,1,0x00000,0x03,,0x00,00,,0x00000,,*05
$GPNVS,7,155256,031026,A,71,0x00,-3,5,1,581558,+4.28,-4.11*70
$GPNVS,9,+9999999.9959,+2.77308,+10000000.00,15,+0.019,+0.37,,+38.06,50.0,50.3,*6E
$GPNVS,10,1,0,0,+25,+25,2,100,0.5,1,10,30,1,+1,1.0,20,+18,1,2,8000,,,,*58
$GPNVS,15,0,0,0000,2400,2400.00,00000000,0.00,0.00,0.00,0.00,+9999,999*48
$GPNVS,1,155257,031026,A,N,64,N,0x00000,0x03,0x00,1,N*2D
$GPNVS,2,155257,031026,0.00,0.00,0.00,0.00,0.00,0.00,0.00,0.00,*69
$GPNVS,3,155257,031026,0.00,0.00,0.00,0.00,,0.00,0,0,1,+38.06,*4F
$GPNVS,4,155257,031026,0.00,0.00,,,,,,,*6F
$GPNVS,5,155257,031026,5C9,0,0,+38.06,00000,00000,*29
$GPNVS,6,0,A,1,0x00000,0x03,,0x00,00,,0x00000,,*05
$GPNVS,7,155257,031026,A,71,0x00,-3,5,2,581560,+4.28,-4.11*79
$GPNVS,9,+9999999.9959,+2.77309,+10000000.00,15,+0.019,+0.37,,+38.06,50.0,50.0,*6C
$GPNVS,10,1,0,0,+25,+25,2,100,0.5,1,10,30,1,+1,1.0,20,+18,1,2,8000,,,,*58
$GPNVS,15,0,0,0000,2400,2400.00,00000000,0.00,0.00,0.00,0.00,+9999,999*48
$GPNVS,1,155258,031026,A,N,64,N,0x00000,0x03,0x00,1,N*22
$GPNVS,2,155258,031026,0.00,0.00,0.00,0.00,0.00,0.00,0.00,0.00,*66
$GPNVS,3,155258,031026,0.00,0.00,0.00,0.00,,0.00,0,0,1,+38.06,*40
$GPNVS,4,155258,031026,0.00,0.00,,,,,,,*60
$GPNVS,5,155258,031026,5C9,0,0,+38.06,00000,00000,*26
$GPNVS,6,0,A,1,0x00000,0x03,,0x00,00,,0x00000,,*05
$GPNVS,7,155258,031026,A,71,0x00,12,5,1,581561,+4.27,-4.11*66
$GPNVS,9,+9999999.9969,+2.77310,+10000000.00,15,+0.019,+0.37,,+38.06,50.0,49.6,*69
$GPNVS,10,1,0,0,+25,+25,2,100,0.5,1,10,30,1,+1,1.0,20,+18,1,2,8000,,,,*58
$GPNVS,15,0,0,0000,2400,2400.00,00000000,0.00,0.00,0.00,0.00,+9999,999*48
$GPNVS,1,155259,031026,A,N,64,N,0x00000,0x03,0x00,1,N*23
$GPNVS,2,155259,031026,0.00,0.00,0.00,0.00,0.00,0.00,0.00,0.00,*67
$GPNVS,3,155259,031026,0.00,0.00,0.00,0.00,,0.00,0,0,1,+38.06,*41
$GPNVS,4,155259,031026,0.00,0.00,,,,,,,*61
$GPNVS,5,155259,031026,5C9,0,0,+38.06,00000,00000,*27
$GPNVS,6,0,A,1,0x00000,0x03,,0x00,00,,0x00000,,*05
$GPNVS,7,155259,031026,A,71,0x00,12,6,1,581562,+4.28,-4.11*68
$GPNVS,9,+9999999.9950,+2.77310,+9999999.949,15,+0.019,+0.37,,+38.06,50.0,50.6,*67
$GPNVS,10,1,0,0,+30,+25,2,100,0.5,1,10,30,1,+1,1.0,20,+18,1,2,8000,,,,*5C
$GPNVS,15,0,0,0000,2400,2400.00,00000000,0.00,0.00,0.00,0.00,+9999,999*48
$GPNVS,1,155300,031026,A,N,64,N,0x00000,0x03,0x00,1,N*2E
$GPNVS,2,155300,031026,0.00,0.00,0.00,0.00,0.00,0.00,0.00,0.00,*6A
$GPNVS,3,155300,031026,0.00,0.00,0.00,0.00,,0.00,0,0,1,+38.06,*4C
$GPNVS,4,155300,031026,0.00,0.00,,,,,,,*6C
$GPNVS,5,155300,031026,5C9,0,0,+38.06,00000,00000,*2A
$GPNVS,6,0,A,1,0x00000,0x03,,0x00,00,,0x00000,,*05
$GPNVS,7,155300,031026,A,71,0x00,12,5,2,581564,+4.28,-4.11*63
$GPNVS,9,+9999999.9969,+2.77311,+10000000.05,15,+0.019,+0.37,,+38.06,50.0,49.0,*6B
$GPNVS,10,1,0,0,+25,+25,2,100,0.5,1,10,30,1,+1,1.0,20,-2,1,2,8000,,,,*65
$GPNVS,15,0,0,0000,2400,2400.00,00000000,0.00,0.00,0.00,0.00,-9999,999*4E
$GPNVS,1,155301,031026,A,N,64,N,0x00000,0x03,0x00,1,N*2F
$GPNVS,2,155301,031026,0.00,0.00,0.00,0.00,0.00,0.00,0.00,0.00,*6B
$GPNVS,3,155301,031026,0.00,0.00,0.00,0.00,,0.00,0,0,1,+38.06,*4D
$GPNVS,4,155301,031026,0.00,0.00,,,,,,,*6D
$GPNVS,5,155301,031026,5C9,0,0,+38.06,00000,00000,*2B
$GPNVS,6,0,A,1,0x00000,0x03,,0x00,00,,0x00000,,*05
$GPNVS,7,155301,031026,A,71,0x00,12,4,1,581565,+4.28,-4.11*61
$GPNVS,9,+9999999.9969,+2.77312,+10000000.05,15,+0.019,+0.37,,+38.06,50.0,50.3,*63
$GPNVS,10,1,0,0,+20,+20,2,100,0.5,1,10,30,1,+1,1.0,20,-2,1,2,8000,,,,*65
$GPNVS,15,0,0,0000,2400,2400.00,00000000,0.00,0.00,0.00,0.00,-9999,999*4E
$GPNVS,1,155302,031026,A,N,64,N,0x00000,0x03,0x00,1,N*2C
$GPNVS,2,155302,031026,0.00,0.00,0.00,0.00,0.00,0.00,0.00,0.00,*68
$GPNVS,3,155302,031026,0.00,0.00,0.00,0.00,,0.00,0,0,1,+38.06,*4E
$GPNVS,4,155302,031026,0.00,0.00,,,,,,,*6E
$GPNVS,5,155302,031026,5C9,0,0,+38.06,00000,00000,*28
$GPNVS,6,0,A,1,0x00000,0x03,,0x00,00,,0x00000,,*05
$GPNVS,7,155302,031026,A,71,0x00,12,5,1,581566,+4.28,-4.11*60
$GPNVS,9,+9999999.9969,+2.77312,+9999999.949,15,+0.019,+0.37,,+38.06,50.0,50.6,*6F
$GPNVS,10,1,0,0,+25,+20,2,100,0.5,1,10,30,1,+1,1.0,20,-2,1,2,8000,,,,*60
$GPNVS,15,0,0,0000,2400,2400.00,00000000,0.00,0.00,0.00,0.00,-9999,999*4E
$GPNVS,1,155303,031026,A,N,64,N,0x00000,0x03,0x00,1,N*2D
$GPNVS,2,155303,031026,0.00,0.00,0.00,0.00,0.00,0.00,0.00,0.00,*69
$GPNVS,3,155303,031026,0.00,0.00,0.00,0.00,,0.00,0,0,1,+38.06,*4F
$GPNVS,4,155303,031026,0.00,0.00,,,,,,,*6F
$GPNVS,5,155303,031026,5C9,0,0,+38.06,00000,00000,*29
$GPNVS,6,0,A,1,0x00000,0x03,,0x00,00,,0x00000,,*05
$GPNVS,7,155303,031026,A,71,0x00,12,4,1,581567,+4.28,-4.11*61
$GPNVS,9,+9999999.9969,+2.77313,+10000000.05,15,+0.019,+0.37,,+38.06,50.0,49.0,*69
$GPNVS,10,1,0,0,+20,+20,2,100,0.5,1,10,30,1,+1,1.0,20,-2,1,2,8000,,,,*65
$GPNVS,15,0,0,0000,2400,2400.00,00000000,0.00,0.00,0.00,0.00,-9999,999*4E
$GPNVS,1,155304,031026,A,N,64,N,0x00000,0x03,0x00,1,N*2A
$GPNVS,2,155304,031026,0.00,0.00,0.00,0.00,0.00,0.00,0.00,0.00,*6E
$GPNVS,3,155304,031026,0.00,0.00,0.00,0.00,,0.00,0,0,1,+38.06,*48
$GPNVS,4,155304,031026,0.00,0.00,,,,,,,*68
$GPNVS,5,155304,031026,5C9,0,0,+38.06,00000,00000,*2E
$GPNVS,6,0,A,1,0x00000,0x03,,0x00,00,,0x00000,,*05
$GPNVS,7,155304,031026,A,71,0x00,12,4,1,581568,+4.28,-4.11*69
$GPNVS,9,+9999999.9989,+2.77313,+10000000.00,15,+0.019,+0.37,,+38.06,50.0,49.0,*62
$GPNVS,10,1,0,0,+20,+20,2,100,0.5,1,10,30,1,+0,1.0,20,-2,1,2,8000,,,,*64
$GPNVS,15,0,0,0000,2400,2400.00,00000000,0.00,0.00,0.00,0.00,-9999,999*4E
$GPNVS,1,155305,031026,A,N,64,N,0x00000,0x03,0x00,1,N*2B
$GPNVS,2,155305,031026,0.00,0.00,0.00,0.00,0.00,0.00,0.00,0.00,*6F
$GPNVS,3,155305,031026,0.00,0.00,0.00,0.00,,0.00,0,0,1,+38.06,*49
$GPNVS,4,155305,031026,0.00,0.00,,,,,,,*69
$GPNVS,5,155305,031026,5C9,0,0,+38.06,00000,00000,*2F
$GPNVS,6,0,A,1,0x00000,0x03,,0x00,00,,0x00000,,*05
$GPNVS,7,155305,031026,A,71,0x00,12,5,1,581569,+4.28,-4.11*68
$GPNVS,9,+9999999.9979,+2.77313,+9999999.949,15,+0.019,+0.37,,+38.06,50.0,49.6,*67
$GPNVS,10,1,0,0,+25,+20,2,100,0.5,1,10,30,1,+0,1.0,20,-2,1,2,8000,,,,*61
$GPNVS,15,0,0,0000,2400,2400.00,00000000,0.00,0.00,0.00,0.00,-9999,999*4E
$GPNVS,99,,,*5C
$GPNVS,1,155306,031026,A,N,64,N,0x00000,0x03,0x00,1,N*28
$GPNVS,2,155306,031026,0.00,0.00,0.00,0.00,0.00,0.00,0.00,0.00,*6C
$GPNVS,3,155306,031026,0.00,0.00,0.00,0.00,,0.00,0,0,1,+38.06,*4A
$GPNVS,4,155306,031026,0.00,0.00,,,,,,,*6A
$GPNVS,5,155306,031026,5C9,0,0,+38.06,00000,00000,*2C
$GPNVS,6,0,A,1,0x00000,0x03,,0x00,00,,0x00000,,*05
$GPNVS,7,155306,031026,A,71,0x00,12,4,0,581569,+4.27,-4.11*64
$GPNVS,9,+9999999.9979,+2.77313,+10000000.05,15,+0.019,+0.37,,+38.06,50.0,50.0,*60
$GPNVS,10,1,0,0,+20,+20,2,100,0.5,1,10,30,1,-1,1.0,20,-2,1,2,8000,,,,*63
$GPNVS,15,0,0,0000,2400,2400.00,00000000,0.00,0.00,0.00,0.00,-9999,999*4E
$GPNVS,1,155307,031026,A,N,64,N,0x00000,0x03,0x00,1,N*29
$GPNVS,2,155307,031026,0.00,0.00,0.00,0.00,0.00,0.00,0.00,0.00,*6D
$GPNVS,3,155307,031026,0.00,0.00,0.00,0.00,,0.00,0,0,1,+38.06,*4B
$GPNVS,4,155307,031026,0.00,0.00,,,,,,,*6B
$GPNVS,5,155307,031026,5C9,0,0,+38.06,00000,00000,*2D
$GPNVS,6,0,A,1,0x00000,0x03,,0x00,00,,0x00000,,*05
$GPNVS,7,155307,031026,A,71,0x00,12,5,1,581570,+4.28,-4.11*62
$GPNVS,9,+9999999.9979,+2.77314,+9999999.949,15,+0.019,+0.37,,+38.06,50.0,49.6,*60
$GPNVS,10,1,0,0,+25,+20,2,100,0.5,1,10,30,1,-1,1.0,20,-2,1,2,8000,,,,*66
$GPNVS,15,0,0,0000,2400,2400.00,00000000,0.00,0.00,0.00,0.00,-9999,999*4E
$GPNVS,1,155308,031026,A,N,64,N,0x00000,0x03,0x00,1,N*26
$GPNVS,2,155308,031026,0.00,0.00,0.00,0.00,0.00,0.00,0.00,0.00,*62
$GPNVS,3,155308,031026,0.00,0.00,0.00,0.00,,0.00,0,0,1,+38.06,*44
$GPNVS,4,155308,031026,0.00,0.00,,,,,,,*64
$GPNVS,5,155308,031026,5C9,0,0,+38.06,00000,00000,*22
$GPNVS,6,0,A,1,0x00000,0x03,,0x00,00,,0x00000,,*05
$GPNVS,7,155308,031026,A,71,0x00,12,4,1,581571,+4.27,-4.11*62
$GPNVS,9,+9999999.9989,+2.77314,+10000000.05,15,+0.019,+0.37,,+38.06,50.0,49.6,*66
$GPNVS,10,1,0,0,+20,+20,2,100,0.5,1,10,30,1,-1,1.0,20,-2,1,2,8000,,,,*63
$GPNVS,15,0,0,0000,2400,2400.00,00000000,0.00,0.00,0.00,0.00,-9999,999*4E
$GPNVS,1,155309,031026,A,N,64,N,0x00000,0x03,0x00,1,N*27
$GPNVS,2,155309,031026,0.00,0.00,0.00,0.00,0.00,0.00,0.00,0.00,*63
$GPNVS,3,155309,031026,0.00,0.00,0.00,0.00,,0.00,0,0,1,+38.06,*45
$GPNVS,4,155309,031026,0.00,0.00,,,,,,,*65
$GPNVS,5,155309,031026,5C9,0,0,+38.06,00000,00000,*23
$GPNVS,6,0,A,1,0x00000,0x03,,0x00,00,,0x00000,,*05
$GPNVS,7,155309,031026,A,71,0x00,12,3,1,581572,+4.28,-4.11*68
$GPNVS,9,+10000000.001,+2.77315,+10000000.05,15,+0.019,+0.37,,+38.06,50.0,49.0,*69
$GPNVS,10,1,0,0,+15,+15,2,100,0.5,1,10,30,1,-1,1.0,20,-2,1,2,8000,,,,*63
$GPNVS,15,0,0,0000,2400,2400.00,00000000,0.00,0.00,0.00,0.00,-9999,999*4E
$GPNVS,1,155310,031026,A,N,64,N,0x00000,0x03,0x00,1,N*2F
$GPNVS,2,155310,031026,0.00,0.00,0.00,0.00,0.00,0.00,0.00,0.00,*6B
$GPNVS,3,155310,031026,0.00,0.00,0.00,0.00,,0.00,0,0,1,+38.06,*4D
$GPNVS,4,155310,031026,0.00,0.00,,,,,,,*6D
$GPNVS,5,155310,031026,5C9,0,0,+38.06,00000,00000,*2B
$GPNVS,6,0,A,1,0x00000,0x03,,0x00,00,,0x00000,,*05
$GPNVS,7,155310,031026,A,71,0x00,12,4,0,581572,+4.28,-4.11*66
$GPNVS,9,+9999999.9989,+2.77315,+9999999.949,15,+0.019,+0.37,,+38.06,50.0,50.0,*60
$GPNVS,10,1,0,0,+20,+15,2,100,0.5,1,10,30,1,-1,1.0,20,-2,1,2,8000,,,,*65
$GPNVS,15,0,0,0000,2400,2400.00,00000000,0.00,0.00,0.00,0.00,-9999,999*4E
$GPNVS,1,155311,031026,A,N,64,N,0x00000,0x03,0x00,1,N*2E
$GPNVS,2,155311,031026,0.00,0.00,0.00,0.00,0.00,0.00,0.00,0.00,*6A
$GPNVS,3,155311,031026,0.00,0.00,0.00,0.00,,0.00,0,0,1,+38.06,*4C
$GPNVS,4,155311,031026,0.00,0.00,,,,,,,*6C
$GPNVS,5,155311,031026,5C9,0,0,+38.06,00000,00000,*2A
$GPNVS,6,0,A,1,0x00000,0x03,,0x00,00,,0x00000,,*05
$GPNVS,7,155311,031026,A,71,0x00,12,3,1,581573,+4.28,-4.11*60
$GPNVS,9,+10000000.001,+2.77315,+10000000.05,15,+0.019,+0.37,,+38.06,50.0,50.3,*62
$GPNVS,10,1,0,0,+15,+15,2,100,0.5,1,10,30,1,-1,1.0,20,+14,1,2,8000,,,,*52
$GPNVS,15,0,0,0000,2400,2400.00,00000000,0.00,0.00,0.00,0.00,+9999,999*48
$GPNVS,1,155312,031026,A,N,64,N,0x00000,0x03,0x00,1,N*2D
$GPNVS,2,155312,031026,0.00,0.00,0.00,0.00,0.00,0.00,0.00,0.00,*69
$GPNVS,3,155312,031026,0.00,0.00,0.00,0.00,,0.00,0,0,1,+38.06,*4F
$GPNVS,4,155312,031026,0.00,0.00,,,,,,,*6F
$GPNVS,5,155312,031026,5C9,0,0,+38.06,00000,00000,*29
$GPNVS,6,0,A,1,0x00000,0x03,,0x00,00,,0x00000,,*05
$GPNVS,7,155312,031026,A,71,0x00,12,4,0,581573,+4.28,-4.11*65
$GPNVS,9,+9999999.9989,+2.77315,+9999999.949,15,+0.019,+0.37,,+38.06,50.0,49.3,*6B
$GPNVS,10,1,0,0,+20,+15,2,100,0.5,1,10,30,1,-1,1.0,20,+14,1,2,8000,,,,*54
$GPNVS,15,0,0,0000,2400,2400.00,00000000,0.00,0.00,0.00,0.00,+9999,999*48
$GPNVS,1,155313,031026,A,N,64,N,0x00000,0x03,0x00,1,N*2C
$GPNVS,2,155313,031026,0.00,0.00,0.00,0.00,0.00,0.00,0.00,0.00,*68
$GPNVS,3,155313,031026,0.00,0.00,0.00,0.00,,0.00,0,0,1,+38.06,*4E
$GPNVS,4,155313,031026,0.00,0.00,,,,,,,*6E
$GPNVS,5,155313,031026,5C9,0,0,+38.06,00000,00000,*28
$GPNVS,6,0,A,1,0x00000,0x03,,0x00,00,,0x00000,,*05
$GPNVS,7,155313,031026,A,71,0x00,-3,4,1,581574,+4.27,-4.11*70
$GPNVS,9,+9999999.9989,+2.77316,+10000000.00,15,+0.019,+0.37,,+38.06,50.0,50.3,*6C
$GPNVS,10,1,0,0,+20,+20,2,100,0.5,1,10,30,1,-1,1.0,20,+14,1,2,8000,,,,*52
$GPNVS,15,0,0,0000,2400,2400.00,00000000,0.00,0.00,0.00,0.00,+9999,999*48
$GPNVS,1,155314,031026,A,N,64,N,0x00000,0x03,0x00,1,N*2B
$GPNVS,2,155314,031026,0.00,0.00,0.00,0.00,0.00,0.00,0.00,0.00,*6F
$GPNVS,3,155314,031026,0.00,0.00,0.00,0.00,,0.00,0,0,1,+38.06,*49
$GPNVS,4,155314,031026,0.00,0.00,,,,,,,*69
$GPNVS,5,155314,031026,5C9,0,0,+38.06,00000,00000,*2F
$GPNVS,6,0,A,1,0x00000,0x03,,0x00,00,,0x00000,,*05
$GPNVS,7,155314,031026,A,71,0x00,-3,5,0,581574,+4.28,-4.11*78
$GPNVS,9,+9999999.9989,+2.77316,+9999999.949,15,+0.019,+0.37,,+38.06,50.0,49.3,*68
$GPNVS,10,1,0,0,+25,+20,2,100,0.5,1,10,30,1,-1,1.0,20,+14,1,2,8000,,,,*57
$GPNVS,15,0,0,0000,2400,2400.00,00000000,0.00,0.00,0.00,0.00,+9999,999*48
$GPNVS,1,155315,031026,A,N,64,N,0x00000,0x03,0x00,1,N*2A
$GPNVS,2,155315,031026,0.00,0.00,0.00,0.00,0.00,0.00,0.00,0.00,*6E
$GPNVS,3,155315,031026,0.00,0.00,0.00,0.00,,0.00,0,0,1,+38.06,*48
$GPNVS,4,155315,031026,0.00,0.00,,,,,,,*68
$GPNVS,5,155315,031026,5C9,0,0,+38.06,00000,00000,*2E
$GPNVS,6,0,A,1,0x00000,0x03,,0x00,00,,0x00000,,*05
$GPNVS,7,155315,031026,A,71,0x00,-3,4,1,581575,+4.28,-4.11*78
$GPNVS,9,+9999999.9989,+2.77316,+10000000.05,15,+0.019,+0.37,,+38.06,50.0,49.3,*61
$GPNVS,10,1,0,0,+20,+20,2,100,0.5,1,10,30,1,-1,1.0,20,+14,1,2,8000,,,,*52
$GPNVS,15,0,0,0000,2400,2400.00,00000000,0.00,0.00,0.00,0.00,+9999,999*48
$GPNVS,1,155316,031026,A,N,64,N,0x00000,0x03,0x00,1,N*29
$GPNVS,2,155316,031026,0.00,0.00,0.00,0.00,0.00,0.00,0.00,0.00,*6D
$GPNVS,3,155316,031026,0.00,0.00,0.00,0.00,,0.00,0,0,1,+38.06,*4B
$GPNVS,4,155316,031026,0.00,0.00,,,,,,,*6B
$GPNVS,5,155316,031026,5C9,0,0,+38.06,00000,00000,*2D
$GPNVS,6,0,A,1,0x00000,0x03,,0x00,00,,0x00000,,*05
$GPNVS,7,155316,031026,A,71,0x00,-3,5,0,581575,+4.27,-4.11*74
$GPNVS,9,+9999999.9979,+2.77316,+9999999.949,15,+0.019,+0.37,,+38.06,50.0,48.7,*62
$GPNVS,10,1,0,0,+25,+20,2,100,0.5,1,10,30,1,-1,1.0,20,+14,1,2,8000,,,,*57
$GPNVS,15,0,0,0000,2400,2400.00,00000000,0.00,0.00,0.00,0.00,+9999,999*48
$GPNVS,1,155317,031026,A,N,64,N,0x00000,0x03,0x00,1,N*28
$GPNVS,2,155317,031026,0.00,0.00,0.00,0.00,0.00,0.00,0.00,0.00,*6C
$GPNVS,3,155317,031026,0.00,0.00,0.00,0.00,,0.00,0,0,1,+38.06,*4A
$GPNVS,4,155317,031026,0.00,0.00,,,,,,,*6A
$GPNVS,5,155317,031026,5C9,0,0,+38.06,00000,00000,*2C
$GPNVS,6,0,A,1,0x00000,0x03,,0x00,00,,0x00000,,*05
$GPNVS,7,155317,031026,A,71,0x00,-3,6,1,581576,+4.28,-4.11*7B
$GPNVS,9,+9999999.9969,+2.77317,+9999999.949,15,+0.019,+0.37,,+38.06,50.0,49.3,*67
$GPNVS,10,1,0,0,+30,+25,2,100,0.5,1,10,30,1,-1,1.0,20,+14,1,2,8000,,,,*56
$GPNVS,15,0,0,0000,2400,2400.00,00000000,0.00,0.00,0.00,0.00,+9999,999*48
$GPNVS,1,155318,031026,A,N,64,N,0x00000,0x03,0x00,1,N*27
$GPNVS,2,155318,031026,0.00,0.00,0.00,0.00,0.00,0.00,0.00,0.00,*63
$GPNVS,3,155318,031026,0.00,0.00,0.00,0.00,,0.00,0,0,1,+38.06,*45
$GPNVS,4,155318,031026,0.00,0.00,,,,,,,*65
$GPNVS,5,155318,031026,5C9,0,0,+38.06,00000,00000,*23
$GPNVS,6,0,A,1,0x00000,0x03,,0x00,00,,0x00000,,*05
$GPNVS,7,155318,031026,A,71,0x00,-3,6,0,581576,+4.27,-4.11*7A
$GPNVS,9,+9999999.9979,+2.77317,+10000000.00,15,+0.019,+0.37,,+38.06,50.0,50.0,*61
$GPNVS,10,1,0,0,+30,+30,2,100,0.5,1,10,30,1,+0,1.0,20,+14,1,2,8000,,,,*55
$GPNVS,15,0,0,0000,2400,2400.00,00000000,0.00,0.00,0.00,0.00,+9999,999*48
$GPNVS,1,155319,031026,A,N,64,N,0x00000,0x03,0x00,1,N*26
$GPNVS,2,155319,031026,0.00,0.00,0.00,0.00,0.00,0.00,0.00,0.00,*62
$GPNVS,3,155319,031026,0.00,0.00,0.00,0.00,,0.00,0,0,1,+38.06,*44
$GPNVS,4,155319,031026,0.00,0.00,,,,,,,*64
$GPNVS,5,155319,031026,5C9,0,0,+38.06,00000,00000,*22
$GPNVS,6,0,A,1,0x00000,0x03,,0x00,00,,0x00000,,*05
$GPNVS,7,155319,031026,A,71,0x00,-3,6,1,581577,+4.28,-4.11*74
$GPNVS,9,+9999999.9979,+2.77317,+10000000.00,15,+0.019,+0.37,,+38.06,50.0,49.3,*6A
$GPNVS,10,1,0,0,+30,+30,2,100,0.5,1,10,30,1,+1,1.0,20,+14,1,2,8000,,,,*54
$GPNVS,15,0,0,0000,2400,2400.00,00000000,0.00,0.00,0.00,0.00,+9999,999*48
$GPNVS,1,155320,031026,A,N,64,N,0x00000,0x03,0x00,1,N*2C
$GPNVS,2,155320,031026,0.00,0.00,0.00,0.00,0.00,0.00,0.00,0.00,*68
$GPNVS,3,155320,031026,0.00,0.00,0.00,0.00,,0.00,0,0,1,+38.06,*4E
$GPNVS,4,155320,031026,0.00,0.00,,,,,,,*6E
$GPNVS,5,155320,031026,5C9,0,0,+38.06,00000,00000,*28
$GPNVS,6,0,A,1,0x00000,0x03,,0x00,00,,0x00000,,*05
$GPNVS,7,155320,031026,A,71,0x00,-3,6,1,581578,+4.27,-4.11*7E
$GPNVS,9,+9999999.9979,+2.77318,+10000000.00,15,+0.019,+0.37,,+38.06,50.0,50.3,*6D
$GPNVS,10,1,0,0,+30,+30,2,100,0.5,1,10,30,1,+2,1.0,20,+14,1,2,8000,,,,*57
$GPNVS,15,0,0,0000,2400,2400.00,00000000,0.00,0.00,0.00,0.00,+9999,999*48
$GPNVS,99,,,*5C
$GPNVS,1,155321,031026,A,N,64,N,0x00000,0x03,0x00,1,N*2D
$GPNVS,2,155321,031026,0.00,0.00,0.00,0.00,0.00,0.00,0.00,0.00,*69
$GPNVS,3,155321,031026,0.00,0.00,0.00,0.00,,0.00,0,0,1,+38.06,*4F
$GPNVS,4,155321,031026,0.00,0.00,,,,,,,*6F
$GPNVS,5,155321,031026,5C9,0,0,+38.06,00000,00000,*29
$GPNVS,6,0,A,1,0x00000,0x03,,0x00,00,,0x00000,,*05
$GPNVS,7,155321,031026,A,71,0x00,-3,6,1,581579,+4.28,-4.11*71
$GPNVS,9,+9999999.9979,+2.77318,+10000000.00,15,+0.019,+0.37,,+38.06,50.0,50.0,*6E
$GPNVS,10,1,0,0,+30,+30,2,100,0.5,1,10,30,1,+2,1.0,20,+14,1,2,8000,,,,*57
$GPNVS,15,0,0,0000,2400,2400.00,00000000,0.00,0.00,0.00,0.00,-9999,999*4E
$GPNVS,1,155322,031026,A,N,64,N,0x00000,0x03,0x00,1,N*2E
$GPNVS,2,155322,031026,0.00,0.00,0.00,0.00,0.00,0.00,0.00,0.00,*6A
$GPNVS,3,155322,031026,0.00,0.00,0.00,0.00,,0.00,0,0,1,+38.06,*4C
$GPNVS,4,155322,031026,0.00,0.00,,,,,,,*6C
$GPNVS,5,155322,031026,5C9,0,0,+38.06,00000,00000,*2A
$GPNVS,6,0,A,1,0x00000,0x03,,0x00,00,,0x00000,,*05
$GPNVS,7,155322,031026,A,71,0x00,-3,6,1,581580,+4.27,-4.11*7B
$GPNVS,9,+9999999.9989,+2.77319,+10000000.00,15,+0.019,+0.37,,+38.06,50.0,49.6,*6E
$GPNVS,10,1,0,0,+30,+30,2,100,0.5,1,10,30,1,+2,1.0,20,-6,1,2,8000,,,,*62
$GPNVS,15,0,0,0000,2400,2400.00,00000000,0.00,0.00,0.00,0.00,-9999,999*4E
$GPNVS,1,155323,031026,A,N,64,N,0x00000,0x03,0x00,1,N*2F
$GPNVS,2,155323,031026,0.00,0.00,0.00,0.00,0.00,0.00,0.00,0.00,*6B
$GPNVS,3,155323,031026,0.00,0.00,0.00,0.00,,0.00,0,0,1,+38.06,*4D
$GPNVS,4,155323,031026,0.00,0.00,,,,,,,*6D
$GPNVS,5,155323,031026,5C9,0,0,+38.06,00000,00000,*2B
$GPNVS,6,0,A,1,0x00000,0x03,,0x00,00,,0x00000,,*05
$GPNVS,7,155323,031026,A,71,0x00,-3,6,1,581581,+4.27,-4.11*7B
$GPNVS,9,+9999999.9989,+2.77319,+10000000.00,15,+0.019,+0.37,,+38.06,50.0,49.6,*6E
$GPNVS,10,1,0,0,+30,+30,2,100,0.5,1,10,30,1,+2,1.0,20,-6,1,2,8000,,,,*62
$GPNVS,15,0,0,0000,2400,2400.00,00000000,0.00,0.00,0.00,0.00,-9999,999*4E
$GPNVS,1,155324,031026,A,N,64,N,0x00000,0x03,0x00,1,N*28
$GPNVS,2,155324,031026,0.00,0.00,0.00,0.00,0.00,0.00,0.00,0.00,*6C
$GPNVS,3,155324,031026,0.00,0.00,0.00,0.00,,0.00,0,0,1,+38.06,*4A
$GPNVS,4,155324,031026,0.00,0.00,,,,,,,*6A
$GPNVS,5,155324,031026,5C9,0,0,+38.06,00000,00000,*2C
$GPNVS,6,0,A,1,0x00000,0x03,,0x00,00,,0x00000,,*05
$GPNVS,7,155324,031026,A,71,0x00,-3,6,1,581582,+4.28,-4.11*70
$GPNVS,9,+9999999.9989,+2.77320,+10000000.00,15,+0.019,+0.37,,+38.06,50.0,48.7,*64
$GPNVS,10,1,0,0,+30,+30,2,100,0.5,1,10,30,1,+2,1.0,20,-6,1,2,8000,,,,*62
$GPNVS,15,0,0,0000,2400,2400.00,00000000,0.00,0.00,0.00,0.00,-9999,999*4E
$GPNVS,1,155325,031026,A,N,64,N,0x00000,0x03,0x00,1,N*29
$GPNVS,2,155325,031026,0.00,0.00,0.00,0.00,0.00,0.00,0.00,0.00,*6D
$GPNVS,3,155325,031026,0.00,0.00,0.00,0.00,,0.00,0,0,1,+38.06,*4B
$GPNVS,4,155325,031026,0.00,0.00,,,,,,,*6B
$GPNVS,5,155325,031026,5C9,0,0,+38.06,00000,00000,*2D
$GPNVS,6,0,A,1,0x00000,0x03,,0x00,00,,0x00000,,*05
$GPNVS,7,155325,031026,A,71,0x00,-3,6,1,581583,+4.28,-4.11*70
$GPNVS,9,+9999999.9979,+2.77320,+10000000.00,15,+0.019,+0.37,,+38.06,50.0,49.3,*6E
$GPNVS,10,1,0,0,+30,+30,2,100,0.5,1,10,30,1,+2,1.0,20,-6,1,2,8000,,,,*62
$GPNVS,15,0,0,0000,2400,2400.00,00000000,0.00,0.00,0.00,0.00,-9999,999*4E
$GPNVS,1,155326,031026,A,N,64,N,0x00000,0x03,0x00,1,N*2A
$GPNVS,2,155326,031026,0.00,0.00,0.00,0.00,0.00,0.00,0.00,0.00,*6E
$GPNVS,3,155326,031026,0.00,0.00,0.00,0.00,,0.00,0,0,1,+38.06,*48
$GPNVS,4,155326,031026,0.00,0.00,,,,,,,*68
$GPNVS,5,155326,031026,5C9,0,0,+38.06,00000,00000,*2E
$GPNVS,6,0,A,1,0x00000,0x03,,0x00,00,,0x00000,,*05
$GPNVS,7,155326,031026,A,71,0x00,-3,6,1,581584,+4.28,-4.11*74
$GPNVS,9,+9999999.9979,+2.77321,+10000000.00,15,+0.019,+0.37,,+38.06,50.0,49.6,*6A
$GPNVS,10,1,0,0,+30,+30,2,100,0.5,1,10,30,1,+2,1.0,20,-6,1,2,8000,,,,*62
$GPNVS,15,0,0,0000,2400,2400.00,00000000,0.00,0.00,0.00,0.00,-9999,999*4E
$GPNVS,1,155327,031026,A,N,64,N,0x00000,0x03,0x00,1,N*2B
$GPNVS,2,155327,031026,0.00,0.00,0.00,0.00,0.00,0.00,0.00,0.00,*6F
$GPNVS,3,155327,031026,0.00,0.00,0.00,0.00,,0.00,0,0,1,+38.06,*49
$GPNVS,4,155327,031026,0.00,0.00,,,,,,,*69
$GPNVS,5,155327,031026,5C9,0,0,+38.06,00000,00000,*2F
$GPNVS,6,0,A,1,0x00000,0x03,,0x00,00,,0x00000,,*05
$GPNVS,7,155327,031026,A,71,0x00,-3,6,1,581585,+4.28,-4.11*74
$GPNVS,9,+9999999.9989,+2.77321,+10000000.00,15,+0.019,+0.37,,+38.06,50.0,49.3,*60
$GPNVS,10,1,0,0,+30,+30,2,100,0.5,1,10,30,1,+2,1.0,20,-6,1,2,8000,,,,*62
$GPNVS,15,0,0,0000,2400,2400.00,00000000,0.00,0.00,0.00,0.00,-9999,999*4E
$GPNVS,1,155328,031026,A,N,64,N,0x00000,0x03,0x00,1,N*24
$GPNVS,2,155328,031026,0.00,0.00,0.00,0.00,0.00,0.00,0.00,0.00,*60
$GPNVS,3,155328,031026,0.00,0.00,0.00,0.00,,0.00,0,0,1,+38.06,*46
$GPNVS,4,155328,031026,0.00,0.00,,,,,,,*66
$GPNVS,5,155328,031026,5C9,0,0,+38.06,00000,00000,*20
$GPNVS,6,0,A,1,0x00000,0x03,,0x00,00,,0x00000,,*05
$GPNVS,7,155328,031026,A,71,0x00,27,7,0,581585,+4.28,-4.11*60
$GPNVS,9,+9999999.9969,+2.77321,+9999999.949,15,+0.019,+0.37,,+38.06,50.0,49.0,*61
$GPNVS,10,1,0,0,+35,+30,2,100,0.5,1,10,30,1,+2,1.0,20,-6,1,2,8000,,,,*67
$GPNVS,15,0,0,0000,2400,2400.00,00000000,0.00,0.00,0.00,0.00,-9999,999*4E
$GPNVS,1,155329,031026,A,N,64,N,0x00000,0x03,0x00,1,N*25
$GPNVS,2,155329,031026,0.00,0.00,0.00,0.00,0.00,0.00,0.00,0.00,*61
$GPNVS,3,155329,031026,0.00,0.00,0.00,0.00,,0.00,0,0,1,+38.06,*47
$GPNVS,4,155329,031026,0.00,0.00,,,,,,,*67
$GPNVS,5,155329,031026,5C9,0,0,+38.06,00000,00000,*21
$GPNVS,6,0,A,1,0x00000,0x03,,0x00,00,,0x00000,,*05
$GPNVS,7,155329,031026,A,71,0x00,27,5,1,581586,+4.27,-4.11*6E
$GPNVS,9,+9999999.9989,+2.77322,+10000000.09,15,+0.019,+0.37,,+38.06,50.0,50.3,*62
$GPNVS,10,1,0,0,+25,+30,2,100,0.5,1,10,30,1,+2,1.0,20,-6,1,2,8000,,,,*66
$GPNVS,15,0,0,0000,2400,2400.00,00000000,0.00,0.00,0.00,0.00,-9999,999*4E
$GPNVS,1,155330,031026,A,N,64,N,0x00000,0x03,0x00,1,N*2D
$GPNVS,2,155330,031026,0.00,0.00,0.00,0.00,0.00,0.00,0.00,0.00,*69
$GPNVS,3,155330,031026,0.00,0.00,0.00,0.00,,0.00,0,0,1,+38.06,*4F
$GPNVS,4,155330,031026,0.00,0.00,,,,,,,*6F
$GPNVS,5,155330,031026,5C9,0,0,+38.06,00000,00000,*29
$GPNVS,6,0,A,1,0x00000,0x03,,0x00,00,,0x00000,,*05
$GPNVS,7,155330,031026,A,71,0x00,27,5,1,581587,+4.28,-4.11*68
$GPNVS,9,+9999999.9979,+2.77322,+10000000.00,15,+0.019,+0.37,,+38.06,50.0,49.6,*69
$GPNVS,10,1,0,0,+25,+25,2,100,0.5,1,10,30,1,+2,1.0,20,-6,1,2,8000,,,,*62
$GPNVS,15,0,0,0000,2400,2400.00,00000000,0.00,0.00,0.00,0.00,-9999,999*4E
$GPNVS,1,155331,031026,A,N,64,N,0x00000,0x03,0x00,1,N*2C
$GPNVS,2,155331,031026,0.00,0.00,0.00,0.00,0.00,0.00,0.00,0.00,*68
$GPNVS,3,155331,031026,0.00,0.00,0.00,0.00,,0.00,0,0,1,+38.06,*4E
$GPNVS,4,155331,031026,0.00,0.00,,,,,,,*6E
$GPNVS,5,155331,031026,5C9,0,0,+38.06,00000,00000,*28
$GPNVS,6,0,A,1,0x00000,0x03,,0x00,00,,0x00000,,*05
$GPNVS,7,155331,031026,A,71,0x00,27,5,1,581588,+4.27,-4.11*69
$GPNVS,9,+9999999.9989,+2.77323,+10000000.00,15,+0.019,+0.37,,+38.06,50.0,50.3,*6A
$GPNVS,10,1,0,0,+25,+25,2,100,0.5,1,10,30,1,+1,1.0,20,-6,1,2,8000,,,,*61
$GPNVS,15,0,0,0000,2400,2400.00,00000000,0.00,0.00,0.00,0.00,-9999,999*4E
$GPNVS,1,155332,031026,A,N,64,N,0x00000,0x03,0x00,1,N*2F
$GPNVS,2,155332,031026,0.00,0.00,0.00,0.00,0.00,0.00,0.00,0.00,*6B
$GPNVS,3,155332,031026,0.00,0.00,0.00,0.00,,0.00,0,0,1,+38.06,*4D
$GPNVS,4,155332,031026,0.00,0.00,,,,,,,*6D
$GPNVS,5,155332,031026,5C9,0,0,+38.06,00000,00000,*2B
$GPNVS,6,0,A,1,0x00000,0x03,,0x00,00,,0x00000,,*05
$GPNVS,7,155332,031026,A,71,0x00,27,5,0,581588,+4.27,-4.11*6B
$GPNVS,9,+9999999.9989,+2.77323,+10000000.00,15,+0.019,+0.37,,+38.06,50.0,49.6,*67
$GPNVS,10,1,0,0,+25,+25,2,100,0.5,1,10,30,1,+0,1.0,20,+10,1,2,8000,,,,*51
$GPNVS,15,0,0,0000,2400,2400.00,00000000,0.00,0.00,0.00,0.00,+9999,999*48
$GPNVS,1,155333,031026,A,N,64,N,0x00000,0x03,0x00,1,N*2E
$GPNVS,2,155333,031026,0.00,0.00,0.00,0.00,0.00,0.00,0.00,0.00,*6A
$GPNVS,3,155333,031026,0.00,0.00,0.00,0.00,,0.00,0,0,1,+38.06,*4C
$GPNVS,4,155333,031026,0.00,0.00,,,,,,,*6C
$GPNVS,5,155333,031026,5C9,0,0,+38.06,00000,00000,*2A
$GPNVS,6,0,A,1,0x00000,0x03,,0x00,00,,0x00000,,*05
$GPNVS,7,155333,031026,A,71,0x00,27,5,1,581589,+4.27,-4.11*6A
$GPNVS,9,+9999999.9979,+2.77323,+10000000.00,15,+0.019,+0.37,,+38.06,50.0,49.0,*6E
$GPNVS,10,1,0,0,+25,+25,2,100,0.5,1,10,30,1,-1,1.0,20,+10,1,2,8000,,,,*56
$GPNVS,15,0,0,0000,2400,2400.00,00000000,0.00,0.00,0.00,0.00,+9999,999*48
$GPNVS,1,155334,031026,A,N,64,N,0x00000,0x03,0x00,1,N*29
$GPNVS,2,155334,031026,0.00,0.00,0.00,0.00,0.00,0.00,0.00,0.00,*6D
$GPNVS,3,155334,031026,0.00,0.00,0.00,0.00,,0.00,0,0,1,+38.06,*4B
$GPNVS,4,155334,031026,0.00,0.00,,,,,,,*6B
$GPNVS,5,155334,031026,5C9,0,0,+38.06,00000,00000,*2D
$GPNVS,6,0,A,1,0x00000,0x03,,0x00,00,,0x00000,,*05
$GPNVS,7,155334,031026,A,71,0x00,27,5,1,581590,+4.27,-4.11*65
$GPNVS,9,+9999999.9979,+2.77323,+10000000.00,15,+0.019,+0.37,,+38.06,50.0,49.6,*68
$GPNVS,10,1,0,0,+25,+25,2,100,0.5,1,10,30,1,-1,1.0,20,+10,1,2,8000,,,,*56
$GPNVS,15,0,0,0000,2400,2400.00,00000000,0.00,0.00,0.00,0.00,+9999,999*48
$GPNVS,1,155335,031026,A,N,64,N,0x00000,0x03,0x00,1,N*28
$GPNVS,2,155335,031026,0.00,0.00,0.00,0.00,0.00,0.00,0.00,0.00,*6C
$GPNVS,3,155335,031026,0.00,0.00,0.00,0.00,,0.00,0,0,1,+38.06,*4A
$GPNVS,4,155335,031026,0.00,0.00,,,,,,,*6A
$GPNVS,5,155335,031026,5C9,0,0,+38.06,00000,00000,*2C
$GPNVS,6,0,A,1,0x00000,0x03,,0x00,00,,0x00000,,*05
$GPNVS,7,155335,031026,A,71,0x00,27,6,0,581590,+4.28,-4.11*69
$GPNVS,9,+9999999.9979,+2.77323,+9999999.949,15,+0.019,+0.37,,+38.06,50.0,50.0,*6A
$GPNVS,10,1,0,0,+30,+25,2,100,0.5,1,10,30,1,-1,1.0,20,+10,1,2,8000,,,,*52
$GPNVS,15,0,0,0000,2400,2400.00,00000000,0.00,0.00,0.00,0.00,+9999,999*48
$GPNVS,99,,,*5C
$GPNVS,1,155336,031026,A,N,64,N,0x00000,0x03,0x00,1,N*2B
$GPNVS,2,155336,031026,0.00,0.00,0.00,0.00,0.00,0.00,0.00,0.00,*6F
$GPNVS,3,155336,031026,0.00,0.00,0.00,0.00,,0.00,0,0,1,+38.06,*49
$GPNVS,4,155336,031026,0.00,0.00,,,,,,,*69
$GPNVS,5,155336,031026,5C9,0,0,+38.06,00000,00000,*2F
$GPNVS,6,0,A,1,0x00000,0x03,,0x00,00,,0x00000,,*05
$GPNVS,7,155336,031026,A,71,0x00,27,6,1,581591,+4.28,-4.11*6A
$GPNVS,9,+9999999.9979,+2.77324,+10000000.00,15,+0.019,+0.37,,+38.06,50.0,50.3,*62
$GPNVS,10,1,0,0,+30,+30,2,100,0.5,1,10,30,1,-1,1.0,20,+10,1,2,8000,,,,*56
$GPNVS,15,0,0,0000,2400,2400.00,00000000,0.00,0.00,0.00,0.00,+9999,999*48
$GPNVS,1,155337,031026,A,N,64,N,0x00000,0x03,0x00,1,N*2A
$GPNVS,2,155337,031026,0.00,0.00,0.00,0.00,0.00,0.00,0.00,0.00,*6E
$GPNVS,3,155337,031026,0.00,0.00,0.00,0.00,,0.00,0,0,1,+38.06,*48
$GPNVS,4,155337,031026,0.00,0.00,,,,,,,*68
$GPNVS,5,155337,031026,5C9,0,0,+38.06,00000,00000,*2E
$GPNVS,6,0,A,1,0x00000,0x03,,0x00,00,,0x00000,,*05
$GPNVS,7,155337,031026,A,71,0x00,27,4,0,581591,+4.27,-4.11*67
$GPNVS,9,+10000000.000,+2.77324,+10000000.09,15,+0.019,+0.37,,+38.06,50.0,50.3,*6D
$GPNVS,10,1,0,0,+20,+25,2,100,0.5,1,10,30,1,-1,1.0,20,+10,1,2,8000,,,,*53
$GPNVS,15,0,0,0000,2400,2400.00,00000000,0.00,0.00,0.00,0.00,+9999,999*48
$GPNVS,1,155338,031026,A,N,64,N,0x00000,0x03,0x00,1,N*25
$GPNVS,2,155338,031026,0.00,0.00,0.00,0.00,0.00,0.00,0.00,0.00,*61
$GPNVS,3,155338,031026,0.00,0.00,0.00,0.00,,0.00,0,0,1,+38.06,*47
$GPNVS,4,155338,031026,0.00,0.00,,,,,,,*67
$GPNVS,5,155338,031026,5C9,0,0,+38.06,00000,00000,*21
$GPNVS,6,0,A,1,0x00000,0x03,,0x00,00,,0x00000,,*05
$GPNVS,7,155338,031026,A,71,0x00,27,5,1,581592,+4.28,-4.11*64
$GPNVS,9,+10000000.000,+2.77324,+9999999.949,15,+0.019,+0.37,,+38.06,50.0,50.0,*6B
$GPNVS,10,1,0,0,+25,+20,2,100,0.5,1,10,30,1,-1,1.0,20,+10,1,2,8000,,,,*53
$GPNVS,15,0,0,0000,2400,2400.00,00000000,0.00,0.00,0.00,0.00,+9999,999*48
$GPNVS,1,155339,031026,A,N,64,N,0x00000,0x03,0x00,1,N*24
$GPNVS,2,155339,031026,0.00,0.00,0.00,0.00,0.00,0.00,0.00,0.00,*60
$GPNVS,3,155339,031026,0.00,0.00,0.00,0.00,,0.00,0,0,1,+38.06,*46
$GPNVS,4,155339,031026,0.00,0.00,,,,,,,*66
$GPNVS,5,155339,031026,5C9,0,0,+38.06,00000,00000,*20
$GPNVS,6,0,A,1,0x00000,0x03,,0x00,00,,0x00000,,*05
$GPNVS,7,155339,031026,A,71,0x00,27,5,0,581592,+4.28,-4.11*64
$GPNVS,9,+10000000.000,+2.77324,+10000000.00,15,+0.019,+0.37,,+38.06,50.0,49.3,*6C
$GPNVS,10,1,0,0,+25,+25,2,100,0.5,1,10,30,1,-1,1.0,20,+10,1,2,8000,,,,*56
$GPNVS,15,0,0,0000,2400,2400.00,00000000,0.00,0.00,0.00,0.00,+9999,999*48
$GPNVS,1,155340,031026,A,N,64,N,0x00000,0x03,0x00,1,N*2A
$GPNVS,2,155340,031026,0.00,0.00,0.00,0.00,0.00,0.00,0.00,0.00,*6E
$GPNVS,3,155340,031026,0.00,0.00,0.00,0.00,,0.00,0,0,1,+38.06,*48
$GPNVS,4,155340,031026,0.00,0.00,,,,,,,*68
$GPNVS,5,155340,031026,5C9,0,0,+38.06,00000,00000,*2E
$GPNVS,6,0,A,1,0x00000,0x03,,0x00,00,,0x00000,,*05
$GPNVS,7,155340,031026,A,71,0x00,27,5,1,581593,+4.28,-4.11*6A
$GPNVS,9,+10000000.000,+2.77325,+10000000.00,15,+0.019,+0.37,,+38.06,50.0,49.6,*68
$GPNVS,10,1,0,0,+25,+25,2,100,0.5,1,10,30,1,-1,1.0,20,+10,1,2,8000,,,,*56
$GPNVS,15,0,0,0000,2400,2400.00,00000000,0.00,0.00,0.00,0.00,+9999,999*48
$GPNVS,1,155341,031026,A,N,64,N,0x00000,0x03,0x00,1,N*2B
$GPNVS,2,155341,031026,0.00,0.00,0.00,0.00,0.00,0.00,0.00,0.00,*6F
$GPNVS,3,155341,031026,0.00,0.00,0.00,0.00,,0.00,0,0,1,+38.06,*49
$GPNVS,4,155341,031026,0.00,0.00,,,,,,,*69
$GPNVS,5,155341,031026,5C9,0,0,+38.06,00000,00000,*2F
$GPNVS,6,0,A,1,0x00000,0x03,,0x00,00,,0x00000,,*05
$GPNVS,7,155341,031026,A,71,0x00,27,4,0,581593,+4.28,-4.11*6B
$GPNVS,9,+10000000.002,+2.77325,+10000000.05,15,+0.019,+0.37,,+38.06,50.0,50.6,*67
$GPNVS,10,1,0,0,+20,+20,2,100,0.5,1,10,30,1,-1,1.0,20,+10,1,2,8000,,,,*56
$GPNVS,15,0,0,0000,2400,2400.00,00000000,0.00,0.00,0.00,0.00,+9999,999*48
$GPNVS,1,155342,031026,A,N,64,N,0x00000,0x03,0x00,1,N*28
$GPNVS,2,155342,031026,0.00,0.00,0.00,0.00,0.00,0.00,0.00,0.00,*6C
$GPNVS,3,155342,031026,0.00,0.00,0.00,0.00,,0.00,0,0,1,+38.06,*4A
$GPNVS,4,155342,031026,0.00,0.00,,,,,,,*6A
$GPNVS,5,155342,031026,5C9,0,0,+38.06,00000,00000,*2C
$GPNVS,6,0,A,1,0x00000,0x03,,0x00,00,,0x00000,,*05
$GPNVS,7,155342,031026,A,71,0x00,27,5,0,581593,+4.27,-4.11*66
$GPNVS,9,+10000000.000,+2.77325,+9999999.949,15,+0.019,+0.37,,+38.06,50.0,49.6,*64
$GPNVS,10,1,0,0,+25,+20,2,100,0.5,1,10,30,1,-1,1.0,20,+10,1,2,8000,,,,*53
$GPNVS,15,0,0,0000,2400,2400.00,00000000,0.00,0.00,0.00,0.00,+9999,999*48
$GPNVS,1,155343,031026,A,N,64,N,0x00000,0x03,0x00,1,N*29
$GPNVS,2,155343,031026,0.00,0.00,0.00,0.00,0.00,0.00,0.00,0.00,*6D
$GPNVS,3,155343,031026,0.00,0.00,0.00,0.00,,0.00,0,0,1,+38.06,*4B
$GPNVS,4,155343,031026,0.00,0.00,,,,,,,*6B
$GPNVS,5,155343,031026,5C9,0,0,+38.06,00000,00000,*2D
$GPNVS,6,0,A,1,0x00000,0x03,,0x00,00,,0x00000,,*05
$GPNVS,7,155343,031026,A,71,0x00,-12,5,1,581594,+4.28,-4.11*45
$GPNVS,9,+10000000.000,+2.77325,+10000000.00,15,+0.019,+0.37,,+38.06,50.0,51.9,*6E
$GPNVS,10,1,0,0,+25,+25,2,100,0.5,1,10,30,1,-1,1.0,20,-10,1,2,8000,,,,*50
$GPNVS,15,0,0,0000,2400,2400.00,00000000,0.00,0.00,0.00,0.00,-9999,999*4E
$GPNVS,1,155344,031026,A,N,64,N,0x00000,0x03,0x00,1,N*2E
$GPNVS,2,155344,031026,0.00,0.00,0.00,0.00,0.00,0.00,0.00,0.00,*6A
$GPNVS,3,155344,031026,0.00,0.00,0.00,0.00,,0.00,0,0,1,+38.06,*4C
$GPNVS,4,155344,031026,0.00,0.00,,,,,,,*6C
$GPNVS,5,155344,031026,5C9,0,0,+38.06,00000,00000,*2A
$GPNVS,6,0,A,1,0x00000,0x03,,0x00,00,,0x00000,,*05
$GPNVS,7,155344,031026,A,71,0x00,-12,5,0,581594,+4.27,-4.11*4C
$GPNVS,9,+10000000.001,+2.77325,+10000000.00,15,+0.019,+0.37,,+38.06,50.0,50.9,*6E
$GPNVS,10,1,0,0,+25,+25,2,100,0.5,1,10,30,1,-1,1.0,20,-10,1,2,8000,,,,*50
$GPNVS,15,0,0,0000,2400,2400.00,00000000,0.00,0.00,0.00,0.00,-9999,999*4E
$GPNVS,1,155345,031026,A,N,64,N,0x00000,0x03,0x00,1,N*2F
$GPNVS,2,155345,031026,0.00,0.00,0.00,0.00,0.00,0.00,0.00,0.00,*6B
$GPNVS,3,155345,031026,0.00,0.00,0.00,0.00,,0.00,0,0,1,+38.06,*4D
$GPNVS,4,155345,031026,0.00,0.00,,,,,,,*6D
$GPNVS,5,155345,031026,5C9,0,0,+38.06,00000,00000,*2B
$GPNVS,6,0,A,1,0x00000,0x03,,0x00,00,,0x00000,,*05
$GPNVS,7,155345,031026,A,71,0x00,-12,4,0,581594,+4.28,-4.11*43
$GPNVS,9,+10000000.001,+2.77325,+10000000.05,15,+0.019,+0.37,,+38.06,50.0,50.0,*62
$GPNVS,10,1,0,0,+20,+20,2,100,0.5,1,10,30,1,+0,1.0,20,-10,1,2,8000,,,,*57
$GPNVS,15,0,0,0000,2400,2400.00,00000000,0.00,0.00,0.00,0.00,-9999,999*4E
$GPNVS,1,155346,031026,A,N,64,N,0x00000,0x03,0x00,1,N*2C
$GPNVS,2,155346,031026,0.00,0.00,0.00,0.00,0.00,0.00,0.00,0.00,*68
$GPNVS,3,155346,031026,0.00,0.00,0.00,0.00,,0.00,0,0,1,+38.06,*4E
$GPNVS,4,155346,031026,0.00,0.00,,,,,,,*6E
$GPNVS,5,155346,031026,5C9,0,0,+38.06,00000,00000,*28
$GPNVS,6,0,A,1,0x00000,0x03,,0x00,00,,0x00000,,*05
$GPNVS,7,155346,031026,A,71,0x00,-12,5,1,581595,+4.28,-4.11*41
$GPNVS,9,+10000000.000,+2.77326,+9999999.949,15,+0.019,+0.37,,+38.06,50.0,49.6,*67
$GPNVS,10,1,0,0,+25,+20,2,100,0.5,1,10,30,1,+0,1.0,20,-10,1,2,8000,,,,*52
$GPNVS,15,0,0,0000,2400,2400.00,00000000,0.00,0.00,0.00,0.00,-9999,999*4E
$GPNVS,1,155347,031026,A,N,64,N,0x00000,0x03,0x00,1,N*2D
$GPNVS,2,155347,031026,0.00,0.00,0.00,0.00,0.00,0.00,0.00,0.00,*69
$GPNVS,3,155347,031026,0.00,0.00,0.00,0.00,,0.00,0,0,1,+38.06,*4F
$GPNVS,4,155347,031026,0.00,0.00,,,,,,,*6F
$GPNVS,5,155347,031026,5C9,0,0,+38.06,00000,00000,*29
$GPNVS,6,0,A,1,0x00000,0x03,,0x00,00,,0x00000,,*05
$GPNVS,7,155347,031026,A,71,0x00,-12,3,0,581595,+4.28,-4.11*47
$GPNVS,9,+10000000.002,+2.77326,+10000000.09,15,+0.019,+0.37,,+38.06,50.0,49.6,*60
$GPNVS,10,1,0,0,+15,+20,2,100,0.5,1,10,30,1,+0,1.0,20,-10,1,2,8000,,,,*51
$GPNVS,15,0,0,0000,2400,2400.00,00000000,0.00,0.00,0.00,0.00,-9999,999*4E
$GPNVS,1,155348,031026,A,N,64,N,0x00000,0x03,0x00,1,N*22
$GPNVS,2,155348,031026,0.00,0.00,0.00,0.00,0.00,0.00,0.00,0.00,*66
$GPNVS,3,155348,031026,0.00,0.00,0.00,0.00,,0.00,0,0,1,+38.06,*40
$GPNVS,4,155348,031026,0.00,0.00,,,,,,,*60
$GPNVS,5,155348,031026,5C9,0,0,+38.06,00000,00000,*26
$GPNVS,6,0,A,1,0x00000,0x03,,0x00,00,,0x00000,,*05
$GPNVS,7,155348,031026,A,71,0x00,-12,4,0,581595,+4.28,-4.11*4F
$GPNVS,9,+10000000.001,+2.77326,+9999999.949,15,+0.019,+0.37,,+38.06,50.0,50.3,*6B
$GPNVS,10,1,0,0,+20,+15,2,100,0.5,1,10,30,1,+0,1.0,20,-10,1,2,8000,,,,*51
$GPNVS,15,0,0,0000,2400,2400.00,00000000,0.00,0.00,0.00,0.00,-9999,999*4E
$GPNVS,1,155349,031026,A,N,64,N,0x00000,0x03,0x00,1,N*23
$GPNVS,2,155349,031026,0.00,0.00,0.00,0.00,0.00,0.00,0.00,0.00,*67
$GPNVS,3,155349,031026,0.00,0.00,0.00,0.00,,0.00,0,0,1,+38.06,*41
$GPNVS,4,155349,031026,0.00,0.00,,,,,,,*61
$GPNVS,5,155349,031026,5C9,0,0,+38.06,00000,00000,*27
$GPNVS,6,0,A,1,0x00000,0x03,,0x00,00,,0x00000,,*05
$GPNVS,7,155349,031026,A,71,0x00,-12,5,0,581595,+4.27,-4.11*40
$GPNVS,9,+10000000.001,+2.77326,+9999999.949,15,+0.019,+0.37,,+38.06,50.0,49.3,*63
$GPNVS,10,1,0,0,+25,+20,2,100,0.5,1,10,30,1,+0,1.0,20,-10,1,2,8000,,,,*52
$GPNVS,15,0,0,0000,2400,2400.00,00000000,0.00,0.00,0.00,0.00,-9999,999*4E
$GPNVS,1,155350,031026,A,N,64,N,0x00000,0x03,0x00,1,N*2B
$GPNVS,2,155350,031026,0.00,0.00,0.00,0.00,0.00,0.00,0.00,0.00,*6F
$GPNVS,3,155350,031026,0.00,0.00,0.00,0.00,,0.00,0,0,1,+38.06,*49
$GPNVS,4,155350,031026,0.00,0.00,,,,,,,*69
$GPNVS,5,155350,031026,5C9,0,0,+38.06,00000,00000,*2F
$GPNVS,6,0,A,1,0x00000,0x03,,0x00,00,,0x00000,,*05
$GPNVS,7,155350,031026,A,71,0x00,-12,3,0,581595,+4.27,-4.11*4E
$GPNVS,9,+10000000.002,+2.77326,+10000000.09,15,+0.019,+0.37,,+38.06,50.0,50.3,*6D
$GPNVS,10,1,0,0,+15,+20,2,100,0.5,1,10,30,1,-1,1.0,20,-10,1,2,8000,,,,*56
$GPNVS,15,0,0,0000,2400,2400.00,00000000,0.00,0.00,0.00,0.00,-9999,999*4E
$GPNVS,99,,,*5C
$GPNVS,1,155351,031026,A,N,64,N,0x00000,0x03,0x00,1,N*2A
$GPNVS,2,155351,031026,0.00,0.00,0.00,0.00,0.00,0.00,0.00,0.00,*6E
$GPNVS,3,155351,031026,0.00,0.00,0.00,0.00,,0.00,0,0,1,+38.06,*48
$GPNVS,4,155351,031026,0.00,0.00,,,,,,,*68
$GPNVS,5,155351,031026,5C9,0,0,+38.06,00000,00000,*2E
$GPNVS,6,0,A,1,0x00000,0x03,,0x00,00,,0x00000,,*05
$GPNVS,7,155351,031026,A,71,0x00,-12,4,0,581595,+4.28,-4.11*47
$GPNVS,9,+10000000.000,+2.77326,+9999999.949,15,+0.019,+0.37,,+38.06,50.0,50.3,*6A
$GPNVS,10,1,0,0,+20,+15,2,100,0.5,1,10,30,1,-1,1.0,20,-10,1,2,8000,,,,*56
$GPNVS,15,0,0,0000,2400,2400.00,00000000,0.00,0.00,0.00,0.00,-9999,999*4E
$GPNVS,1,155352,031026,A,N,64,N,0x00000,0x03,0x00,1,N*29
$GPNVS,2,155352,031026,0.00,0.00,0.00,0.00,0.00,0.00,0.00,0.00,*6D
$GPNVS,3,155352,031026,0.00,0.00,0.00,0.00,,0.00,0,0,1,+38.06,*4B
$GPNVS,4,155352,031026,0.00,0.00,,,,,,,*6B
$GPNVS,5,155352,031026,5C9,0,0,+38.06,00000,00000,*2D
$GPNVS,6,0,A,1,0x00000,0x03,,0x00,00,,0x00000,,*05
$GPNVS,7,155352,031026,A,71,0x00,-12,3,0,581595,+4.28,-4.11*43
$GPNVS,9,+10000000.002,+2.77326,+10000000.05,15,+0.019,+0.37,,+38.06,50.0,50.3,*61
$GPNVS,10,1,0,0,+15,+15,2,100,0.5,1,10,30,1,-1,1.0,20,-10,1,2,8000,,,,*50
$GPNVS,15,0,0,0000,2400,2400.00,00000000,0.00,0.00,0.00,0.00,-9999,999*4E
$GPNVS,1,155353,031026,A,N,64,N,0x00000,0x03,0x00,1,N*28
$GPNVS,2,155353,031026,0.00,0.00,0.00,0.00,0.00,0.00,0.00,0.00,*6C
$GPNVS,3,155353,031026,0.00,0.00,0.00,0.00,,0.00,0,0,1,+38.06,*4A
$GPNVS,4,155353,031026,0.00,0.00,,,,,,,*6A
$GPNVS,5,155353,031026,5C9,0,0,+38.06,00000,00000,*2C
$GPNVS,6,0,A,1,0x00000,0x03,,0x00,00,,0x00000,,*05
$GPNVS,7,155353,031026,A,71,0x00,-12,4,0,581595,+4.28,-4.11*45
$GPNVS,9,+10000000.000,+2.77326,+9999999.949,15,+0.019,+0.37,,+38.06,50.0,50.0,*69
$GPNVS,10,1,0,0,+20,+15,2,100,0.5,1,10,30,1,-1,1.0,20,-10,1,2,8000,,,,*56
$GPNVS,15,0,0,0000,2400,2400.00,00000000,0.00,0.00,0.00,0.00,-9999,999*4E
$GPNVS,1,155354,031026,A,N,64,N,0x00000,0x03,0x00,1,N*2F
$GPNVS,2,155354,031026,0.00,0.00,0.00,0.00,0.00,0.00,0.00,0.00,*6B
$GPNVS,3,155354,031026,0.00,0.00,0.00,0.00,,0.00,0,0,1,+38.06,*4D
$GPNVS,4,155354,031026,0.00,0.00,,,,,,,*6D
$GPNVS,5,155354,031026,5C9,0,0,+38.06,00000,00000,*2B
$GPNVS,6,0,A,1,0x00000,0x03,,0x00,00,,0x00000,,*05
$GPNVS,7,155354,031026,A,71,0x00,-12,4,0,581595,+4.28,-4.11*42
$GPNVS,9,+10000000.000,+2.77326,+10000000.00,15,+0.019,+0.37,,+38.06,50.0,49.6,*6B
$GPNVS,10,1,0,0,+20,+20,2,100,0.5,1,10,30,1,-1,1.0,20,+6,1,2,8000,,,,*61
$GPNVS,15,0,0,0000,2400,2400.00,00000000,0.00,0.00,0.00,0.00,+9999,999*48
$GPNVS,1,155355,031026,A,N,64,N,0x00000,0x03,0x00,1,N*2E
$GPNVS,2,155355,031026,0.00,0.00,0.00,0.00,0.00,0.00,0.00,0.00,*6A
$GPNVS,3,155355,031026,0.00,0.00,0.00,0.00,,0.00,0,0,1,+38.06,*4C
$GPNVS,4,155355,031026,0.00,0.00,,,,,,,*6C
$GPNVS,5,155355,031026,5C9,0,0,+38.06,00000,00000,*2A
$GPNVS,6,0,A,1,0x00000,0x03,,0x00,00,,0x00000,,*05
$GPNVS,7,155355,031026,A,71,0x00,-12,3,0,581595,+4.28,-4.11*44
$GPNVS,9,+10000000.002,+2.77326,+10000000.05,15,+0.019,+0.37,,+38.06,50.0,49.3,*69
$GPNVS,10,1,0,0,+15,+15,2,100,0.5,1,10,30,1,-1,1.0,20,+6,1,2,8000,,,,*61
$GPNVS,15,0,0,0000,2400,2400.00,00000000,0.00,0.00,0.00,0.00,+9999,999*48
$GPNVS,1,155356,031026,A,N,64,N,0x00000,0x03,0x00,1,N*2D
$GPNVS,2,155356,031026,0.00,0.00,0.00,0.00,0.00,0.00,0.00,0.00,*69
$GPNVS,3,155356,031026,0.00,0.00,0.00,0.00,,0.00,0,0,1,+38.06,*4F
$GPNVS,4,155356,031026,0.00,0.00,,,,,,,*6F
$GPNVS,5,155356,031026,5C9,0,0,+38.06,00000,00000,*29
$GPNVS,6,0,A,1,0x00000,0x03,,0x00,00,,0x00000,,*05
$GPNVS,7,155356,031026,A,71,0x00,-12,4,-1,581594,+4.27,-4.11*62
$GPNVS,9,+10000000.000,+2.77325,+9999999.949,15,+0.019,+0.37,,+38.06,50.0,50.0,*6A
$GPNVS,10,1,0,0,+20,+15,2,100,0.5,1,10,30,1,-1,1.0,20,+6,1,2,8000,,,,*67
$GPNVS,15,0,0,0000,2400,2400.00,00000000,0.00,0.00,0.00,0.00,+9999,999*48
$GPNVS,1,155357,031026,A,N,64,N,0x00000,0x03,0x00,1,N*2C
$GPNVS,2,155357,031026,0.00,0.00,0.00,0.00,0.00,0.00,0.00,0.00,*68
$GPNVS,3,155357,031026,0.00,0.00,0.00,0.00,,0.00,0,0,1,+38.06,*4E
$GPNVS,4,155357,031026,0.00,0.00,,,,,,,*6E
$GPNVS,5,155357,031026,5C9,0,0,+38.06,00000,00000,*28
$GPNVS,6,0,A,1,0x00000,0x03,,0x00,00,,0x00000,,*05
$GPNVS,7,155357,031026,A,71,0x00,-12,4,0,581594,+4.28,-4.11*40
$GPNVS,9,+10000000.001,+2.77325,+10000000.00,15,+0.019,+0.37,,+38.06,50.0,48.7,*69
$GPNVS,10,1,0,0,+20,+20,2,100,0.5,1,10,30,1,-1,1.0,20,+6,1,2,8000,,,,*61
$GPNVS,15,0,0,0000,2400,2400.00,00000000,0.00,0.00,0.00,0.00,+9999,999*48
$GPNVS,1,155358,031026,A,N,64,N,0x00000,0x03,0x00,1,N*23
$GPNVS,2,155358,031026,0.00,0.00,0.00,0.00,0.00,0.00,0.00,0.00,*67
$GPNVS,3,155358,031026,0.00,0.00,0.00,0.00,,0.00,0,0,1,+38.06,*41
$GPNVS,4,155358,031026,0.00,0.00,,,,,,,*61
$GPNVS,5,155358,031026,5C9,0,0,+38.06,00000,00000,*27
$GPNVS,6,0,A,1,0x00000,0x03,,0x00,00,,0x00000,,*05
$GPNVS,7,155358,031026,A,71,0x00,-3,4,0,581594,+4.27,-4.11*70
$GPNVS,9,+10000000.000,+2.77325,+10000000.00,15,+0.019,+0.37,,+38.06,50.0,50.0,*66
$GPNVS,10,1,0,0,+20,+20,2,100,0.5,1,10,30,1,-1,1.0,20,+6,1,2,8000,,,,*61
$GPNVS,15,0,0,0000,2400,2400.00,00000000,0.00,0.00,0.00,0.00,+9999,999*48
$GPNVS,1,155359,031026,A,N,64,N,0x00000,0x03,0x00,1,N*22
$GPNVS,2,155359,031026,0.00,0.00,0.00,0.00,0.00,0.00,0.00,0.00,*66
$GPNVS,3,155359,031026,0.00,0.00,0.00,0.00,,0.00,0,0,1,+38.06,*40
$GPNVS,4,155359,031026,0.00,0.00,,,,,,,*60
$GPNVS,5,155359,031026,5C9,0,0,+38.06,00000,00000,*26
$GPNVS,6,0,A,1,0x00000,0x03,,0x00,00,,0x00000,,*05
$GPNVS,7,155359,031026,A,71,0x00,-3,5,0,581594,+4.28,-4.11*7F
$GPNVS,9,+9999999.9979,+2.77325,+9999999.949,15,+0.019,+0.37,,+38.06,50.0,50.0,*6C
$GPNVS,10,1,0,0,+25,+20,2,100,0.5,1,10,30,1,-1,1.0,20,+6,1,2,8000,,,,*64
$GPNVS,15,0,0,0000,2400,2400.00,00000000,0.00,0.00,0.00,0.00,+9999,999*48
$GPNVS,1,155400,031026,A,N,64,N,0x00000,0x03,0x00,1,N*29
$GPNVS,2,155400,031026,0.00,0.00,0.00,0.00,0.00,0.00,0.00,0.00,*6D
$GPNVS,3,155400,031026,0.00,0.00,0.00,0.00,,0.00,0,0,1,+38.06,*4B
$GPNVS,4,155400,031026,0.00,0.00,,,,,,,*6B
$GPNVS,5,155400,031026,5C9,0,0,+38.06,00000,00000,*2D
$GPNVS,6,0,A,1,0x00000,0x03,,0x00,00,,0x00000,,*05
$GPNVS,7,155400,031026,A,71,0x00,-3,6,0,581594,+4.28,-4.11*77
$GPNVS,9,+9999999.9979,+2.77325,+9999999.949,15,+0.019,+0.37,,+38.06,50.0,49.6,*62
$GPNVS,10,1,0,0,+30,+25,2,100,0.5,1,10,30,1,-1,1.0,20,+6,1,2,8000,,,,*65
$GPNVS,15,0,0,0000,2400,2400.00,00000000,0.00,0.00,0.00,0.00,+9999,999*48
$GPNVS,1,155401,031026,A,N,64,N,0x00000,0x03,0x00,1,N*28
$GPNVS,2,155401,031026,0.00,0.00,0.00,0.00,0.00,0.00,0.00,0.00,*6C
$GPNVS,3,155401,031026,0.00,0.00,0.00,0.00,,0.00,0,0,1,+38.06,*4A
$GPNVS,4,155401,031026,0.00,0.00,,,,,,,*6A
$GPNVS,5,155401,031026,5C9,0,0,+38.06,00000,00000,*2C
$GPNVS,6,0,A,1,0x00000,0x03,,0x00,00,,0x00000,,*05
$GPNVS,7,155401,031026,A,71,0x00,-3,5,0,581594,+4.27,-4.11*7A
$GPNVS,9,+9999999.9979,+2.77325,+10000000.05,15,+0.019,+0.37,,+38.06,50.0,49.6,*6B
$GPNVS,10,1,0,0,+25,+25,2,100,0.5,1,10,30,1,-1,1.0,20,+6,1,2,8000,,,,*61
$GPNVS,15,0,0,0000,2400,2400.00,00000000,0.00,0.00,0.00,0.00,+9999,999*48
$GPNVS,1,155402,031026,A,N,64,N,0x00000,0x03,0x00,1,N*2B
$GPNVS,2,155402,031026,0.00,0.00,0.00,0.00,0.00,0.00,0.00,0.00,*6F
$GPNVS,3,155402,031026,0.00,0.00,0.00,0.00,,0.00,0,0,1,+38.06,*49
$GPNVS,4,155402,031026,0.00,0.00,,,,,,,*69
$GPNVS,5,155402,031026,5C9,0,0,+38.06,00000,00000,*2F
$GPNVS,6,0,A,1,0x00000,0x03,,0x00,00,,0x00000,,*05
$GPNVS,7,155402,031026,A,71,0x00,-3,6,0,581594,+4.28,-4.11*75
$GPNVS,9,+9999999.9979,+2.77325,+9999999.949,15,+0.019,+0.37,,+38.06,50.0,49.6,*62
$GPNVS,10,1,0,0,+30,+25,2,100,0.5,1,10,30,1,+0,1.0,20,+6,1,2,8000,,,,*62
$GPNVS,15,0,0,0000,2400,2400.00,00000000,0.00,0.00,0.00,0.00,+9999,999*48
$GPNVS,1,155403,031026,A,N,64,N,0x00000,0x03,0x00,1,N*2A
$GPNVS,2,155403,031026,0.00,0.00,0.00,0.00,0.00,0.00,0.00,0.00,*6E
$GPNVS,3,155403,031026,0.00,0.00,0.00,0.00,,0.00,0,0,1,+38.06,*48
$GPNVS,4,155403,031026,0.00,0.00,,,,,,,*68
$GPNVS,5,155403,031026,5C9,0,0,+38.06,00000,00000,*2E
$GPNVS,6,0,A,1,0x00000,0x03,,0x00,00,,0x00000,,*05
$GPNVS,7,155403,031026,A,71,0x00,-3,5,0,581594,+4.27,-4.11*78
$GPNVS,9,+9999999.9989,+2.77325,+10000000.05,15,+0.019,+0.37,,+38.06,50.0,49.6,*64
$GPNVS,10,1,0,0,+25,+25,2,100,0.5,1,10,30,1,+1,1.0,20,+6,1,2,8000,,,,*67
$GPNVS,15,0,0,0000,2400,2400.00,00000000,0.00,0.00,0.00,0.00,+9999,999*48
$GPNVS,1,155404,031026,A,N,64,N,0x00000,0x03,0x00,1,N*2D
$GPNVS,2,155404,031026,0.00,0.00,0.00,0.00,0.00,0.00,0.00,0.00,*69
$GPNVS,3,155404,031026,0.00,0.00,0.00,0.00,,0.00,0,0,1,+38.06,*4F
$GPNVS,4,155404,031026,0.00,0.00,,,,,,,*6F
$GPNVS,5,155404,031026,5C9,0,0,+38.06,00000,00000,*29
$GPNVS,6,0,A,1,0x00000,0x03,,0x00,00,,0x00000,,*05
$GPNVS,7,155404,031026,A,71,0x00,-3,6,1,581595,+4.28,-4.11*73
$GPNVS,9,+9999999.9989,+2.77326,+9999999.949,15,+0.019,+0.37,,+38.06,50.0,49.6,*6E
$GPNVS,10,1,0,0,+30,+25,2,100,0.5,1,10,30,1,+1,1.0,20,+6,1,2,8000,,,,*63
$GPNVS,15,0,0,0000,2400,2400.00,00000000,0.00,0.00,0.00,0.00,-9999,999*4E
$GPNVS,1,155405,031026,A,N,64,N,0x00000,0x03,0x00,1,N*2C
$GPNVS,2,155405,031026,0.00,0.00,0.00,0.00,0.00,0.00,0.00,0.00,*68
$GPNVS,3,155405,031026,0.00,0.00,0.00,0.00,,0.00,0,0,1,+37.74,*44
$GPNVS,4,155405,031026,0.00,0.00,,,,,,,*6E
$GPNVS,5,155405,031026,5C9,0,0,+37.74,00000,00000,*22
$GPNVS,6,0,A,1,0x00000,0x03,,0x00,00,,0x00000,,*05
$GPNVS,7,155405,031026,A,71,0x00,-3,5,0,581595,+4.28,-4.11*70
$GPNVS,9,+9999999.9989,+2.77326,+10000000.05,15,+0.019,+0.37,,+37.74,50.0,51.2,*60
$GPNVS,10,1,0,0,+25,+25,2,100,0.5,1,10,30,1,+1,1.0,20,-14,1,2,8000,,,,*52
$GPNVS,15,0,0,0000,2400,2400.00,00000000,0.00,0.00,0.00,0.00,-9999,999*4E
$GPNVS,99,,,*5C
$GPNVS,1,155406,031026,A,N,64,N,0x00000,0x03,0x00,1,N*2F
$GPNVS,2,155406,031026,0.00,0.00,0.00,0.00,0.00,0.00,0.00,0.00,*6B
$GPNVS,3,155406,031026,0.00,0.00,0.00,0.00,,0.00,0,0,1,+38.06,*4D
$GPNVS,4,155406,031026,0.00,0.00,,,,,,,*6D
$GPNVS,5,155406,031026,5C9,0,0,+38.06,00000,00000,*2B
$GPNVS,6,0,A,1,0x00000,0x03,,0x00,00,,0x00000,,*05
$GPNVS,7,155406,031026,A,71,0x00,-3,5,0,581595,+4.28,-4.11*73
$GPNVS,9,+10000000.000,+2.77326,+10000000.00,15,+0.019,+0.37,,+38.06,50.0,49.6,*6B
$GPNVS,10,1,0,0,+25,+25,2,100,0.5,1,10,30,1,+1,1.0,20,-14,1,2,8000,,,,*52
$GPNVS,15,0,0,0000,2400,2400.00,00000000,0.00,0.00,0.00,0.00,-9999,999*4E
$GPNVS,1,155407,031026,A,N,64,N,0x00000,0x03,0x00,1,N*2E
$GPNVS,2,155407,031026,0.00,0.00,0.00,0.00,0.00,0.00,0.00,0.00,*6A
$GPNVS,3,155407,031026,0.00,0.00,0.00,0.00,,0.00,0,0,1,+38.06,*4C
$GPNVS,4,155407,031026,0.00,0.00,,,,,,,*6C
$GPNVS,5,155407,031026,5C9,0,0,+38.06,00000,00000,*2A
$GPNVS,6,0,A,1,0x00000,0x03,,0x00,00,,0x00000,,*05
$GPNVS,7,155407,031026,A,71,0x00,-3,4,0,581595,+4.27,-4.11*7C
$GPNVS,9,+10000000.002,+2.77326,+10000000.05,15,+0.019,+0.37,,+38.06,50.0,50.3,*61
$GPNVS,10,1,0,0,+20,+20,2,100,0.5,1,10,30,1,+1,1.0,20,-14,1,2,8000,,,,*52
$GPNVS,15,0,0,0000,2400,2400.00,00000000,0.00,0.00,0.00,0.00,-9999,999*4E
$GPNVS,1,155408,031026,A,N,64,N,0x00000,0x03,0x00,1,N*21
$GPNVS,2,155408,031026,0.00,0.00,0.00,0.00,0.00,0.00,0.00,0.00,*65
$GPNVS,3,155408,031026,0.00,0.00,0.00,0.00,,0.00,0,0,1,+38.06,*43
$GPNVS,4,155408,031026,0.00,0.00,,,,,,,*63
$GPNVS,5,155408,031026,5C9,0,0,+38.06,00000,00000,*25
$GPNVS,6,0,A,1,0x00000,0x03,,0x00,00,,0x00000,,*05
$GPNVS,7,155408,031026,A,71,0x00,-3,5,1,581596,+4.27,-4.11*70
$GPNVS,9,+10000000.001,+2.77326,+9999999.949,15,+0.019,+0.37,,+38.06,50.0,50.0,*68
$GPNVS,10,1,0,0,+25,+20,2,100,0.5,1,10,30,1,+1,1.0,20,-14,1,2,8000,,,,*57
$GPNVS,15,0,0,0000,2400,2400.00,00000000,0.00,0.00,0.00,0.00,-9999,999*4E
$GPNVS,1,155409,031026,A,N,64,N,0x00000,0x03,0x00,1,N*20
$GPNVS,2,155409,031026,0.00,0.00,0.00,0.00,0.00,0.00,0.00,0.00,*64
$GPNVS,3,155409,031026,0.00,0.00,0.00,0.00,,0.00,0,0,1,+37.74,*48
$GPNVS,4,155409,031026,0.00,0.00,,,,,,,*62
$GPNVS,5,155409,031026,5C9,0,0,+37.74,00000,00000,*2E
$GPNVS,6,0,A,1,0x00000,0x03,,0x00,00,,0x00000,,*05
$GPNVS,7,155409,031026,A,71,0x00,-3,5,0,581596,+4.27,-4.11*70
$GPNVS,9,+10000000.001,+2.77326,+10000000.00,15,+0.019,+0.37,,+37.74,50.0,49.6,*60
$GPNVS,10,1,0,0,+25,+25,2,100,0.5,1,10,30,1,+1,1.0,20,-14,1,2,8000,,,,*52
$GPNVS,15,0,0,0000,2400,2400.00,00000000,0.00,0.00,0.00,0.00,-9999,999*4E
$GPNVS,1,155410,031026,A,N,64,N,0x00000,0x03,0x00,1,N*28
$GPNVS,2,155410,031026,0.00,0.00,0.00,0.00,0.00,0.00,0.00,0.00,*6C
$GPNVS,3,155410,031026,0.00,0.00,0.00,0.00,,0.00,0,0,1,+38.06,*4A
$GPNVS,4,155410,031026,0.00,0.00,,,,,,,*6A
$GPNVS,5,155410,031026,5C9,0,0,+38.06,00000,00000,*2C
$GPNVS,6,0,A,1,0x00000,0x03,,0x00,00,,0x00000,,*05
$GPNVS,7,155410,031026,A,71,0x00,-3,4,0,581596,+4.28,-4.11*76
$GPNVS,9,+10000000.002,+2.77326,+10000000.05,15,+0.019,+0.37,,+38.06,50.0,50.3,*61
$GPNVS,10,1,0,0,+20,+20,2,100,0.5,1,10,30,1,+1,1.0,20,-14,1,2,8000,,,,*52
$GPNVS,15,0,0,0000,2400,2400.00,00000000,0.00,0.00,0.00,0.00,-9999,999*4E
$GPNVS,1,155411,031026,A,N,64,N,0x00000,0x03,0x00,1,N*29
$GPNVS,2,155411,031026,0.00,0.00,0.00,0.00,0.00,0.00,0.00,0.00,*6D
$GPNVS,3,155411,031026,0.00,0.00,0.00,0.00,,0.00,0,0,1,+38.06,*4B
$GPNVS,4,155411,031026,0.00,0.00,,,,,,,*6B
$GPNVS,5,155411,031026,5C9,0,0,+38.06,00000,00000,*2D
$GPNVS,6,0,A,1,0x00000,0x03,,0x00,00,,0x00000,,*05
$GPNVS,7,155411,031026,A,71,0x00,-3,5,0,581596,+4.28,-4.11*76
$GPNVS,9,+10000000.001,+2.77326,+9999999.949,15,+0.019,+0.37,,+38.06,50.0,50.3,*6B
$GPNVS,10,1,0,0,+25,+20,2,100,0.5,1,10,30,1,+1,1.0,20,-14,1,2,8000,,,,*57
$GPNVS,15,0,0,0000,2400,2400.00,00000000,0.00,0.00,0.00,0.00,-9999,999*4E
$GPNVS,1,155412,031026,A,N,64,N,0x00000,0x03,0x00,1,N*2A
$GPNVS,2,155412,031026,0.00,0.00,0.00,0.00,0.00,0.00,0.00,0.00,*6E
$GPNVS,3,155412,031026,0.00,0.00,0.00,0.00,,0.00,0,0,1,+38.06,*48
$GPNVS,4,155412,031026,0.00,0.00,,,,,,,*68
$GPNVS,5,155412,031026,5C9,0,0,+38.06,00000,00000,*2E
$GPNVS,6,0,A,1,0x00000,0x03,,0x00,00,,0x00000,,*05
$GPNVS,7,155412,031026,A,71,0x00,-3,4,0,581596,+4.28,-4.11*74
$GPNVS,9,+10000000.002,+2.77326,+10000000.05,15,+0.019,+0.37,,+38.06,50.0,50.3,*61
$GPNVS,10,1,0,0,+20,+20,2,100,0.5,1,10,30,1,+1,1.0,20,-14,1,2,8000,,,,*52
$GPNVS,15,0,0,0000,2400,2400.00,00000000,0.00,0.00,0.00,0.00,-9999,999*4E
$GPNVS,1,155413,031026,A,N,64,N,0x00000,0x03,0x00,1,N*2B
$GPNVS,2,155413,031026,0.00,0.00,0.00,0.00,0.00,0.00,0.00,0.00,*6F
$GPNVS,3,155413,031026,0.00,0.00,0.00,0.00,,0.00,0,0,1,+38.06,*49
$GPNVS,4,155413,031026,0.00,0.00,,,,,,,*69
$GPNVS,5,155413,031026,5C9,0,0,+38.06,00000,00000,*2F
$GPNVS,6,0,A,1,0x00000,0x03,,0x00,00,,0x00000,,*05
$GPNVS,7,155413,031026,A,71,0x00,0,4,0,581596,+4.27,-4.11*54
$GPNVS,9,+10000000.002,+2.77326,+10000000.00,15,+0.019,+0.37,,+38.06,50.0,50.3,*64
$GPNVS,10,1,0,0,+20,+20,2,100,0.5,1,10,30,1,+0,1.0,20,-14,1,2,8000,,,,*53
$GPNVS,15,0,0,0000,2400,2400.00,00000000,0.00,0.00,0.00,0.00,-9999,999*4E
$GPNVS,1,155414,031026,A,N,64,N,0x00000,0x03,0x00,1,N*2C
$GPNVS,2,155414,031026,0.00,0.00,0.00,0.00,0.00,0.00,0.00,0.00,*68
$GPNVS,3,155414,031026,0.00,0.00,0.00,0.00,,0.00,0,0,1,+38.06,*4E
$GPNVS,4,155414,031026,0.00,0.00,,,,,,,*6E
$GPNVS,5,155414,031026,5C9,0,0,+38.06,00000,00000,*28
$GPNVS,6,0,A,1,0x00000,0x03,,0x00,00,,0x00000,,*05
$GPNVS,7,155414,031026,A,71,0x00,0,5,0,581596,+4.28,-4.11*5D
$GPNVS,9,+10000000.001,+2.77326,+9999999.949,15,+0.019,+0.37,,+38.06,50.0,49.0,*60
$GPNVS,10,1,0,0,+25,+20,2,100,0.5,1,10,30,1,+1,1.0,20,-14,1,2,8000,,,,*57
$GPNVS,15,0,0,0000,2400,2400.00,00000000,0.00,0.00,0.00,0.00,-9999,999*4E
$GPNVS,1,155415,031026,A,N,64,N,0x00000,0x03,0x00,1,N*2D
$GPNVS,2,155415,031026,0.00,0.00,0.00,0.00,0.00,0.00,0.00,0.00,*69
$GPNVS,3,155415,031026,0.00,0.00,0.00,0.00,,0.00,0,0,1,+38.06,*4F
$GPNVS,4,155415,031026,0.00,0.00,,,,,,,*6F
$GPNVS,5,155415,031026,5C9,0,0,+38.06,00000,00000,*29
$GPNVS,6,0,A,1,0x00000,0x03,,0x00,00,,0x00000,,*05
$GPNVS,7,155415,031026,A,71,0x00,0,4,0,581596,+4.28,-4.11*5D
$GPNVS,9,+10000000.002,+2.77326,+10000000.05,15,+0.019,+0.37,,+38.06,50.0,49.0,*6A
$GPNVS,10,1,0,0,+20,+20,2,100,0.5,1,10,30,1,-1,1.0,20,+2,1,2,8000,,,,*65
$GPNVS,15,0,0,0000,2400,2400.00,00000000,0.00,0.00,0.00,0.00,+9999,999*48
$GPNVS,1,155416,031026,A,N,64,N,0x00000,0x03,0x00,1,N*2E
$GPNVS,2,155416,031026,0.00,0.00,0.00,0.00,0.00,0.00,0.00,0.00,*6A
$GPNVS,3,155416,031026,0.00,0.00,0.00,0.00,,0.00,0,0,1,+38.06,*4C
$GPNVS,4,155416,031026,0.00,0.00,,,,,,,*6C
$GPNVS,5,155416,031026,5C9,0,0,+38.06,00000,00000,*2A
$GPNVS,6,0,A,1,0x00000,0x03,,0x00,00,,0x00000,,*05
$GPNVS,7,155416,031026,A,71,0x00,0,4,0,581596,+4.28,-4.11*5E
$GPNVS,9,+10000000.002,+2.77326,+10000000.00,15,+0.019,+0.37,,+38.06,50.0,50.6,*61
$GPNVS,10,1,0,0,+20,+20,2,100,0.5,1,10,30,1,-1,1.0,20,+2,1,2,8000,,,,*65
$GPNVS,15,0,0,0000,2400,2400.00,00000000,0.00,0.00,0.00,0.00,+9999,999*48
$GPNVS,1,155417,031026,A,N,64,N,0x00000,0x03,0x00,1,N*2F
$GPNVS,2,155417,031026,0.00,0.00,0.00,0.00,0.00,0.00,0.00,0.00,*6B
$GPNVS,3,155417,031026,0.00,0.00,0.00,0.00,,0.00,0,0,1,+38.06,*4D
$GPNVS,4,155417,031026,0.00,0.00,,,,,,,*6D
$GPNVS,5,155417,031026,5C9,0,0,+38.06,00000,00000,*2B
$GPNVS,6,0,A,1,0x00000,0x03,,0x00,00,,0x00000,,*05
$GPNVS,7,155417,031026,A,71,0x00,0,5,0,581596,+4.28,-4.11*5E
$GPNVS,9,+10000000.001,+2.77326,+9999999.949,15,+0.019,+0.37,,+38.06,50.0,50.0,*68
$GPNVS,10,1,0,0,+25,+20,2,100,0.5,1,10,30,1,-1,1.0,20,+2,1,2,8000,,,,*60
$GPNVS,15,0,0,0000,2400,2400.00,00000000,0.00,0.00,0.00,0.00,+9999,999*48
$GPNVS,1,155418,031026,A,N,64,N,0x00000,0x03,0x00,1,N*20
$GPNVS,2,155418,031026,0.00,0.00,0.00,0.00,0.00,0.00,0.00,0.00,*64
$GPNVS,3,155418,031026,0.00,0.00,0.00,0.00,,0.00,0,0,1,+38.06,*42
$GPNVS,4,155418,031026,0.00,0.00,,,,,,,*62
$GPNVS,5,155418,031026,5C9,0,0,+38.06,00000,00000,*24
$GPNVS,6,0,A,1,0x00000,0x03,,0x00,00,,0x00000,,*05
$GPNVS,7,155418,031026,A,71,0x00,0,3,0,581596,+4.27,-4.11*58
$GPNVS,9,+10000000.004,+2.77326,+10000000.09,15,+0.019,+0.37,,+38.06,50.0,49.3,*63
$GPNVS,10,1,0,0,+15,+20,2,100,0.5,1,10,30,1,-1,1.0,20,+2,1,2,8000,,,,*63
$GPNVS,15,0,0,0000,2400,2400.00,00000000,0.00,0.00,0.00,0.00,+9999,999*48
$GPNVS,1,155419,031026,A,N,64,N,0x00000,0x03,0x00,1,N*21
$GPNVS,2,155419,031026,0.00,0.00,0.00,0.00,0.00,0.00,0.00,0.00,*65
$GPNVS,3,155419,031026,0.00,0.00,0.00,0.00,,0.00,0,0,1,+37.74,*49
$GPNVS,4,155419,031026,0.00,0.00,,,,,,,*63
$GPNVS,5,155419,031026,5C9,0,0,+37.74,00000,00000,*2F
$GPNVS,6,0,A,1,0x00000,0x03,,0x00,00,,0x00000,,*05
$GPNVS,7,155419,031026,A,71,0x00,0,4,0,581596,+4.28,-4.11*51
$GPNVS,9,+10000000.001,+2.77326,+9999999.949,15,+0.019,+0.37,,+37.74,50.0,49.6,*6C
$GPNVS,10,1,0,0,+20,+15,2,100,0.5,1,10,30,1,-1,1.0,20,+2,1,2,8000,,,,*63
$GPNVS,15,0,0,0000,2400,2400.00,00000000,0.00,0.00,0.00,0.00,+9999,999*48
$GPNVS,1,155420,031026,A,N,64,N,0x00000,0x03,0x00,1,N*2B
$GPNVS,2,155420,031026,0.00,0.00,0.00,0.00,0.00,0.00,0.00,0.00,*6F
$GPNVS,3,155420,031026,0.00,0.00,0.00,0.00,,0.00,0,0,1,+37.74,*43
$GPNVS,4,155420,031026,0.00,0.00,,,,,,,*69
$GPNVS,5,155420,031026,5C9,0,0,+37.74,00000,00000,*25
$GPNVS,6,0,A,1,0x00000,0x03,,0x00,00,,0x00000,,*05
$GPNVS,7,155420,031026,A,71,0x00,0,3,0,581596,+4.28,-4.11*5C
$GPNVS,9,+10000000.002,+2.77326,+10000000.05,15,+0.019,+0.37,,+37.74,50.0,50.0,*68
$GPNVS,10,1,0,0,+15,+15,2,100,0.5,1,10,30,1,-1,1.0,20,+2,1,2,8000,,,,*65
$GPNVS,15,0,0,0000,2400,2400.00,00000000,0.00,0.00,0.00,0.00,+9999,999*48
$GPNVS,99,,,*5C
$GPNVS,1,155421,031026,A,N,64,N,0x00000,0x03,0x00,1,N*2A
$GPNVS,2,155421,031026,0.00,0.00,0.00,0.00,0.00,0.00,0.00,0.00,*6E
$GPNVS,3,155421,031026,0.00,0.00,0.00,0.00,,0.00,0,0,1,+38.06,*48
$GPNVS,4,155421,031026,0.00,0.00,,,,,,,*68
$GPNVS,5,155421,031026,5C9,0,0,+38.06,00000,00000,*2E
$GPNVS,6,0,A,1,0x00000,0x03,,0x00,00,,0x00000,,*05
$GPNVS,7,155421,031026,A,71,0x00,0,4,-1,581595,+4.27,-4.11*7A
$GPNVS,9,+10000000.001,+2.77326,+9999999.949,15,+0.019,+0.37,,+38.06,50.0,49.3,*63
$GPNVS,10,1,0,0,+20,+15,2,100,0.5,1,10,30,1,-1,1.0,20,+2,1,2,8000,,,,*63
$GPNVS,15,0,0,0000,2400,2400.00,00000000,0.00,0.00,0.00,0.00,+9999,999*48
$GPNVS,1,155422,031026,A,N,64,N,0x00000,0x03,0x00,1,N*29
$GPNVS,2,155422,031026,0.00,0.00,0.00,0.00,0.00,0.00,0.00,0.00,*6D
$GPNVS,3,155422,031026,0.00,0.00,0.00,0.00,,0.00,0,0,1,+38.06,*4B
$GPNVS,4,155422,031026,0.00,0.00,,,,,,,*6B
$GPNVS,5,155422,031026,5C9,0,0,+38.06,00000,00000,*2D
$GPNVS,6,0,A,1,0x00000,0x03,,0x00,00,,0x00000,,*05
$GPNVS,7,155422,031026,A,71,0x00,0,4,0,581595,+4.28,-4.11*5A
$GPNVS,9,+10000000.001,+2.77326,+10000000.00,15,+0.019,+0.37,,+38.06,50.0,50.0,*64
$GPNVS,10,1,0,0,+20,+20,2,100,0.5,1,10,30,1,-1,1.0,20,+2,1,2,8000,,,,*65
$GPNVS,15,0,0,0000,2400,2400.00,00000000,0.00,0.00,0.00,0.00,+9999,999*48
$GPNVS,1,155423,031026,A,N,64,N,0x00000,0x03,0x00,1,N*28
$GPNVS,2,155423,031026,0.00,0.00,0.00,0.00,0.00,0.00,0.00,0.00,*6C
$GPNVS,3,155423,031026,0.00,0.00,0.00,0.00,,0.00,0,0,1,+37.74,*40
$GPNVS,4,155423,031026,0.00,0.00,,,,,,,*6A
$GPNVS,5,155423,031026,5C9,0,0,+37.74,00000,00000,*26
$GPNVS,6,0,A,1,0x00000,0x03,,0x00,00,,0x00000,,*05
$GPNVS,7,155423,031026,A,71,0x00,0,3,0,581595,+4.28,-4.11*5C
$GPNVS,9,+10000000.002,+2.77326,+10000000.05,15,+0.019,+0.37,,+37.74,50.0,50.0,*68
$GPNVS,10,1,0,0,+15,+15,2,100,0.5,1,10,30,1,-1,1.0,20,+2,1,2,8000,,,,*65
$GPNVS,15,0,0,0000,2400,2400.00,00000000,0.00,0.00,0.00,0.00,+9999,999*48
$GPNVS,1,155424,031026,A,N,64,N,0x00000,0x03,0x00,1,N*2F
$GPNVS,2,155424,031026,0.00,0.00,0.00,0.00,0.00,0.00,0.00,0.00,*6B
$GPNVS,3,155424,031026,0.00,0.00,0.00,0.00,,0.00,0,0,1,+38.06,*4D
$GPNVS,4,155424,031026,0.00,0.00,,,,,,,*6D
$GPNVS,5,155424,031026,5C9,0,0,+38.06,00000,00000,*2B
$GPNVS,6,0,A,1,0x00000,0x03,,0x00,00,,0x00000,,*05
$GPNVS,7,155424,031026,A,71,0x00,0,4,0,581595,+4.28,-4.11*5C
$GPNVS,9,+10000000.001,+2.77326,+9999999.949,15,+0.019,+0.37,,+38.06,50.0,49.3,*63
$GPNVS,10,1,0,0,+20,+15,2,100,0.5,1,10,30,1,-1,1.0,20,+2,1,2,8000,,,,*63
$GPNVS,15,0,0,0000,2400,2400.00,00000000,0.00,0.00,0.00,0.00,+9999,999*48
$GPNVS,1,155425,031026,A,N,64,N,0x00000,0x03,0x00,1,N*2E
$GPNVS,2,155425,031026,0.00,0.00,0.00,0.00,0.00,0.00,0.00,0.00,*6A
$GPNVS,3,155425,031026,0.00,0.00,0.00,0.00,,0.00,0,0,1,+38.06,*4C
$GPNVS,4,155425,031026,0.00,0.00,,,,,,,*6C
$GPNVS,5,155425,031026,5C9,0,0,+38.06,00000,00000,*2A
$GPNVS,6,0,A,1,0x00000,0x03,,0x00,00,,0x00000,,*05
$GPNVS,7,155425,031026,A,71,0x00,0,3,0,581595,+4.28,-4.11*5A
$GPNVS,9,+10000000.003,+2.77326,+10000000.05,15,+0.019,+0.37,,+38.06,50.0,50.3,*60
$GPNVS,10,1,0,0,+15,+15,2,100,0.5,1,10,30,1,-1,1.0,20,+2,1,2,8000,,,,*65
$GPNVS,15,0,0,0000,2400,2400.00,00000000,0.00,0.00,0.00,0.00,+9999,999*48
$GPNVS,1,155426,031026,A,N,64,N,0x00000,0x03,0x00,1,N*2D
$GPNVS,2,155426,031026,0.00,0.00,0.00,0.00,0.00,0.00,0.00,0.00,*69
$GPNVS,3,155426,031026,0.00,0.00,0.00,0.00,,0.00,0,0,1,+38.06,*4F
$GPNVS,4,155426,031026,0.00,0.00,,,,,,,*6F
$GPNVS,5,155426,031026,5C9,0,0,+38.06,00000,00000,*29
$GPNVS,6,0,A,1,0x00000,0x03,,0x00,00,,0x00000,,*05
$GPNVS,7,155426,031026,A,71,0x00,0,3,-1,581594,+4.27,-4.11*7B
$GPNVS,9,+10000000.003,+2.77325,+10000000.00,15,+0.019,+0.37,,+38.06,50.0,50.9,*6C
$GPNVS,10,1,0,0,+15,+15,2,100,0.5,1,10,30,1,-1,1.0,20,-18,1,2,8000,,,,*58
$GPNVS,15,0,0,0000,2400,2400.00,00000000,0.00,0.00,0.00,0.00,-9999,999*4E
$GPNVS,1,155427,031026,A,N,64,N,0x00000,0x03,0x00,1,N*2C
$GPNVS,2,155427,031026,0.00,0.00,0.00,0.00,0.00,0.00,0.00,0.00,*68
$GPNVS,3,155427,031026,0.00,0.00,0.00,0.00,,0.00,0,0,1,+37.74,*44
$GPNVS,4,155427,031026,0.00,0.00,,,,,,,*6E
$GPNVS,5,155427,031026,5C9,0,0,+37.74,00000,00000,*22
$GPNVS,6,0,A,1,0x00000,0x03,,0x00,00,,0x00000,,*05
$GPNVS,7,155427,031026,A,71,0x00,0,2,0,581594,+4.28,-4.11*58
$GPNVS,9,+10000000.002,+2.77325,+10000000.05,15,+0.019,+0.37,,+37.74,50.0,50.9,*62
$GPNVS,10,1,0,0,+10,+10,2,100,0.5,1,10,30,1,-2,1.0,20,-18,1,2,8000,,,,*5B
$GPNVS,15,0,0,0000,2400,2400.00,00000000,0.00,0.00,0.00,0.00,-9999,999*4E
$GPNVS,1,155428,031026,A,N,64,N,0x00000,0x03,0x00,1,N*23
$GPNVS,2,155428,031026,0.00,0.00,0.00,0.00,0.00,0.00,0.00,0.00,*67
$GPNVS,3,155428,031026,0.00,0.00,0.00,0.00,,0.00,0,0,1,+38.06,*41
$GPNVS,4,155428,031026,0.00,0.00,,,,,,,*61
$GPNVS,5,155428,031026,5C9,0,0,+38.06,00000,00000,*27
$GPNVS,6,0,A,1,0x00000,0x03,,0x00,00,,0x00000,,*05
$GPNVS,7,155428,031026,A,71,0x00,-3,3,0,581594,+4.28,-4.11*78
$GPNVS,9,+10000000.002,+2.77325,+9999999.949,15,+0.019,+0.37,,+38.06,50.0,50.0,*68
$GPNVS,10,1,0,0,+15,+10,2,100,0.5,1,10,30,1,-1,1.0,20,-18,1,2,8000,,,,*5D
$GPNVS,15,0,0,0000,2400,2400.00,00000000,0.00,0.00,0.00,0.00,-9999,999*4E
$GPNVS,1,155429,031026,A,N,64,N,0x00000,0x03,0x00,1,N*22
$GPNVS,2,155429,031026,0.00,0.00,0.00,0.00,0.00,0.00,0.00,0.00,*66
$GPNVS,3,155429,031026,0.00,0.00,0.00,0.00,,0.00,0,0,1,+37.74,*4A
$GPNVS,4,155429,031026,0.00,0.00,,,,,,,*60
$GPNVS,5,155429,031026,5C9,0,0,+37.74,00000,00000,*2C
$GPNVS,6,0,A,1,0x00000,0x03,,0x00,00,,0x00000,,*05
$GPNVS,7,155429,031026,A,71,0x00,-3,4,-1,581593,+4.27,-4.11*5A
$GPNVS,9,+10000000.001,+2.77325,+9999999.949,15,+0.019,+0.37,,+37.74,50.0,49.6,*6F
$GPNVS,10,1,0,0,+20,+15,2,100,0.5,1,10,30,1,-1,1.0,20,-18,1,2,8000,,,,*5E
$GPNVS,15,0,0,0000,2400,2400.00,00000000,0.00,0.00,0.00,0.00,-9999,999*4E
$GPNVS,1,155430,031026,A,N,64,N,0x00000,0x03,0x00,1,N*2A
$GPNVS,2,155430,031026,0.00,0.00,0.00,0.00,0.00,0.00,0.00,0.00,*6E
$GPNVS,3,155430,031026,0.00,0.00,0.00,0.00,,0.00,0,0,1,+37.74,*42
$GPNVS,4,155430,031026,0.00,0.00,,,,,,,*68
$GPNVS,5,155430,031026,5C9,0,0,+37.74,00000,00000,*24
$GPNVS,6,0,A,1,0x00000,0x03,,0x00,00,,0x00000,,*05
$GPNVS,7,155430,031026,A,71,0x00,-3,3,0,581593,+4.27,-4.11*79
$GPNVS,9,+10000000.002,+2.77325,+10000000.05,15,+0.019,+0.37,,+37.74,50.0,49.6,*65
$GPNVS,10,1,0,0,+15,+15,2,100,0.5,1,10,30,1,-1,1.0,20,-18,1,2,8000,,,,*58
$GPNVS,15,0,0,0000,2400,2400.00,00000000,0.00,0.00,0.00,0.00,-9999,999*4E
$GPNVS,1,155431,031026,A,N,64,N,0x00000,0x03,0x00,1,N*2B
$GPNVS,2,155431,031026,0.00,0.00,0.00,0.00,0.00,0.00,0.00,0.00,*6F
$GPNVS,3,155431,031026,0.00,0.00,0.00,0.00,,0.00,0,0,1,+38.06,*49
$GPNVS,4,155431,031026,0.00,0.00,,,,,,,*69
$GPNVS,5,155431,031026,5C9,0,0,+38.06,00000,00000,*2F
$GPNVS,6,0,A,1,0x00000,0x03,,0x00,00,,0x00000,,*05
$GPNVS,7,155431,031026,A,71,0x00,-3,3,0,581593,+4.28,-4.11*77
$GPNVS,9,+10000000.001,+2.77325,+10000000.00,15,+0.019,+0.37,,+38.06,50.0,49.3,*6C
$GPNVS,10,1,0,0,+15,+15,2,100,0.5,1,10,30,1,-1,1.0,20,-18,1,2,8000,,,,*58
$GPNVS,15,0,0,0000,2400,2400.00,00000000,0.00,0.00,0.00,0.00,-9999,999*4E
$GPNVS,1,155432,031026,A,N,64,N,0x00000,0x03,0x00,1,N*28
$GPNVS,2,155432,031026,0.00,0.00,0.00,0.00,0.00,0.00,0.00,0.00,*6C
$GPNVS,3,155432,031026,0.00,0.00,0.00,0.00,,0.00,0,0,1,+38.06,*4A
$GPNVS,4,155432,031026,0.00,0.00,,,,,,,*6A
$GPNVS,5,155432,031026,5C9,0,0,+38.06,00000,00000,*2C
$GPNVS,6,0,A,1,0x00000,0x03,,0x00,00,,0x00000,,*05
$GPNVS,7,155432,031026,A,71,0x00,-3,3,-1,581592,+4.28,-4.11*59
$GPNVS,9,+10000000.002,+2.77324,+10000000.00,15,+0.019,+0.37,,+38.06,50.0,50.3,*66
$GPNVS,10,1,0,0,+15,+15,2,100,0.5,1,10,30,1,-1,1.0,20,-18,1,2,8000,,,,*58
$GPNVS,15,0,0,0000,2400,2400.00,00000000,0.00,0.00,0.00,0.00,-9999,999*4E
$GPNVS,1,155433,031026,A,N,64,N,0x00000,0x03,0x00,1,N*29
$GPNVS,2,155433,031026,0.00,0.00,0.00,0.00,0.00,0.00,0.00,0.00,*6D
$GPNVS,3,155433,031026,0.00,0.00,0.00,0.00,,0.00,0,0,1,+38.06,*4B
$GPNVS,4,155433,031026,0.00,0.00,,,,,,,*6B
$GPNVS,5,155433,031026,5C9,0,0,+38.06,00000,00000,*2D
$GPNVS,6,0,A,1,0x00000,0x03,,0x00,00,,0x00000,,*05
$GPNVS,7,155433,031026,A,71,0x00,-3,3,0,581592,+4.27,-4.11*7B
$GPNVS,9,+10000000.002,+2.77324,+10000000.00,15,+0.019,+0.37,,+38.06,50.0,50.3,*66
$GPNVS,10,1,0,0,+15,+15,2,100,0.5,1,10,30,1,-1,1.0,20,-18,1,2,8000,,,,*58
$GPNVS,15,0,0,0000,2400,2400.00,00000000,0.00,0.00,0.00,0.00,-9999,999*4E
$GPNVS,1,155434,031026,A,N,64,N,0x00000,0x03,0x00,1,N*2E
$GPNVS,2,155434,031026,0.00,0.00,0.00,0.00,0.00,0.00,0.00,0.00,*6A
$GPNVS,3,155434,031026,0.00,0.00,0.00,0.00,,0.00,0,0,1,+38.06,*4C
$GPNVS,4,155434,031026,0.00,0.00,,,,,,,*6C
$GPNVS,5,155434,031026,5C9,0,0,+38.06,00000,00000,*2A
$GPNVS,6,0,A,1,0x00000,0x03,,0x00,00,,0x00000,,*05
$GPNVS,7,155434,031026,A,71,0x00,-3,2,0,581592,+4.28,-4.11*72
$GPNVS,9,+10000000.003,+2.77324,+10000000.05,15,+0.019,+0.37,,+38.06,50.0,50.3,*62
$GPNVS,10,1,0,0,+10,+10,2,100,0.5,1,10,30,1,-1,1.0,20,-18,1,2,8000,,,,*58
$GPNVS,15,0,0,0000,2400,2400.00,00000000,0.00,0.00,0.00,0.00,-9999,999*4E
$GPNVS,1,155435,031026,A,N,64,N,0x00000,0x03,0x00,1,N*2F
$GPNVS,2,155435,031026,0.00,0.00,0.00,0.00,0.00,0.00,0.00,0.00,*6B
$GPNVS,3,155435,031026,0.00,0.00,0.00,0.00,,0.00,0,0,1,+38.06,*4D
$GPNVS,4,155435,031026,0.00,0.00,,,,,,,*6D
$GPNVS,5,155435,031026,5C9,0,0,+38.06,00000,00000,*2B
$GPNVS,6,0,A,1,0x00000,0x03,,0x00,00,,0x00000,,*05
$GPNVS,7,155435,031026,A,71,0x00,-3,3,-1,581591,+4.28,-4.11*5D
$GPNVS,9,+10000000.001,+2.77324,+9999999.949,15,+0.019,+0.37,,+38.06,50.0,50.6,*6C
$GPNVS,10,1,0,0,+15,+10,2,100,0.5,1,10,30,1,-1,1.0,20,-18,1,2,8000,,,,*5D
$GPNVS,15,0,0,0000,2400,2400.00,00000000,0.00,0.00,0.00,0.00,-9999,999*4E
$GPNVS,99,,,*5C
$GPNVS,1,155436,031026,A,N,64,N,0x00000,0x03,0x00,1,N*2C
$GPNVS,2,155436,031026,0.00,0.00,0.00,0.00,0.00,0.00,0.00,0.00,*68
$GPNVS,3,155436,031026,0.00,0.00,0.00,0.00,,0.00,0,0,1,+38.06,*4E
$GPNVS,4,155436,031026,0.00,0.00,,,,,,,*6E
$GPNVS,5,155436,031026,5C9,0,0,+38.06,00000,00000,*28
$GPNVS,6,0,A,1,0x00000,0x03,,0x00,00,,0x00000,,*05
$GPNVS,7,155436,031026,A,71,0x00,-3,2,0,581591,+4.28,-4.11*73
$GPNVS,9,+10000000.003,+2.77324,+10000000.05,15,+0.019,+0.37,,+38.06,50.0,50.0,*61
$GPNVS,10,1,0,0,+10,+10,2,100,0.5,1,10,30,1,-1,1.0,20,-18,1,2,8000,,,,*58
$GPNVS,15,0,0,0000,2400,2400.00,00000000,0.00,0.00,0.00,0.00,-9999,999*4E
$GPNVS,1,155437,031026,A,N,64,N,0x00000,0x03,0x00,1,N*2D
$GPNVS,2,155437,031026,0.00,0.00,0.00,0.00,0.00,0.00,0.00,0.00,*69
$GPNVS,3,155437,031026,0.00,0.00,0.00,0.00,,0.00,0,0,1,+38.06,*4F
$GPNVS,4,155437,031026,0.00,0.00,,,,,,,*6F
$GPNVS,5,155437,031026,5C9,0,0,+38.06,00000,00000,*29
$GPNVS,6,0,A,1,0x00000,0x03,,0x00,00,,0x00000,,*05
$GPNVS,7,155437,031026,A,71,0x00,-3,2,-1,581590,+4.28,-4.11*5F
$GPNVS,9,+10000000.001,+2.77323,+10000000.00,15,+0.019,+0.37,,+38.06,50.0,50.6,*67
$GPNVS,10,1,0,0,+10,+10,2,100,0.5,1,10,30,1,-1,1.0,20,+18,1,2,8000,,,,*5E
$GPNVS,15,0,0,0000,2400,2400.00,00000000,0.00,0.00,0.00,0.00,+9999,999*48
$GPNVS,1,155438,031026,A,N,64,N,0x00000,0x03,0x00,1,N*22
$GPNVS,2,155438,031026,0.00,0.00,0.00,0.00,0.00,0.00,0.00,0.00,*66
$GPNVS,3,155438,031026,0.00,0.00,0.00,0.00,,0.00,0,0,1,+38.06,*40
$GPNVS,4,155438,031026,0.00,0.00,,,,,,,*60
$GPNVS,5,155438,031026,5C9,0,0,+38.06,00000,00000,*26
$GPNVS,6,0,A,1,0x00000,0x03,,0x00,00,,0x00000,,*05
$GPNVS,7,155438,031026,A,71,0x00,-3,2,0,581590,+4.27,-4.11*73
$GPNVS,9,+10000000.002,+2.77323,+10000000.00,15,+0.019,+0.37,,+38.06,50.0,49.6,*6C
$GPNVS,10,1,0,0,+10,+10,2,100,0.5,1,10,30,1,-2,1.0,20,+18,1,2,8000,,,,*5D
$GPNVS,15,0,0,0000,2400,2400.00,00000000,0.00,0.00,0.00,0.00,+9999,999*48
$GPNVS,1,155439,031026,A,N,64,N,0x00000,0x03,0x00,1,N*23
$GPNVS,2,155439,031026,0.00,0.00,0.00,0.00,0.00,0.00,0.00,0.00,*67
$GPNVS,3,155439,031026,0.00,0.00,0.00,0.00,,0.00,0,0,1,+38.06,*41
$GPNVS,4,155439,031026,0.00,0.00,,,,,,,*61
$GPNVS,5,155439,031026,5C9,0,0,+38.06,00000,00000,*27
$GPNVS,6,0,A,1,0x00000,0x03,,0x00,00,,0x00000,,*05
$GPNVS,7,155439,031026,A,71,0x00,-3,2,-1,581589,+4.28,-4.11*59
$GPNVS,9,+10000000.003,+2.77323,+10000000.00,15,+0.019,+0.37,,+38.06,50.0,50.0,*63
$GPNVS,10,1,0,0,+10,+10,2,100,0.5,1,10,30,1,-1,1.0,20,+18,1,2,8000,,,,*5E
$GPNVS,15,0,0,0000,2400,2400.00,00000000,0.00,0.00,0.00,0.00,+9999,999*48
$GPNVS,1,155440,031026,A,N,64,N,0x00000,0x03,0x00,1,N*2D
$GPNVS,2,155440,031026,0.00,0.00,0.00,0.00,0.00,0.00,0.00,0.00,*69
$GPNVS,3,155440,031026,0.00,0.00,0.00,0.00,,0.00,0,0,1,+38.06,*4F
$GPNVS,4,155440,031026,0.00,0.00,,,,,,,*6F
$GPNVS,5,155440,031026,5C9,0,0,+38.06,00000,00000,*29
$GPNVS,6,0,A,1,0x00000,0x03,,0x00,00,,0x00000,,*05
$GPNVS,7,155440,031026,A,71,0x00,-3,3,0,581589,+4.28,-4.11*7A
$GPNVS,9,+10000000.000,+2.77323,+9999999.949,15,+0.019,+0.37,,+38.06,50.0,50.6,*6A
$GPNVS,10,1,0,0,+15,+10,2,100,0.5,1,10,30,1,-1,1.0,20,+18,1,2,8000,,,,*5B
$GPNVS,15,0,0,0000,2400,2400.00,00000000,0.00,0.00,0.00,0.00,+9999,999*48
$GPNVS,1,155441,031026,A,N,64,N,0x00000,0x03,0x00,1,N*2C
$GPNVS,2,155441,031026,0.00,0.00,0.00,0.00,0.00,0.00,0.00,0.00,*68
$GPNVS,3,155441,031026,0.00,0.00,0.00,0.00,,0.00,0,0,1,+38.06,*4E
$GPNVS,4,155441,031026,0.00,0.00,,,,,,,*6E
$GPNVS,5,155441,031026,5C9,0,0,+38.06,00000,00000,*28
$GPNVS,6,0,A,1,0x00000,0x03,,0x00,00,,0x00000,,*05
$GPNVS,7,155441,031026,A,71,0x00,-3,2,-1,581588,+4.28,-4.11*57
$GPNVS,9,+10000000.002,+2.77323,+10000000.05,15,+0.019,+0.37,,+38.06,50.0,50.3,*64
$GPNVS,10,1,0,0,+10,+10,2,100,0.5,1,10,30,1,-1,1.0,20,+18,1,2,8000,,,,*5E
$GPNVS,15,0,0,0000,2400,2400.00,00000000,0.00,0.00,0.00,0.00,+9999,999*48
$GPNVS,1,155442,031026,A,N,64,N,0x00000,0x03,0x00,1,N*2F
$GPNVS,2,155442,031026,0.00,0.00,0.00,0.00,0.00,0.00,0.00,0.00,*6B
$GPNVS,3,155442,031026,0.00,0.00,0.00,0.00,,0.00,0,0,1,+38.06,*4D
$GPNVS,4,155442,031026,0.00,0.00,,,,,,,*6D
$GPNVS,5,155442,031026,5C9,0,0,+38.06,00000,00000,*2B
$GPNVS,6,0,A,1,0x00000,0x03,,0x00,00,,0x00000,,*05
$GPNVS,7,155442,031026,A,71,0x00,-3,2,0,581588,+4.27,-4.11*77
$GPNVS,9,+10000000.001,+2.77323,+10000000.00,15,+0.019,+0.37,,+38.06,50.0,50.9,*68
$GPNVS,10,1,0,0,+10,+10,2,100,0.5,1,10,30,1,-1,1.0,20,+18,1,2,8000,,,,*5E
$GPNVS,15,0,0,0000,2400,2400.00,00000000,0.00,0.00,0.00,0.00,+9999,999*48
$GPNVS,1,155443,031026,A,N,64,N,0x00000,0x03,0x00,1,N*2E
$GPNVS,2,155443,031026,0.00,0.00,0.00,0.00,0.00,0.00,0.00,0.00,*6A
$GPNVS,3,155443,031026,0.00,0.00,0.00,0.00,,0.00,0,0,1,+38.06,*4C
$GPNVS,4,155443,031026,0.00,0.00,,,,,,,*6C
$GPNVS,5,155443,031026,5C9,0,0,+38.06,00000,00000,*2A
$GPNVS,6,0,A,1,0x00000,0x03,,0x00,00,,0x00000,,*05
$GPNVS,7,155443,031026,A,71,0x00,-3,2,-1,581587,+4.27,-4.11*55
$GPNVS,9,+10000000.002,+2.77322,+10000000.00,15,+0.019,+0.37,,+38.06,50.0,49.3,*68
$GPNVS,10,1,0,0,+10,+10,2,100,0.5,1,10,30,1,-1,1.0,20,+18,1,2,8000,,,,*5E
$GPNVS,15,0,0,0000,2400,2400.00,00000000,0.00,0.00,0.00,0.00,+9999,999*48
$GPNVS,1,155444,031026,A,N,64,N,0x00000,0x03,0x00,1,N*29
$GPNVS,2,155444,031026,0.00,0.00,0.00,0.00,0.00,0.00,0.00,0.00,*6D
$GPNVS,3,155444,031026,0.00,0.00,0.00,0.00,,0.00,0,0,1,+38.06,*4B
$GPNVS,4,155444,031026,0.00,0.00,,,,,,,*6B
$GPNVS,5,155444,031026,5C9,0,0,+38.06,00000,00000,*2D
$GPNVS,6,0,A,1,0x00000,0x03,,0x00,00,,0x00000,,*05
$GPNVS,7,155444,031026,A,71,0x00,-3,2,-1,581586,+4.28,-4.11*5C
$GPNVS,9,+10000000.002,+2.77322,+10000000.00,15,+0.019,+0.37,,+38.06,50.0,50.3,*60
$GPNVS,10,1,0,0,+10,+10,2,100,0.5,1,10,30,1,-1,1.0,20,+18,1,2,8000,,,,*5E
$GPNVS,15,0,0,0000,2400,2400.00,00000000,0.00,0.00,0.00,0.00,+9999,999*48
$GPNVS,1,155445,031026,A,N,64,N,0x00000,0x03,0x00,1,N*28
$GPNVS,2,155445,031026,0.00,0.00,0.00,0.00,0.00,0.00,0.00,0.00,*6C
$GPNVS,3,155445,031026,0.00,0.00,0.00,0.00,,0.00,0,0,1,+38.06,*4A
$GPNVS,4,155445,031026,0.00,0.00,,,,,,,*6A
$GPNVS,5,155445,031026,5C9,0,0,+38.06,00000,00000,*2C
$GPNVS,6,0,A,1,0x00000,0x03,,0x00,00,,0x00000,,*05
$GPNVS,7,155445,031026,A,71,0x00,-3,1,0,581586,+4.28,-4.11*72
$GPNVS,9,+10000000.002,+2.77322,+10000000.05,15,+0.019,+0.37,,+38.06,50.0,49.3,*6D
$GPNVS,10,1,0,0,+5,+5,2,100,0.5,1,10,30,1,-1,1.0,20,+18,1,2,8000,,,,*5E
$GPNVS,15,0,0,0000,2400,2400.00,00000000,0.00,0.00,0.00,0.00,+9999,999*48
$GPNVS,1,155446,031026,A,N,64,N,0x00000,0x03,0x00,1,N*2B
$GPNVS,2,155446,031026,0.00,0.00,0.00,0.00,0.00,0.00,0.00,0.00,*6F
$GPNVS,3,155446,031026,0.00,0.00,0.00,0.00,,0.00,0,0,1,+38.06,*49
$GPNVS,4,155446,031026,0.00,0.00,,,,,,,*69
$GPNVS,5,155446,031026,5C9,0,0,+38.06,00000,00000,*2F
$GPNVS,6,0,A,1,0x00000,0x03,,0x00,00,,0x00000,,*05
$GPNVS,7,155446,031026,A,71,0x00,-3,1,-1,581585,+4.28,-4.11*5E
$GPNVS,9,+10000000.003,+2.77321,+10000000.00,15,+0.019,+0.37,,+38.06,50.0,50.3,*62
$GPNVS,10,1,0,0,+5,+5,2,100,0.5,1,10,30,1,-1,1.0,20,+18,1,2,8000,,,,*5E
$GPNVS,15,0,0,0000,2400,2400.00,00000000,0.00,0.00,0.00,0.00,+9999,999*48
$GPNVS,1,155447,031026,A,N,64,N,0x00000,0x03,0x00,1,N*2A
$GPNVS,2,155447,031026,0.00,0.00,0.00,0.00,0.00,0.00,0.00,0.00,*6E
$GPNVS,3,155447,031026,0.00,0.00,0.00,0.00,,0.00,0,0,1,+38.06,*48
$GPNVS,4,155447,031026,0.00,0.00,,,,,,,*68
$GPNVS,5,155447,031026,5C9,0,0,+38.06,00000,00000,*2E
$GPNVS,6,0,A,1,0x00000,0x03,,0x00,00,,0x00000,,*05
$GPNVS,7,155447,031026,A,71,0x00,-3,2,-1,581584,+4.28,-4.11*5D
$GPNVS,9,+10000000.002,+2.77321,+9999999.949,15,+0.019,+0.37,,+38.06,50.0,49.3,*67
$GPNVS,10,1,0,0,+10,+5,2,100,0.5,1,10,30,1,-1,1.0,20,+18,1,2,8000,,,,*6A
$GPNVS,15,0,0,0000,2400,2400.00,00000000,0.00,0.00,0.00,0.00,-9999,999*4E
$GPNVS,1,155448,031026,A,N,64,N,0x00000,0x03,0x00,1,N*25
$GPNVS,2,155448,031026,0.00,0.00,0.00,0.00,0.00,0.00,0.00,0.00,*61
$GPNVS,3,155448,031026,0.00,0.00,0.00,0.00,,0.00,0,0,1,+38.06,*47
$GPNVS,4,155448,031026,0.00,0.00,,,,,,,*67
$GPNVS,5,155448,031026,5C9,0,0,+38.06,00000,00000,*21
$GPNVS,6,0,A,1,0x00000,0x03,,0x00,00,,0x00000,,*05
$GPNVS,7,155448,031026,A,71,0x00,-3,1,0,581584,+4.27,-4.11*72
$GPNVS,9,+10000000.003,+2.77321,+10000000.05,15,+0.019,+0.37,,+38.06,50.0,50.6,*62
$GPNVS,10,1,0,0,+5,+5,2,100,0.5,1,10,30,1,-1,1.0,20,-2,1,2,8000,,,,*63
$GPNVS,15,0,0,0000,2400,2400.00,00000000,0.00,0.00,0.00,0.00,-9999,999*4E
$GPNVS,1,155449,031026,A,N,64,N,0x00000,0x03,0x00,1,N*24
$GPNVS,2,155449,031026,0.00,0.00,0.00,0.00,0.00,0.00,0.00,0.00,*60
$GPNVS,3,155449,031026,0.00,0.00,0.00,0.00,,0.00,0,0,1,+38.06,*46
$GPNVS,4,155449,031026,0.00,0.00,,,,,,,*66
$GPNVS,5,155449,031026,5C9,0,0,+38.06,00000,00000,*20
$GPNVS,6,0,A,1,0x00000,0x03,,0x00,00,,0x00000,,*05
$GPNVS,7,155449,031026,A,71,0x00,-3,0,-1,581583,+4.28,-4.11*56
$GPNVS,9,+10000000.004,+2.77320,+10000000.05,15,+0.019,+0.37,,+38.06,50.0,50.9,*6B
$GPNVS,10,1,0,0,+0,+0,2,100,0.5,1,10,30,1,-2,1.0,20,-2,1,2,8000,,,,*60
$GPNVS,15,0,0,0000,2400,2400.00,00000000,0.00,0.00,0.00,0.00,-9999,999*4E
$GPNVS,1,155450,031026,A,N,64,N,0x00000,0x03,0x00,1,N*2C
$GPNVS,2,155450,031026,0.00,0.00,0.00,0.00,0.00,0.00,0.00,0.00,*68
$GPNVS,3,155450,031026,0.00,0.00,0.00,0.00,,0.00,0,0,1,+38.06,*4E
$GPNVS,4,155450,031026,0.00,0.00,,,,,,,*6E
$GPNVS,5,155450,031026,5C9,0,0,+38.06,00000,00000,*28
$GPNVS,6,0,A,1,0x00000,0x03,,0x00,00,,0x00000,,*05
$GPNVS,7,155450,031026,A,71,0x00,-3,1,-1,581582,+4.28,-4.11*5E
$GPNVS,9,+10000000.004,+2.77320,+9999999.949,15,+0.019,+0.37,,+38.06,50.0,50.3,*68
$GPNVS,10,1,0,0,+5,+0,2,100,0.5,1,10,30,1,-2,1.0,20,-2,1,2,8000,,,,*65
$GPNVS,15,0,0,0000,2400,2400.00,00000000,0.00,0.00,0.00,0.00,-9999,999*4E
$GPNVS,99,,,*5C
$GPNVS,1,155451,031026,A,N,64,N,0x00000,0x03,0x00,1,N*2D
$GPNVS,2,155451,031026,0.00,0.00,0.00,0.00,0.00,0.00,0.00,0.00,*69
$GPNVS,3,155451,031026,0.00,0.00,0.00,0.00,,0.00,0,0,1,+38.06,*4F
$GPNVS,4,155451,031026,0.00,0.00,,,,,,,*6F
$GPNVS,5,155451,031026,5C9,0,0,+38.06,00000,00000,*29
$GPNVS,6,0,A,1,0x00000,0x03,,0x00,00,,0x00000,,*05
$GPNVS,7,155451,031026,A,71,0x00,-3,1,0,581582,+4.28,-4.11*73
$GPNVS,9,+10000000.004,+2.77320,+10000000.00,15,+0.019,+0.37,,+38.06,50.0,50.3,*64
$GPNVS,10,1,0,0,+5,+5,2,100,0.5,1,10,30,1,-1,1.0,20,-2,1,2,8000,,,,*63
$GPNVS,15,0,0,0000,2400,2400.00,00000000,0.00,0.00,0.00,0.00,-9999,999*4E
$GPNVS,1,155452,031026,A,N,64,N,0x00000,0x03,0x00,1,N*2E
$GPNVS,2,155452,031026,0.00,0.00,0.00,0.00,0.00,0.00,0.00,0.00,*6A
$GPNVS,3,155452,031026,0.00,0.00,0.00,0.00,,0.00,0,0,1,+38.06,*4C
$GPNVS,4,155452,031026,0.00,0.00,,,,,,,*6C
$GPNVS,5,155452,031026,5C9,0,0,+38.06,00000,00000,*2A
$GPNVS,6,0,A,1,0x00000,0x03,,0x00,00,,0x00000,,*05
$GPNVS,7,155452,031026,A,71,0x00,-3,0,-1,581581,+4.28,-4.11*5E
$GPNVS,9,+10000000.006,+2.77319,+10000000.05,15,+0.019,+0.37,,+38.06,50.0,50.3,*69
$GPNVS,10,1,0,0,+0,+0,2,100,0.5,1,10,30,1,-1,1.0,20,-2,1,2,8000,,,,*63
$GPNVS,15,0,0,0000,2400,2400.00,00000000,0.00,0.00,0.00,0.00,-9999,999*4E
$GPNVS,1,155453,031026,A,N,64,N,0x00000,0x03,0x00,1,N*2F
$GPNVS,2,155453,031026,0.00,0.00,0.00,0.00,0.00,0.00,0.00,0.00,*6B
$GPNVS,3,155453,031026,0.00,0.00,0.00,0.00,,0.00,0,0,1,+38.06,*4D
$GPNVS,4,155453,031026,0.00,0.00,,,,,,,*6D
$GPNVS,5,155453,031026,5C9,0,0,+38.06,00000,00000,*2B
$GPNVS,6,0,A,1,0x00000,0x03,,0x00,00,,0x00000,,*05
$GPNVS,7,155453,031026,A,71,0x00,-3,1,-1,581580,+4.27,-4.11*50
$GPNVS,9,+10000000.004,+2.77319,+9999999.949,15,+0.019,+0.37,,+38.06,50.0,50.3,*62
$GPNVS,10,1,0,0,+5,+0,2,100,0.5,1,10,30,1,-1,1.0,20,-2,1,2,8000,,,,*66
$GPNVS,15,0,0,0000,2400,2400.00,00000000,0.00,0.00,0.00,0.00,-9999,999*4E
$GPNVS,1,155454,031026,A,N,64,N,0x00000,0x03,0x00,1,N*28
$GPNVS,2,155454,031026,0.00,0.00,0.00,0.00,0.00,0.00,0.00,0.00,*6C
$GPNVS,3,155454,031026,0.00,0.00,0.00,0.00,,0.00,0,0,1,+38.06,*4A
$GPNVS,4,155454,031026,0.00,0.00,,,,,,,*6A
$GPNVS,5,155454,031026,5C9,0,0,+38.06,00000,00000,*2C
$GPNVS,6,0,A,1,0x00000,0x03,,0x00,00,,0x00000,,*05
$GPNVS,7,155454,031026,A,71,0x00,-3,1,-1,581579,+4.28,-4.11*5E
$GPNVS,9,+10000000.004,+2.77318,+10000000.00,15,+0.019,+0.37,,+38.06,50.0,49.3,*67
$GPNVS,10,1,0,0,+5,+5,2,100,0.5,1,10,30,1,-1,1.0,20,-2,1,2,8000,,,,*63
$GPNVS,15,0,0,0000,2400,2400.00,00000000,0.00,0.00,0.00,0.00,-9999,999*4E
$GPNVS,1,155455,031026,A,N,64,N,0x00000,0x03,0x00,1,N*29
$GPNVS,2,155455,031026,0.00,0.00,0.00,0.00,0.00,0.00,0.00,0.00,*6D
$GPNVS,3,155455,031026,0.00,0.00,0.00,0.00,,0.00,0,0,1,+38.06,*4B
$GPNVS,4,155455,031026,0.00,0.00,,,,,,,*6B
$GPNVS,5,155455,031026,5C9,0,0,+38.06,00000,00000,*2D
$GPNVS,6,0,A,1,0x00000,0x03,,0x00,00,,0x00000,,*05
$GPNVS,7,155455,031026,A,71,0x00,-3,0,-1,581578,+4.28,-4.11*5F
$GPNVS,9,+10000000.004,+2.77318,+10000000.05,15,+0.019,+0.37,,+38.06,50.0,50.3,*6A
$GPNVS,10,1,0,0,+0,+0,2,100,0.5,1,10,30,1,-1,1.0,20,-2,1,2,8000,,,,*63
$GPNVS,15,0,0,0000,2400,2400.00,00000000,0.00,0.00,0.00,0.00,-9999,999*4E
$GPNVS,1,155456,031026,A,N,64,N,0x00000,0x03,0x00,1,N*2A
$GPNVS,2,155456,031026,0.00,0.00,0.00,0.00,0.00,0.00,0.00,0.00,*6E
$GPNVS,3,155456,031026,0.00,0.00,0.00,0.00,,0.00,0,0,1,+38.06,*48
$GPNVS,4,155456,031026,0.00,0.00,,,,,,,*68
$GPNVS,5,155456,031026,5C9,0,0,+38.06,00000,00000,*2E
$GPNVS,6,0,A,1,0x00000,0x03,,0x00,00,,0x00000,,*05
$GPNVS,7,155456,031026,A,71,0x00,-3,1,-1,581577,+4.28,-4.11*52
$GPNVS,9,+10000000.004,+2.77317,+9999999.949,15,+0.019,+0.37,,+38.06,50.0,50.0,*6F
$GPNVS,10,1,0,0,+5,+0,2,100,0.5,1,10,30,1,-1,1.0,20,-2,1,2,8000,,,,*66
$GPNVS,15,0,0,0000,2400,2400.00,00000000,0.00,0.00,0.00,0.00,-9999,999*4E
$GPNVS,1,155457,031026,A,N,64,N,0x00000,0x03,0x00,1,N*2B
$GPNVS,2,155457,031026,0.00,0.00,0.00,0.00,0.00,0.00,0.00,0.00,*6F
$GPNVS,3,155457,031026,0.00,0.00,0.00,0.00,,0.00,0,0,1,+38.06,*49
$GPNVS,4,155457,031026,0.00,0.00,,,,,,,*69
$GPNVS,5,155457,031026,5C9,0,0,+38.06,00000,00000,*2F
$GPNVS,6,0,A,1,0x00000,0x03,,0x00,00,,0x00000,,*05
$GPNVS,7,155457,031026,A,71,0x00,-3,1,0,581577,+4.28,-4.11*7F
$GPNVS,9,+10000000.003,+2.77317,+10000000.00,15,+0.019,+0.37,,+38.06,50.0,50.0,*64
$GPNVS,10,1,0,0,+5,+5,2,100,0.5,1,10,30,1,-1,1.0,20,-2,1,2,8000,,,,*63
$GPNVS,15,0,0,0000,2400,2400.00,00000000,0.00,0.00,0.00,0.00,-9999,999*4E
$GPNVS,1,155458,031026,A,N,64,N,0x00000,0x03,0x00,1,N*24
$GPNVS,2,155458,031026,0.00,0.00,0.00,0.00,0.00,0.00,0.00,0.00,*60
$GPNVS,3,155458,031026,0.00,0.00,0.00,0.00,,0.00,0,0,1,+38.06,*46
$GPNVS,4,155458,031026,0.00,0.00,,,,,,,*66
$GPNVS,5,155458,031026,5C9,0,0,+38.06,00000,00000,*20
$GPNVS,6,0,A,1,0x00000,0x03,,0x00,00,,0x00000,,*05
$GPNVS,7,155458,031026,A,71,0x00,-12,0,-1,581576,+4.28,-4.11*6C
$GPNVS,9,+10000000.004,+2.77317,+10000000.05,15,+0.019,+0.37,,+38.06,50.0,50.3,*65
$GPNVS,10,1,0,0,+0,+0,2,100,0.5,1,10,30,1,-1,1.0,20,+14,1,2,8000,,,,*52
$GPNVS,15,0,0,0000,2400,2400.00,00000000,0.00,0.00,0.00,0.00,+9999,999*48
$GPNVS,1,155459,031026,A,N,64,N,0x00000,0x03,0x00,1,N*25
$GPNVS,2,155459,031026,0.00,0.00,0.00,0.00,0.00,0.00,0.00,0.00,*61
$GPNVS,3,155459,031026,0.00,0.00,0.00,0.00,,0.00,0,0,1,+38.06,*47
$GPNVS,4,155459,031026,0.00,0.00,,,,,,,*67
$GPNVS,5,155459,031026,5C9,0,0,+38.06,00000,00000,*21
$GPNVS,6,0,A,1,0x00000,0x03,,0x00,00,,0x00000,,*05
$GPNVS,7,155459,031026,A,71,0x00,-12,1,-1,581575,+4.28,-4.11*6F
$GPNVS,9,+10000000.004,+2.77316,+9999999.949,15,+0.019,+0.37,,+38.06,50.0,50.0,*6E
$GPNVS,10,1,0,0,+5,+0,2,100,0.5,1,10,30,1,-1,1.0,20,+14,1,2,8000,,,,*57
$GPNVS,15,0,0,0000,2400,2400.00,00000000,0.00,0.00,0.00,0.00,+9999,999*48
$GPNVS,1,155500,031026,A,N,64,N,0x00000,0x03,0x00,1,N*28
$GPNVS,2,155500,031026,0.00,0.00,0.00,0.00,0.00,0.00,0.00,0.00,*6C
$GPNVS,3,155500,031026,0.00,0.00,0.00,0.00,,0.00,0,0,1,+38.06,*4A
$GPNVS,4,155500,031026,0.00,0.00,,,,,,,*6A
$GPNVS,5,155500,031026,5C9,0,0,+38.06,00000,00000,*2C
$GPNVS,6,0,A,1,0x00000,0x03,,0x00,00,,0x00000,,*05
$GPNVS,7,155500,031026,A,71,0x00,-12,1,-1,581574,+4.28,-4.11*63
$GPNVS,9,+10000000.003,+2.77316,+10000000.00,15,+0.019,+0.37,,+38.06,50.0,50.6,*63
$GPNVS,10,1,0,0,+5,+5,2,100,0.5,1,10,30,1,-1,1.0,20,+14,1,2,8000,,,,*52
$GPNVS,15,0,0,0000,2400,2400.00,00000000,0.00,0.00,0.00,0.00,+9999,999*48
$GPNVS,1,155501,031026,A,N,64,N,0x00000,0x03,0x00,1,N*29
$GPNVS,2,155501,031026,0.00,0.00,0.00,0.00,0.00,0.00,0.00,0.00,*6D
$GPNVS,3,155501,031026,0.00,0.00,0.00,0.00,,0.00,0,0,1,+38.06,*4B
$GPNVS,4,155501,031026,0.00,0.00,,,,,,,*6B
$GPNVS,5,155501,031026,5C9,0,0,+38.06,00000,00000,*2D
$GPNVS,6,0,A,1,0x00000,0x03,,0x00,00,,0x00000,,*05
$GPNVS,7,155501,031026,A,71,0x00,-12,1,-1,581573,+4.28,-4.11*65
$GPNVS,9,+10000000.004,+2.77315,+10000000.00,15,+0.019,+0.37,,+38.06,50.0,50.6,*67
$GPNVS,10,1,0,0,+5,+5,2,100,0.5,1,10,30,1,-1,1.0,20,+14,1,2,8000,,,,*52
$GPNVS,15,0,0,0000,2400,2400.00,00000000,0.00,0.00,0.00,0.00,+9999,999*48
$GPNVS,1,155502,031026,A,N,64,N,0x00000,0x03,0x00,1,N*2A
$GPNVS,2,155502,031026,0.00,0.00,0.00,0.00,0.00,0.00,0.00,0.00,*6E
$GPNVS,3,155502,031026,0.00,0.00,0.00,0.00,,0.00,0,0,1,+38.06,*48
$GPNVS,4,155502,031026,0.00,0.00,,,,,,,*68
$GPNVS,5,155502,031026,5C9,0,0,+38.06,00000,00000,*2E
$GPNVS,6,0,A,1,0x00000,0x03,,0x00,00,,0x00000,,*05
$GPNVS,7,155502,031026,A,71,0x00,-12,1,-1,581572,+4.28,-4.11*67
$GPNVS,9,+10000000.003,+2.77315,+10000000.00,15,+0.019,+0.37,,+38.06,50.0,50.0,*66
$GPNVS,10,1,0,0,+5,+5,2,100,0.5,1,10,30,1,+0,1.0,20,+14,1,2,8000,,,,*55
$GPNVS,15,0,0,0000,2400,2400.00,00000000,0.00,0.00,0.00,0.00,+9999,999*48
$GPNVS,1,155503,031026,A,N,64,N,0x00000,0x03,0x00,1,N*2B
$GPNVS,2,155503,031026,0.00,0.00,0.00,0.00,0.00,0.00,0.00,0.00,*6F
$GPNVS,3,155503,031026,0.00,0.00,0.00,0.00,,0.00,0,0,1,+38.06,*49
$GPNVS,4,155503,031026,0.00,0.00,,,,,,,*69
$GPNVS,5,155503,031026,5C9,0,0,+38.06,00000,00000,*2F
$GPNVS,6,0,A,1,0x00000,0x03,,0x00,00,,0x00000,,*05
$GPNVS,7,155503,031026,A,71,0x00,-12,2,0,581572,+4.27,-4.11*46
$GPNVS,9,+10000000.002,+2.77315,+9999999.949,15,+0.019,+0.37,,+38.06,50.0,50.3,*68
$GPNVS,10,1,0,0,+10,+5,2,100,0.5,1,10,30,1,+0,1.0,20,+14,1,2,8000,,,,*61
$GPNVS,15,0,0,0000,2400,2400.00,00000000,0.00,0.00,0.00,0.00,+9999,999*48
$GPNVS,1,155504,031026,A,N,64,N,0x00000,0x03,0x00,1,N*2C
$GPNVS,2,155504,031026,0.00,0.00,0.00,0.00,0.00,0.00,0.00,0.00,*68
$GPNVS,3,155504,031026,0.00,0.00,0.00,0.00,,0.00,0,0,1,+38.06,*4E
$GPNVS,4,155504,031026,0.00,0.00,,,,,,,*6E
$GPNVS,5,155504,031026,5C9,0,0,+38.06,00000,00000,*28
$GPNVS,6,0,A,1,0x00000,0x03,,0x00,00,,0x00000,,*05
$GPNVS,7,155504,031026,A,71,0x00,-12,2,-1,581571,+4.28,-4.11*61
$GPNVS,9,+10000000.003,+2.77314,+10000000.00,15,+0.019,+0.37,,+38.06,50.0,50.6,*61
$GPNVS,10,1,0,0,+10,+10,2,100,0.5,1,10,30,1,+0,1.0,20,+14,1,2,8000,,,,*55
$GPNVS,15,0,0,0000,2400,2400.00,00000000,0.00,0.00,0.00,0.00,+9999,999*48
$GPNVS,1,155505,031026,A,N,64,N,0x00000,0x03,0x00,1,N*2D
$GPNVS,2,155505,031026,0.00,0.00,0.00,0.00,0.00,0.00,0.00,0.00,*69
$GPNVS,3,155505,031026,0.00,0.00,0.00,0.00,,0.00,0,0,1,+38.06,*4F
$GPNVS,4,155505,031026,0.00,0.00,,,,,,,*6F
$GPNVS,5,155505,031026,5C9,0,0,+38.06,00000,00000,*29
$GPNVS,6,0,A,1,0x00000,0x03,,0x00,00,,0x00000,,*05
$GPNVS,7,155505,031026,A,71,0x00,-12,1,0,581571,+4.28,-4.11*4F
$GPNVS,9,+10000000.003,+2.77314,+10000000.05,15,+0.019,+0.37,,+38.06,50.0,50.3,*61
$GPNVS,10,1,0,0,+5,+5,2,100,0.5,1,10,30,1,+0,1.0,20,+14,1,2,8000,,,,*55
$GPNVS,15,0,0,0000,2400,2400.00,00000000,0.00,0.00,0.00,0.00,+9999,999*48
$GPNVS,99,,,*5C
$GPNVS,1,155506,031026,A,N,64,N,0x00000,0x03,0x00,1,N*2E
$GPNVS,2,155506,031026,0.00,0.00,0.00,0.00,0.00,0.00,0.00,0.00,*6A
$GPNVS,3,155506,031026,0.00,0.00,0.00,0.00,,0.00,0,0,1,+38.06,*4C
$GPNVS,4,155506,031026,0.00,0.00,,,,,,,*6C
$GPNVS,5,155506,031026,5C9,0,0,+38.06,00000,00000,*2A
$GPNVS,6,0,A,1,0x00000,0x03,,0x00,00,,0x00000,,*05
$GPNVS,7,155506,031026,A,71,0x00,-12,2,-1,581570,+4.28,-4.11*62
$GPNVS,9,+10000000.002,+2.77314,+9999999.949,15,+0.019,+0.37,,+38.06,50.0,50.3,*69
$GPNVS,10,1,0,0,+10,+5,2,100,0.5,1,10,30,1,+0,1.0,20,+14,1,2,8000,,,,*61
$GPNVS,15,0,0,0000,2400,2400.00,00000000,0.00,0.00,0.00,0.00,+9999,999*48
$GPNVS,1,155507,031026,A,N,64,N,0x00000,0x03,0x00,1,N*2F
$GPNVS,2,155507,031026,0.00,0.00,0.00,0.00,0.00,0.00,0.00,0.00,*6B
$GPNVS,3,155507,031026,0.00,0.00,0.00,0.00,,0.00,0,0,1,+38.06,*4D
$GPNVS,4,155507,031026,0.00,0.00,,,,,,,*6D
$GPNVS,5,155507,031026,5C9,0,0,+38.06,00000,00000,*2B
$GPNVS,6,0,A,1,0x00000,0x03,,0x00,00,,0x00000,,*05
$GPNVS,7,155507,031026,A,71,0x00,-12,2,0,581570,+4.28,-4.11*4F
$GPNVS,9,+10000000.003,+2.77314,+10000000.00,15,+0.019,+0.37,,+38.06,50.0,50.0,*67
$GPNVS,10,1,0,0,+10,+10,2,100,0.5,1,10,30,1,+1,1.0,20,+14,1,2,8000,,,,*54
$GPNVS,15,0,0,0000,2400,2400.00,00000000,0.00,0.00,0.00,0.00,+9999,999*48
$GPNVS,1,155508,031026,A,N,64,N,0x00000,0x03,0x00,1,N*20
$GPNVS,2,155508,031026,0.00,0.00,0.00,0.00,0.00,0.00,0.00,0.00,*64
$GPNVS,3,155508,031026,0.00,0.00,0.00,0.00,,0.00,0,0,1,+38.06,*42
$GPNVS,4,155508,031026,0.00,0.00,,,,,,,*62
$GPNVS,5,155508,031026,5C9,0,0,+38.06,00000,00000,*24
$GPNVS,6,0,A,1,0x00000,0x03,,0x00,00,,0x00000,,*05
$GPNVS,7,155508,031026,A,71,0x00,-12,1,0,581570,+4.28,-4.11*43
$GPNVS,9,+10000000.002,+2.77314,+10000000.05,15,+0.019,+0.37,,+38.06,50.0,49.6,*6D
$GPNVS,10,1,0,0,+5,+5,2,100,0.5,1,10,30,1,+1,1.0,20,+14,1,2,8000,,,,*54
$GPNVS,15,0,0,0000,2400,2400.00,00000000,0.00,0.00,0.00,0.00,+9999,999*48
$GPNVS,1,155509,031026,A,N,64,N,0x00000,0x03,0x00,1,N*21
$GPNVS,2,155509,031026,0.00,0.00,0.00,0.00,0.00,0.00,0.00,0.00,*65
$GPNVS,3,155509,031026,0.00,0.00,0.00,0.00,,0.00,0,0,1,+38.06,*43
$GPNVS,4,155509,031026,0.00,0.00,,,,,,,*63
$GPNVS,5,155509,031026,5C9,0,0,+38.06,00000,00000,*25
$GPNVS,6,0,A,1,0x00000,0x03,,0x00,00,,0x00000,,*05
$GPNVS,7,155509,031026,A,71,0x00,-12,1,0,581570,+4.27,-4.11*4D
$GPNVS,9,+10000000.003,+2.77314,+10000000.00,15,+0.019,+0.37,,+38.06,50.0,50.6,*61
$GPNVS,10,1,0,0,+5,+5,2,100,0.5,1,10,30,1,+1,1.0,20,-6,1,2,8000,,,,*61
$GPNVS,15,0,0,0000,2400,2400.00,00000000,0.00,0.00,0.00,0.00,-9999,999*4E
$GPNVS,1,155510,031026,A,N,64,N,0x00000,0x03,0x00,1,N*29
$GPNVS,2,155510,031026,0.00,0.00,0.00,0.00,0.00,0.00,0.00,0.00,*6D
$GPNVS,3,155510,031026,0.00,0.00,0.00,0.00,,0.00,0,0,1,+38.06,*4B
$GPNVS,4,155510,031026,0.00,0.00,,,,,,,*6B
$GPNVS,5,155510,031026,5C9,0,0,+38.06,00000,00000,*2D
$GPNVS,6,0,A,1,0x00000,0x03,,0x00,00,,0x00000,,*05
$GPNVS,7,155510,031026,A,71,0x00,-12,2,0,581570,+4.28,-4.11*49
$GPNVS,9,+10000000.001,+2.77314,+9999999.949,15,+0.019,+0.37,,+38.06,50.0,50.3,*6A
$GPNVS,10,1,0,0,+10,+5,2,100,0.5,1,10,30,1,+1,1.0,20,-6,1,2,8000,,,,*55
$GPNVS,15,0,0,0000,2400,2400.00,00000000,0.00,0.00,0.00,0.00,-9999,999*4E
$GPNVS,1,155511,031026,A,N,64,N,0x00000,0x03,0x00,1,N*28
$GPNVS,2,155511,031026,0.00,0.00,0.00,0.00,0.00,0.00,0.00,0.00,*6C
$GPNVS,3,155511,031026,0.00,0.00,0.00,0.00,,0.00,0,0,1,+38.06,*4A
$GPNVS,4,155511,031026,0.00,0.00,,,,,,,*6A
$GPNVS,5,155511,031026,5C9,0,0,+38.06,00000,00000,*2C
$GPNVS,6,0,A,1,0x00000,0x03,,0x00,00,,0x00000,,*05
$GPNVS,7,155511,031026,A,71,0x00,-12,2,-1,581569,+4.27,-4.11*63
$GPNVS,9,+10000000.002,+2.77313,+10000000.00,15,+0.019,+0.37,,+38.06,50.0,49.3,*6A
$GPNVS,10,1,0,0,+10,+10,2,100,0.5,1,10,30,1,+1,1.0,20,-6,1,2,8000,,,,*61
$GPNVS,15,0,0,0000,2400,2400.00,00000000,0.00,0.00,0.00,0.00,-9999,999*4E
$GPNVS,1,155512,031026,A,N,64,N,0x00000,0x03,0x00,1,N*2B
$GPNVS,2,155512,031026,0.00,0.00,0.00,0.00,0.00,0.00,0.00,0.00,*6F
$GPNVS,3,155512,031026,0.00,0.00,0.00,0.00,,0.00,0,0,1,+38.06,*49
$GPNVS,4,155512,031026,0.00,0.00,,,,,,,*69
$GPNVS,5,155512,031026,5C9,0,0,+38.06,00000,00000,*2F
$GPNVS,6,0,A,1,0x00000,0x03,,0x00,00,,0x00000,,*05
$GPNVS,7,155512,031026,A,71,0x00,-12,1,0,581569,+4.28,-4.11*40
$GPNVS,9,+10000000.003,+2.77313,+10000000.05,15,+0.019,+0.37,,+38.06,50.0,50.9,*6C
$GPNVS,10,1,0,0,+5,+5,2,100,0.5,1,10,30,1,+1,1.0,20,-6,1,2,8000,,,,*61
$GPNVS,15,0,0,0000,2400,2400.00,00000000,0.00,0.00,0.00,0.00,-9999,999*4E
$GPNVS,1,155513,031026,A,N,64,N,0x00000,0x03,0x00,1,N*2A
$GPNVS,2,155513,031026,0.00,0.00,0.00,0.00,0.00,0.00,0.00,0.00,*6E
$GPNVS,3,155513,031026,0.00,0.00,0.00,0.00,,0.00,0,0,1,+38.06,*48
$GPNVS,4,155513,031026,0.00,0.00,,,,,,,*68
$GPNVS,5,155513,031026,5C9,0,0,+38.06,00000,00000,*2E
$GPNVS,6,0,A,1,0x00000,0x03,,0x00,00,,0x00000,,*05
$GPNVS,7,155513,031026,A,71,0x00,3,1,0,581569,+4.28,-4.11*5C
$GPNVS,9,+10000000.002,+2.77313,+10000000.00,15,+0.019,+0.37,,+38.06,50.0,50.9,*68
$GPNVS,10,1,0,0,+5,+5,2,100,0.5,1,10,30,1,+0,1.0,20,-6,1,2,8000,,,,*60
$GPNVS,15,0,0,0000,2400,2400.00,00000000,0.00,0.00,0.00,0.00,-9999,999*4E
$GPNVS,1,155514,031026,A,N,64,N,0x00000,0x03,0x00,1,N*2D
$GPNVS,2,155514,031026,0.00,0.00,0.00,0.00,0.00,0.00,0.00,0.00,*69
$GPNVS,3,155514,031026,0.00,0.00,0.00,0.00,,0.00,0,0,1,+38.06,*4F
$GPNVS,4,155514,031026,0.00,0.00,,,,,,,*6F
$GPNVS,5,155514,031026,5C9,0,0,+38.06,00000,00000,*29
$GPNVS,6,0,A,1,0x00000,0x03,,0x00,00,,0x00000,,*05
$GPNVS,7,155514,031026,A,71,0x00,3,2,-1,581568,+4.27,-4.11*7A
$GPNVS,9,+10000000.002,+2.77313,+9999999.949,15,+0.019,+0.37,,+38.06,50.0,50.3,*6E
$GPNVS,10,1,0,0,+10,+5,2,100,0.5,1,10,30,1,+0,1.0,20,-6,1,2,8000,,,,*54
$GPNVS,15,0,0,0000,2400,2400.00,00000000,0.00,0.00,0.00,0.00,-9999,999*4E
$GPNVS,1,155515,031026,A,N,64,N,0x00000,0x03,0x00,1,N*2C
$GPNVS,2,155515,031026,0.00,0.00,0.00,0.00,0.00,0.00,0.00,0.00,*68
$GPNVS,3,155515,031026,0.00,0.00,0.00,0.00,,0.00,0,0,1,+38.06,*4E
$GPNVS,4,155515,031026,0.00,0.00,,,,,,,*6E
$GPNVS,5,155515,031026,5C9,0,0,+38.06,00000,00000,*28
$GPNVS,6,0,A,1,0x00000,0x03,,0x00,00,,0x00000,,*05
$GPNVS,7,155515,031026,A,71,0x00,3,1,0,581568,+4.27,-4.11*54
$GPNVS,9,+10000000.002,+2.77313,+10000000.05,15,+0.019,+0.37,,+38.06,50.0,50.6,*62
$GPNVS,10,1,0,0,+5,+5,2,100,0.5,1,10,30,1,+0,1.0,20,-6,1,2,8000,,,,*60
$GPNVS,15,0,0,0000,2400,2400.00,00000000,0.00,0.00,0.00,0.00,-9999,999*4E
$GPNVS,1,155516,031026,A,N,64,N,0x00000,0x03,0x00,1,N*2F
$GPNVS,2,155516,031026,0.00,0.00,0.00,0.00,0.00,0.00,0.00,0.00,*6B
$GPNVS,3,155516,031026,0.00,0.00,0.00,0.00,,0.00,0,0,1,+38.06,*4D
$GPNVS,4,155516,031026,0.00,0.00,,,,,,,*6D
$GPNVS,5,155516,031026,5C9,0,0,+38.06,00000,00000,*2B
$GPNVS,6,0,A,1,0x00000,0x03,,0x00,00,,0x00000,,*05
$GPNVS,7,155516,031026,A,71,0x00,3,1,0,581568,+4.28,-4.11*58
$GPNVS,9,+10000000.002,+2.77313,+10000000.00,15,+0.019,+0.37,,+38.06,50.0,50.0,*61
$GPNVS,10,1,0,0,+5,+5,2,100,0.5,1,10,30,1,+0,1.0,20,-6,1,2,8000,,,,*60
$GPNVS,15,0,0,0000,2400,2400.00,00000000,0.00,0.00,0.00,0.00,-9999,999*4E
$GPNVS,1,155517,031026,A,N,64,N,0x00000,0x03,0x00,1,N*2E
$GPNVS,2,155517,031026,0.00,0.00,0.00,0.00,0.00,0.00,0.00,0.00,*6A
$GPNVS,3,155517,031026,0.00,0.00,0.00,0.00,,0.00,0,0,1,+38.06,*4C
$GPNVS,4,155517,031026,0.00,0.00,,,,,,,*6C
$GPNVS,5,155517,031026,5C9,0,0,+38.06,00000,00000,*2A
$GPNVS,6,0,A,1,0x00000,0x03,,0x00,00,,0x00000,,*05
$GPNVS,7,155517,031026,A,71,0x00,3,0,0,581568,+4.28,-4.11*58
$GPNVS,9,+10000000.002,+2.77313,+10000000.05,15,+0.019,+0.37,,+38.06,50.0,50.3,*67
$GPNVS,10,1,0,0,+0,+0,2,100,0.5,1,10,30,1,+0,1.0,20,-6,1,2,8000,,,,*60
$GPNVS,15,0,0,0000,2400,2400.00,00000000,0.00,0.00,0.00,0.00,-9999,999*4E
$GPNVS,1,155518,031026,A,N,64,N,0x00000,0x03,0x00,1,N*21
$GPNVS,2,155518,031026,0.00,0.00,0.00,0.00,0.00,0.00,0.00,0.00,*65
$GPNVS,3,155518,031026,0.00,0.00,0.00,0.00,,0.00,0,0,1,+38.06,*43
$GPNVS,4,155518,031026,0.00,0.00,,,,,,,*63
$GPNVS,5,155518,031026,5C9,0,0,+38.06,00000,00000,*25
$GPNVS,6,0,A,1,0x00000,0x03,,0x00,00,,0x00000,,*05
$GPNVS,7,155518,031026,A,71,0x00,3,0,-1,581567,+4.28,-4.11*74
$GPNVS,9,+10000000.003,+2.77313,+10000000.00,15,+0.019,+0.37,,+38.06,50.0,50.6,*66
$GPNVS,10,1,0,0,+0,+0,2,100,0.5,1,10,30,1,+0,1.0,20,-6,1,2,8000,,,,*60
$GPNVS,15,0,0,0000,2400,2400.00,00000000,0.00,0.00,0.00,0.00,-9999,999*4E
$GPNVS,1,155519,031026,A,N,64,N,0x00000,0x03,0x00,1,N*20
$GPNVS,2,155519,031026,0.00,0.00,0.00,0.00,0.00,0.00,0.00,0.00,*64
$GPNVS,3,155519,031026,0.00,0.00,0.00,0.00,,0.00,0,0,1,+38.06,*42
$GPNVS,4,155519,031026,0.00,0.00,,,,,,,*62
$GPNVS,5,155519,031026,5C9,0,0,+38.06,00000,00000,*24
$GPNVS,6,0,A,1,0x00000,0x03,,0x00,00,,0x00000,,*05
$GPNVS,7,155519,031026,A,71,0x00,3,1,0,581567,+4.28,-4.11*58
$GPNVS,9,+10000000.003,+2.77313,+9999999.949,15,+0.019,+0.37,,+38.06,50.0,51.2,*6F
$GPNVS,10,1,0,0,+5,+0,2,100,0.5,1,10,30,1,+0,1.0,20,-6,1,2,8000,,,,*65
$GPNVS,15,0,0,0000,2400,2400.00,00000000,0.00,0.00,0.00,0.00,-9999,999*4E
$GPNVS,1,155520,031026,A,N,64,N,0x00000,0x03,0x00,1,N*2A
$GPNVS,2,155520,031026,0.00,0.00,0.00,0.00,0.00,0.00,0.00,0.00,*6E
$GPNVS,3,155520,031026,0.00,0.00,0.00,0.00,,0.00,0,0,1,+38.06,*48
$GPNVS,4,155520,031026,0.00,0.00,,,,,,,*68
$GPNVS,5,155520,031026,5C9,0,0,+38.06,00000,00000,*2E
$GPNVS,6,0,A,1,0x00000,0x03,,0x00,00,,0x00000,,*05
$GPNVS,7,155520,031026,A,71,0x00,3,1,-1,581566,+4.27,-4.11*70
$GPNVS,9,+10000000.002,+2.77312,+10000000.00,15,+0.019,+0.37,,+38.06,50.0,49.3,*6B
$GPNVS,10,1,0,0,+5,+5,2,100,0.5,1,10,30,1,-1,1.0,20,+10,1,2,8000,,,,*56
$GPNVS,15,0,0,0000,2400,2400.00,00000000,0.00,0.00,0.00,0.00,+9999,999*48
$GPNVS,99,,,*5C
$GPNVS,1,155521,031026,A,N,64,N,0x00000,0x03,0x00,1,N*2B
$GPNVS,2,155521,031026,0.00,0.00,0.00,0.00,0.00,0.00,0.00,0.00,*6F
$GPNVS,3,155521,031026,0.00,0.00,0.00,0.00,,0.00,0,0,1,+38.06,*49
$GPNVS,4,155521,031026,0.00,0.00,,,,,,,*69
$GPNVS,5,155521,031026,5C9,0,0,+38.06,00000,00000,*2F
$GPNVS,6,0,A,1,0x00000,0x03,,0x00,00,,0x00000,,*05
$GPNVS,7,155521,031026,A,71,0x00,3,0,0,581566,+4.27,-4.11*5C
$GPNVS,9,+10000000.003,+2.77312,+10000000.05,15,+0.019,+0.37,,+38.06,50.0,50.3,*67
$GPNVS,10,1,0,0,+0,+0,2,100,0.5,1,10,30,1,-1,1.0,20,+10,1,2,8000,,,,*56
$GPNVS,15,0,0,0000,2400,2400.00,00000000,0.00,0.00,0.00,0.00,+9999,999*48
$GPNVS,1,155522,031026,A,N,64,N,0x00000,0x03,0x00,1,N*28
$GPNVS,2,155522,031026,0.00,0.00,0.00,0.00,0.00,0.00,0.00,0.00,*6C
$GPNVS,3,155522,031026,0.00,0.00,0.00,0.00,,0.00,0,0,1,+38.06,*4A
$GPNVS,4,155522,031026,0.00,0.00,,,,,,,*6A
$GPNVS,5,155522,031026,5C9,0,0,+38.06,00000,00000,*2C
$GPNVS,6,0,A,1,0x00000,0x03,,0x00,00,,0x00000,,*05
$GPNVS,7,155522,031026,A,71,0x00,3,0,-1,581565,+4.28,-4.11*7F
$GPNVS,9,+10000000.003,+2.77312,+10000000.00,15,+0.019,+0.37,,+38.06,50.0,50.6,*67
$GPNVS,10,1,0,0,+0,+0,2,100,0.5,1,10,30,1,-2,1.0,20,+10,1,2,8000,,,,*55
$GPNVS,15,0,0,0000,2400,2400.00,00000000,0.00,0.00,0.00,0.00,+9999,999*48
$GPNVS,1,155523,031026,A,N,63,N,0x00000,0x03,0x00,1,N*2E
$GPNVS,2,155523,031026,0.00,0.00,0.00,0.00,0.00,0.00,0.00,0.00,*6D
$GPNVS,3,155523,031026,0.00,0.00,0.00,0.00,,0.00,0,0,1,+38.06,*4B
$GPNVS,4,155523,031026,0.00,0.00,,,,,,,*6B
$GPNVS,5,155523,031026,5C9,0,0,+38.06,00000,00000,*2D
$GPNVS,6,0,A,1,0x00000,0x03,,0x00,00,,0x00000,,*05
$GPNVS,7,155523,031026,A,71,0x00,3,0,0,581565,+4.28,-4.11*52
$GPNVS,9,+10000000.003,+2.77312,+10000000.00,15,+0.019,+0.37,,+38.06,50.0,50.3,*62
$GPNVS,10,1,0,0,+0,+0,2,100,0.5,1,10,30,1,-2,1.0,20,+10,1,2,8000,,,,*55
$GPNVS,15,0,0,0000,2400,2400.00,00000000,0.00,0.00,0.00,0.00,+9999,999*48
$GPNVS,1,155524,031026,A,N,63,N,0x00000,0x03,0x00,1,N*29
$GPNVS,2,155524,031026,0.00,0.00,0.00,0.00,0.00,0.00,0.00,0.00,*6A
$GPNVS,3,155524,031026,0.00,0.00,0.00,0.00,,0.00,0,0,1,+38.06,*4C
$GPNVS,4,155524,031026,0.00,0.00,,,,,,,*6C
$GPNVS,5,155524,031026,5C9,0,0,+38.06,00000,00000,*2A
$GPNVS,6,0,A,1,0x00000,0x03,,0x00,00,,0x00000,,*05
$GPNVS,7,155524,031026,A,71,0x00,3,-1,-1,581564,+4.28,-4.11*54
$GPNVS,9,+10000000.003,+2.77311,+10000000.05,15,+0.019,+0.37,,+38.06,50.0,50.3,*64
$GPNVS,10,1,0,0,-5,+0,2,100,0.5,1,10,30,1,-2,1.0,20,+10,1,2,8000,,,,*56
$GPNVS,15,0,0,0000,2400,2400.00,00000000,0.00,0.00,0.00,0.00,+9999,999*48
$GPNVS,1,155525,031026,A,N,63,N,0x00000,0x03,0x00,1,N*28
$GPNVS,2,155525,031026,0.00,0.00,0.00,0.00,0.00,0.00,0.00,0.00,*6B
$GPNVS,3,155525,031026,0.00,0.00,0.00,0.00,,0.00,0,0,1,+38.06,*4D
$GPNVS,4,155525,031026,0.00,0.00,,,,,,,*6D
$GPNVS,5,155525,031026,5C9,0,0,+38.06,00000,00000,*2B
$GPNVS,6,0,A,1,0x00000,0x03,,0x00,00,,0x00000,,*05
$GPNVS,7,155525,031026,A,71,0x00,3,-1,0,581564,+4.27,-4.11*76
$GPNVS,9,+10000000.004,+2.77311,+10000000.00,15,+0.019,+0.37,,+38.06,50.0,49.3,*6E
$GPNVS,10,1,0,0,-5,-5,2,100,0.5,1,10,30,1,-2,1.0,20,+10,1,2,8000,,,,*55
$GPNVS,15,0,0,0000,2400,2400.00,00000000,0.00,0.00,0.00,0.00,+9999,999*48
$GPNVS,1,155526,031026,A,N,63,N,0x00000,0x03,0x00,1,N*2B
$GPNVS,2,155526,031026,0.00,0.00,0.00,0.00,0.00,0.00,0.00,0.00,*68
$GPNVS,3,155526,031026,0.00,0.00,0.00,0.00,,0.00,0,0,1,+38.06,*4E
$GPNVS,4,155526,031026,0.00,0.00,,,,,,,*6E
$GPNVS,5,155526,031026,5C9,0,0,+38.06,00000,00000,*28
$GPNVS,6,0,A,1,0x00000,0x03,,0x00,00,,0x00000,,*05
$GPNVS,7,155526,031026,A,71,0x00,3,0,-1,581563,+4.27,-4.11*72
$GPNVS,9,+10000000.002,+2.77311,+9999999.949,15,+0.019,+0.37,,+38.06,50.0,50.3,*6C
$GPNVS,10,1,0,0,+0,+0,2,100,0.5,1,10,30,1,-1,1.0,20,+10,1,2,8000,,,,*56
$GPNVS,15,0,0,0000,2400,2400.00,00000000,0.00,0.00,0.00,0.00,+9999,999*48
$GPNVS,1,155527,031026,A,N,63,N,0x00000,0x03,0x00,1,N*2A
$GPNVS,2,155527,031026,0.00,0.00,0.00,0.00,0.00,0.00,0.00,0.00,*69
$GPNVS,3,155527,031026,0.00,0.00,0.00,0.00,,0.00,0,0,1,+37.74,*45
$GPNVS,4,155527,031026,0.00,0.00,,,,,,,*6F
$GPNVS,5,155527,031026,5C9,0,0,+37.74,00000,00000,*23
$GPNVS,6,0,A,1,0x00000,0x03,,0x00,00,,0x00000,,*05
$GPNVS,7,155527,031026,A,71,0x00,3,0,0,581563,+4.28,-4.11*50
$GPNVS,9,+10000000.002,+2.77311,+10000000.00,15,+0.019,+0.37,,+37.74,50.0,50.6,*6F
$GPNVS,10,1,0,0,+0,+0,2,100,0.5,1,10,30,1,-1,1.0,20,+10,1,2,8000,,,,*56
$GPNVS,15,0,0,0000,2400,2400.00,00000000,0.00,0.00,0.00,0.00,+9999,999*48
$GPNVS,1,155528,031026,A,N,63,N,0x00000,0x03,0x00,1,N*25
$GPNVS,2,155528,031026,0.00,0.00,0.00,0.00,0.00,0.00,0.00,0.00,*66
$GPNVS,3,155528,031026,0.00,0.00,0.00,0.00,,0.00,0,0,1,+38.06,*40
$GPNVS,4,155528,031026,0.00,0.00,,,,,,,*60
$GPNVS,5,155528,031026,5C9,0,0,+38.06,00000,00000,*26
$GPNVS,6,0,A,1,0x00000,0x03,,0x00,00,,0x00000,,*05
$GPNVS,7,155528,031026,A,71,0x00,-3,0,-1,581562,+4.28,-4.11*5F
$GPNVS,9,+10000000.002,+2.77310,+10000000.00,15,+0.019,+0.37,,+38.06,50.0,50.6,*64
$GPNVS,10,1,0,0,+0,+0,2,100,0.5,1,10,30,1,-1,1.0,20,+10,1,2,8000,,,,*56
$GPNVS,15,0,0,0000,2400,2400.00,00000000,0.00,0.00,0.00,0.00,+9999,999*48
$GPNVS,1,155529,031026,A,N,63,N,0x00000,0x03,0x00,1,N*24
$GPNVS,2,155529,031026,0.00,0.00,0.00,0.00,0.00,0.00,0.00,0.00,*67
$GPNVS,3,155529,031026,0.00,0.00,0.00,0.00,,0.00,0,0,1,+37.74,*4B
$GPNVS,4,155529,031026,0.00,0.00,,,,,,,*61
$GPNVS,5,155529,031026,5C9,0,0,+37.74,00000,00000,*2D
$GPNVS,6,0,A,1,0x00000,0x03,,0x00,00,,0x00000,,*05
$GPNVS,7,155529,031026,A,71,0x00,-3,-1,-1,581561,+4.28,-4.11*71
$GPNVS,9,+10000000.003,+2.77310,+10000000.05,15,+0.019,+0.37,,+37.74,50.0,50.6,*6A
$GPNVS,10,1,0,0,-5,+0,2,100,0.5,1,10,30,1,-1,1.0,20,+10,1,2,8000,,,,*55
$GPNVS,15,0,0,0000,2400,2400.00,00000000,0.00,0.00,0.00,0.00,+9999,999*48
$GPNVS,1,155530,031026,A,N,63,N,0x00000,0x03,0x00,1,N*2C
$GPNVS,2,155530,031026,0.00,0.00,0.00,0.00,0.00,0.00,0.00,0.00,*6F
$GPNVS,3,155530,031026,0.00,0.00,0.00,0.00,,0.00,0,0,1,+37.74,*43
$GPNVS,4,155530,031026,0.00,0.00,,,,,,,*69
$GPNVS,5,155530,031026,5C9,0,0,+37.74,00000,00000,*25
$GPNVS,6,0,A,1,0x00000,0x03,,0x00,00,,0x00000,,*05
$GPNVS,7,155530,031026,A,71,0x00,-3,-1,0,581561,+4.28,-4.11*55
$GPNVS,9,+10000000.004,+2.77310,+10000000.00,15,+0.019,+0.37,,+37.74,50.0,51.2,*6D
$GPNVS,10,1,0,0,-5,-5,2,100,0.5,1,10,30,1,-2,1.0,20,-10,1,2,8000,,,,*53
$GPNVS,15,0,0,0000,2400,2400.00,00000000,0.00,0.00,0.00,0.00,-9999,999*4E
$GPNVS,1,155531,031026,A,N,63,N,0x00000,0x03,0x00,1,N*2D
$GPNVS,2,155531,031026,0.00,0.00,0.00,0.00,0.00,0.00,0.00,0.00,*6E
$GPNVS,3,155531,031026,0.00,0.00,0.00,0.00,,0.00,0,0,1,+37.74,*42
$GPNVS,4,155531,031026,0.00,0.00,,,,,,,*68
$GPNVS,5,155531,031026,5C9,0,0,+37.74,00000,00000,*24
$GPNVS,6,0,A,1,0x00000,0x03,,0x00,00,,0x00000,,*05
$GPNVS,7,155531,031026,A,71,0x00,-3,-1,-1,581560,+4.28,-4.11*79
$GPNVS,9,+10000000.003,+2.77309,+10000000.00,15,+0.019,+0.37,,+37.74,50.0,49.6,*6F
$GPNVS,10,1,0,0,-5,-5,2,100,0.5,1,10,30,1,-2,1.0,20,-10,1,2,8000,,,,*53
$GPNVS,15,0,0,0000,2400,2400.00,00000000,0.00,0.00,0.00,0.00,-9999,999*4E
$GPNVS,1,155532,031026,A,N,63,N,0x00000,0x03,0x00,1,N*2E
$GPNVS,2,155532,031026,0.00,0.00,0.00,0.00,0.00,0.00,0.00,0.00,*6D
$GPNVS,3,155532,031026,0.00,0.00,0.00,0.00,,0.00,0,0,1,+38.06,*4B
$GPNVS,4,155532,031026,0.00,0.00,,,,,,,*6B
$GPNVS,5,155532,031026,5C9,0,0,+38.06,00000,00000,*2D
$GPNVS,6,0,A,1,0x00000,0x03,,0x00,00,,0x00000,,*05
$GPNVS,7,155532,031026,A,71,0x00,-3,-2,-1,581559,+4.28,-4.11*73
$GPNVS,9,+10000000.004,+2.77309,+10000000.05,15,+0.019,+0.37,,+38.06,50.0,50.3,*6A
$GPNVS,10,1,0,0,-10,-5,2,100,0.5,1,10,30,1,-2,1.0,20,-10,1,2,8000,,,,*67
$GPNVS,15,0,0,0000,2400,2400.00,00000000,0.00,0.00,0.00,0.00,-9999,999*4E
$GPNVS,1,155533,031026,A,N,63,N,0x00000,0x03,0x00,1,N*2F
$GPNVS,2,155533,031026,0.00,0.00,0.00,0.00,0.00,0.00,0.00,0.00,*6C
$GPNVS,3,155533,031026,0.00,0.00,0.00,0.00,,0.00,0,0,1,+37.74,*40
$GPNVS,4,155533,031026,0.00,0.00,,,,,,,*6A
$GPNVS,5,155533,031026,5C9,0,0,+37.74,00000,00000,*26
$GPNVS,6,0,A,1,0x00000,0x03,,0x00,00,,0x00000,,*05
$GPNVS,7,155533,031026,A,71,0x00,-3,-2,-1,581558,+4.28,-4.11*73
$GPNVS,9,+10000000.004,+2.77308,+10000000.00,15,+0.019,+0.37,,+37.74,50.0,50.0,*67
$GPNVS,10,1,0,0,-10,-10,2,100,0.5,1,10,30,1,-2,1.0,20,-10,1,2,8000,,,,*53
$GPNVS,15,0,0,0000,2400,2400.00,00000000,0.00,0.00,0.00,0.00,-9999,999*4E
$GPNVS,1,155534,031026,A,N,63,N,0x00000,0x03,0x00,1,N*28
$GPNVS,2,155534,031026,0.00,0.00,0.00,0.00,0.00,0.00,0.00,0.00,*6B
$GPNVS,3,155534,031026,0.00,0.00,0.00,0.00,,0.00,0,0,1,+37.74,*47
$GPNVS,4,155534,031026,0.00,0.00,,,,,,,*6D
$GPNVS,5,155534,031026,5C9,0,0,+37.74,00000,00000,*21
$GPNVS,6,0,A,1,0x00000,0x03,,0x00,00,,0x00000,,*05
$GPNVS,7,155534,031026,A,71,0x00,-3,-2,-1,581557,+4.28,-4.11*7B
$GPNVS,9,+10000000.004,+2.77308,+10000000.00,15,+0.019,+0.37,,+37.74,50.0,50.9,*6E
$GPNVS,10,1,0,0,-10,-10,2,100,0.5,1,10,30,1,-2,1.0,20,-10,1,2,8000,,,,*53
$GPNVS,15,0,0,0000,2400,2400.00,00000000,0.00,0.00,0.00,0.00,-9999,999*4E
$GPNVS,1,155535,031026,A,N,63,N,0x00000,0x03,0x00,1,N*29
$GPNVS,2,155535,031026,0.00,0.00,0.00,0.00,0.00,0.00,0.00,0.00,*6A
$GPNVS,3,155535,031026,0.00,0.00,0.00,0.00,,0.00,0,0,1,+38.06,*4C
$GPNVS,4,155535,031026,0.00,0.00,,,,,,,*6C
$GPNVS,5,155535,031026,5C9,0,0,+38.06,00000,00000,*2A
$GPNVS,6,0,A,1,0x00000,0x03,,0x00,00,,0x00000,,*05
$GPNVS,7,155535,031026,A,71,0x00,-3,-3,-1,581556,+4.27,-4.11*75
$GPNVS,9,+10000000.004,+2.77307,+10000000.05,15,+0.019,+0.37,,+38.06,50.0,50.0,*67
$GPNVS,10,1,0,0,-15,-10,2,100,0.5,1,10,30,1,-2,1.0,20,-10,1,2,8000,,,,*56
$GPNVS,15,0,0,0000,2400,2400.00,00000000,0.00,0.00,0.00,0.00,-9999,999*4E
$GPNVS,99,,,*5C
$GPNVS,1,155536,031026,A,N,63,N,0x00000,0x03,0x00,1,N*2A
$GPNVS,2,155536,031026,0.00,0.00,0.00,0.00,0.00,0.00,0.00,0.00,*69
$GPNVS,3,155536,031026,0.00,0.00,0.00,0.00,,0.00,0,0,1,+38.06,*4F
$GPNVS,4,155536,031026,0.00,0.00,,,,,,,*6F
$GPNVS,5,155536,031026,5C9,0,0,+38.06,00000,00000,*29
$GPNVS,6,0,A,1,0x00000,0x03,,0x00,00,,0x00000,,*05
$GPNVS,7,155536,031026,A,71,0x00,-3,-3,-1,581555,+4.28,-4.11*7A
$GPNVS,9,+10000000.004,+2.77307,+10000000.00,15,+0.019,+0.37,,+38.06,50.0,51.2,*61
$GPNVS,10,1,0,0,-15,-15,2,100,0.5,1,10,30,1,-2,1.0,20,-10,1,2,8000,,,,*53
$GPNVS,15,0,0,0000,2400,2400.00,00000000,0.00,0.00,0.00,0.00,-9999,999*4E
$GPNVS,1,155537,031026,A,N,63,N,0x00000,0x03,0x00,1,N*2B
$GPNVS,2,155537,031026,0.00,0.00,0.00,0.00,0.00,0.00,0.00,0.00,*68
$GPNVS,3,155537,031026,0.00,0.00,0.00,0.00,,0.00,0,0,1,+38.06,*4E
$GPNVS,4,155537,031026,0.00,0.00,,,,,,,*6E
$GPNVS,5,155537,031026,5C9,0,0,+38.06,00000,00000,*28
$GPNVS,6,0,A,1,0x00000,0x03,,0x00,00,,0x00000,,*05
$GPNVS,7,155537,031026,A,71,0x00,-3,-3,-1,581554,+4.28,-4.11*7A
$GPNVS,9,+10000000.004,+2.77306,+10000000.00,15,+0.019,+0.37,,+38.06,50.0,50.6,*65
$GPNVS,10,1,0,0,-15,-15,2,100,0.5,1,10,30,1,-2,1.0,20,-10,1,2,8000,,,,*53
$GPNVS,15,0,0,0000,2400,2400.00,00000000,0.00,0.00,0.00,0.00,-9999,999*4E
$GPNVS,1,155538,031026,A,N,63,N,0x00000,0x03,0x00,1,N*24
$GPNVS,2,155538,031026,0.00,0.00,0.00,0.00,0.00,0.00,0.00,0.00,*67
$GPNVS,3,155538,031026,0.00,0.00,0.00,0.00,,0.00,0,0,1,+38.06,*41
$GPNVS,4,155538,031026,0.00,0.00,,,,,,,*61
$GPNVS,5,155538,031026,5C9,0,0,+38.06,00000,00000,*27
$GPNVS,6,0,A,1,0x00000,0x03,,0x00,00,,0x00000,,*05
$GPNVS,7,155538,031026,A,71,0x00,-3,-2,-1,581553,+4.28,-4.11*73
$GPNVS,9,+10000000.003,+2.77306,+9999999.949,15,+0.019,+0.37,,+38.06,50.0,50.6,*6E
$GPNVS,10,1,0,0,-10,-10,2,100,0.5,1,10,30,1,-2,1.0,20,-10,1,2,8000,,,,*53
$GPNVS,15,0,0,0000,2400,2400.00,00000000,0.00,0.00,0.00,0.00,-9999,999*4E
$GPNVS,1,155539,031026,A,N,63,N,0x00000,0x03,0x00,1,N*25
$GPNVS,2,155539,031026,0.00,0.00,0.00,0.00,0.00,0.00,0.00,0.00,*66
$GPNVS,3,155539,031026,0.00,0.00,0.00,0.00,,0.00,0,0,1,+38.06,*40
$GPNVS,4,155539,031026,0.00,0.00,,,,,,,*60
$GPNVS,5,155539,031026,5C9,0,0,+38.06,00000,00000,*26
$GPNVS,6,0,A,1,0x00000,0x03,,0x00,00,,0x00000,,*05
$GPNVS,7,155539,031026,A,71,0x00,-3,-2,-1,581552,+4.28,-4.11*73
$GPNVS,9,+10000000.002,+2.77305,+10000000.00,15,+0.019,+0.37,,+38.06,50.0,50.6,*60
$GPNVS,10,1,0,0,-10,-10,2,100,0.5,1,10,30,1,-2,1.0,20,-10,1,2,8000,,,,*53
$GPNVS,15,0,0,0000,2400,2400.00,00000000,0.00,0.00,0.00,0.00,-9999,999*4E
$GPNVS,1,155540,031026,A,N,63,N,0x00000,0x03,0x00,1,N*2B
$GPNVS,2,155540,031026,0.00,0.00,0.00,0.00,0.00,0.00,0.00,0.00,*68
$GPNVS,3,155540,031026,0.00,0.00,0.00,0.00,,0.00,0,0,1,+38.06,*4E
$GPNVS,4,155540,031026,0.00,0.00,,,,,,,*6E
$GPNVS,5,155540,031026,5C9,0,0,+38.06,00000,00000,*28
$GPNVS,6,0,A,1,0x00000,0x03,,0x00,00,,0x00000,,*05
$GPNVS,7,155540,031026,A,71,0x00,-3,-2,-1,581551,+4.27,-4.11*71
$GPNVS,9,+10000000.003,+2.77305,+10000000.00,15,+0.019,+0.37,,+38.06,50.0,50.9,*6E
$GPNVS,10,1,0,0,-10,-10,2,100,0.5,1,10,30,1,-2,1.0,20,-10,1,2,8000,,,,*53
$GPNVS,15,0,0,0000,2400,2400.00,00000000,0.00,0.00,0.00,0.00,-9999,999*4E
$GPNVS,1,155541,031026,A,N,63,N,0x00000,0x03,0x00,1,N*2A
$GPNVS,2,155541,031026,0.00,0.00,0.00,0.00,0.00,0.00,0.00,0.00,*69
$GPNVS,3,155541,031026,0.00,0.00,0.00,0.00,,0.00,0,0,1,+38.06,*4F
$GPNVS,4,155541,031026,0.00,0.00,,,,,,,*6F
$GPNVS,5,155541,031026,5C9,0,0,+38.06,00000,00000,*29
$GPNVS,6,0,A,1,0x00000,0x03,,0x00,00,,0x00000,,*05
$GPNVS,7,155541,031026,A,71,0x00,-3,-2,-1,581550,+4.28,-4.11*7E
$GPNVS,9,+10000000.003,+2.77304,+10000000.00,15,+0.019,+0.37,,+38.06,50.0,50.3,*65
$GPNVS,10,1,0,0,-10,-10,2,100,0.5,1,10,30,1,-2,1.0,20,+6,1,2,8000,,,,*62
$GPNVS,15,0,0,0000,2400,2400.00,00000000,0.00,0.00,0.00,0.00,+9999,999*48
$GPNVS,1,155542,031026,A,N,63,N,0x00000,0x03,0x00,1,N*29
$GPNVS,2,155542,031026,0.00,0.00,0.00,0.00,0.00,0.00,0.00,0.00,*6A
$GPNVS,3,155542,031026,0.00,0.00,0.00,0.00,,0.00,0,0,1,+38.06,*4C
$GPNVS,4,155542,031026,0.00,0.00,,,,,,,*6C
$GPNVS,5,155542,031026,5C9,0,0,+38.06,00000,00000,*2A
$GPNVS,6,0,A,1,0x00000,0x03,,0x00,00,,0x00000,,*05
$GPNVS,7,155542,031026,A,71,0x00,-3,-3,-1,581549,+4.28,-4.11*74
$GPNVS,9,+10000000.003,+2.77304,+10000000.05,15,+0.019,+0.37,,+38.06,50.0,50.6,*65
$GPNVS,10,1,0,0,-15,-10,2,100,0.5,1,10,30,1,-2,1.0,20,+6,1,2,8000,,,,*67
$GPNVS,15,0,0,0000,2400,2400.00,00000000,0.00,0.00,0.00,0.00,+9999,999*48
$GPNVS,1,155543,031026,A,N,63,N,0x00000,0x03,0x00,1,N*28
$GPNVS,2,155543,031026,0.00,0.00,0.00,0.00,0.00,0.00,0.00,0.00,*6B
$GPNVS,3,155543,031026,0.00,0.00,0.00,0.00,,0.00,0,0,1,+38.06,*4D
$GPNVS,4,155543,031026,0.00,0.00,,,,,,,*6D
$GPNVS,5,155543,031026,5C9,0,0,+38.06,00000,00000,*2B
$GPNVS,6,0,A,1,0x00000,0x03,,0x00,00,,0x00000,,*05
$GPNVS,7,155543,031026,A,71,0x00,-27,-3,-1,581548,+4.28,-4.11*42
$GPNVS,9,+10000000.004,+2.77303,+10000000.00,15,+0.019,+0.37,,+38.06,50.0,50.6,*60
$GPNVS,10,1,0,0,-15,-15,2,100,0.5,1,11,30,1,-1,1.0,20,+6,1,2,8000,,,,*60
$GPNVS,15,0,0,0000,2400,2400.00,00000000,0.00,0.00,0.00,0.00,+9999,999*48
$GPNVS,1,155544,031026,A,N,63,N,0x00000,0x03,0x00,1,N*2F
$GPNVS,2,155544,031026,0.00,0.00,0.00,0.00,0.00,0.00,0.00,0.00,*6C
$GPNVS,3,155544,031026,0.00,0.00,0.00,0.00,,0.00,0,0,1,+38.06,*4A
$GPNVS,4,155544,031026,0.00,0.00,,,,,,,*6A
$GPNVS,5,155544,031026,5C9,0,0,+38.06,00000,00000,*2C
$GPNVS,6,0,A,1,0x00000,0x03,,0x00,00,,0x00000,,*05
$GPNVS,7,155544,031026,A,71,0x00,-27,-3,-2,581546,+4.28,-4.11*48
$GPNVS,9,+10000000.004,+2.77303,+10000000.00,15,+0.019,+0.37,,+38.06,50.0,50.0,*66
$GPNVS,10,1,0,0,-15,-15,2,100,0.5,1,11,30,1,-1,1.0,20,+6,1,2,8000,,,,*60
$GPNVS,15,0,0,0000,2400,2400.00,00000000,0.00,0.00,0.00,0.00,+9999,999*48
$GPNVS,1,155545,031026,A,N,63,N,0x00000,0x03,0x00,1,N*2E
$GPNVS,2,155545,031026,0.00,0.00,0.00,0.00,0.00,0.00,0.00,0.00,*6D
$GPNVS,3,155545,031026,0.00,0.00,0.00,0.00,,0.00,0,0,1,+38.06,*4B
$GPNVS,4,155545,031026,0.00,0.00,,,,,,,*6B
$GPNVS,5,155545,031026,5C9,0,0,+38.06,00000,00000,*2D
$GPNVS,6,0,A,1,0x00000,0x03,,0x00,00,,0x00000,,*05
$GPNVS,7,155545,031026,A,71,0x00,-27,-3,-1,581545,+4.28,-4.11*49
$GPNVS,9,+10000000.003,+2.77302,+10000000.00,15,+0.019,+0.37,,+38.06,50.0,50.6,*66
$GPNVS,10,1,0,0,-15,-15,2,100,0.5,1,11,30,1,-2,1.0,20,+6,1,2,8000,,,,*63
$GPNVS,15,0,0,0000,2400,2400.00,00000000,0.00,0.00,0.00,0.00,+9999,999*48
$GPNVS,1,155546,031026,A,N,63,N,0x00000,0x03,0x00,1,N*2D
$GPNVS,2,155546,031026,0.00,0.00,0.00,0.00,0.00,0.00,0.00,0.00,*6E
$GPNVS,3,155546,031026,0.00,0.00,0.00,0.00,,0.00,0,0,1,+38.06,*48
$GPNVS,4,155546,031026,0.00,0.00,,,,,,,*68
$GPNVS,5,155546,031026,5C9,0,0,+38.06,00000,00000,*2E
$GPNVS,6,0,A,1,0x00000,0x03,,0x00,00,,0x00000,,*05
$GPNVS,7,155546,031026,A,71,0x00,-27,-3,-1,581544,+4.27,-4.11*44
$GPNVS,9,+10000000.004,+2.77302,+10000000.00,15,+0.019,+0.37,,+38.06,50.0,50.6,*61
$GPNVS,10,1,0,0,-15,-15,2,100,0.5,1,11,30,1,-2,1.0,20,+6,1,2,8000,,,,*63
$GPNVS,15,0,0,0000,2400,2400.00,00000000,0.00,0.00,0.00,0.00,+9999,999*48
$GPNVS,1,155547,031026,A,N,63,N,0x00000,0x03,0x00,1,N*2C
$GPNVS,2,155547,031026,0.00,0.00,0.00,0.00,0.00,0.00,0.00,0.00,*6F
$GPNVS,3,155547,031026,0.00,0.00,0.00,0.00,,0.00,0,0,1,+38.06,*49
$GPNVS,4,155547,031026,0.00,0.00,,,,,,,*69
$GPNVS,5,155547,031026,5C9,0,0,+38.06,00000,00000,*2F
$GPNVS,6,0,A,1,0x00000,0x03,,0x00,00,,0x00000,,*05
$GPNVS,7,155547,031026,A,71,0x00,-27,-5,-1,581543,+4.28,-4.11*4B
$GPNVS,9,+10000000.006,+2.77301,+10000000.09,15,+0.019,+0.37,,+38.06,50.0,50.9,*66
$GPNVS,10,1,0,0,-25,-20,2,100,0.5,1,11,30,1,-2,1.0,20,+6,1,2,8000,,,,*66
$GPNVS,15,0,0,0000,2400,2400.00,00000000,0.00,0.00,0.00,0.00,+9999,999*48
$GPNVS,1,155548,031026,A,N,63,N,0x00000,0x03,0x00,1,N*23
$GPNVS,2,155548,031026,0.00,0.00,0.00,0.00,0.00,0.00,0.00,0.00,*60
$GPNVS,3,155548,031026,0.00,0.00,0.00,0.00,,0.00,0,0,1,+38.06,*46
$GPNVS,4,155548,031026,0.00,0.00,,,,,,,*66
$GPNVS,5,155548,031026,5C9,0,0,+38.06,00000,00000,*20
$GPNVS,6,0,A,1,0x00000,0x03,,0x00,00,,0x00000,,*05
$GPNVS,7,155548,031026,A,71,0x00,-27,-5,-2,581541,+4.27,-4.11*4A
$GPNVS,9,+10000000.004,+2.77300,+10000000.00,15,+0.019,+0.37,,+38.06,50.0,50.6,*63
$GPNVS,10,1,0,0,-25,-25,2,100,0.5,1,11,30,1,-1,1.0,20,+6,1,2,8000,,,,*60
$GPNVS,15,0,0,0000,2400,2400.00,00000000,0.00,0.00,0.00,0.00,+9999,999*48
$GPNVS,1,155549,031026,A,N,63,N,0x00000,0x03,0x00,1,N*22
$GPNVS,2,155549,031026,0.00,0.00,0.00,0.00,0.00,0.00,0.00,0.00,*61
$GPNVS,3,155549,031026,0.00,0.00,0.00,0.00,,0.00,0,0,1,+38.06,*47
$GPNVS,4,155549,031026,0.00,0.00,,,,,,,*67
$GPNVS,5,155549,031026,5C9,0,0,+38.06,00000,00000,*21
$GPNVS,6,0,A,1,0x00000,0x03,,0x00,00,,0x00000,,*05
$GPNVS,7,155549,031026,A,71,0x00,-27,-4,-1,581540,+4.27,-4.11*48
$GPNVS,9,+10000000.004,+2.77300,+9999999.949,15,+0.019,+0.37,,+38.06,50.0,50.9,*60
$GPNVS,10,1,0,0,-20,-20,2,100,0.5,1,11,30,1,-1,1.0,20,+6,1,2,8000,,,,*60
$GPNVS,15,0,0,0000,2400,2400.00,00000000,0.00,0.00,0.00,0.00,+9999,999*48
$GPNVS,1,155550,031026,A,N,63,N,0x00000,0x03,0x00,1,N*2A
$GPNVS,2,155550,031026,0.00,0.00,0.00,0.00,0.00,0.00,0.00,0.00,*69
$GPNVS,3,155550,031026,0.00,0.00,0.00,0.00,,0.00,0,0,1,+38.06,*4F
$GPNVS,4,155550,031026,0.00,0.00,,,,,,,*6F
$GPNVS,5,155550,031026,5C9,0,0,+38.06,00000,00000,*29
$GPNVS,6,0,A,1,0x00000,0x03,,0x00,00,,0x00000,,*05
$GPNVS,7,155550,031026,A,71,0x00,-27,-4,-2,581538,+4.28,-4.11*43
$GPNVS,9,+10000000.004,+2.77299,+10000000.00,15,+0.019,+0.37,,+38.06,50.0,50.9,*6D
$GPNVS,10,1,0,0,-20,-20,2,100,0.5,1,11,30,1,-2,1.0,20,+6,1,2,8000,,,,*63
$GPNVS,15,0,0,0000,2400,2400.00,00000000,0.00,0.00,0.00,0.00,+9999,999*48
$GPNVS,99,,,*5C
$GPNVS,1,155551,031026,A,N,63,N,0x00000,0x03,0x00,1,N*2B
$GPNVS,2,155551,031026,0.00,0.00,0.00,0.00,0.00,0.00,0.00,0.00,*68
$GPNVS,3,155551,031026,0.00,0.00,0.00,0.00,,0.00,0,0,1,+38.06,*4E
$GPNVS,4,155551,031026,0.00,0.00,,,,,,,*6E
$GPNVS,5,155551,031026,5C9,0,0,+38.06,00000,00000,*28
$GPNVS,6,0,A,1,0x00000,0x03,,0x00,00,,0x00000,,*05
$GPNVS,7,155551,031026,A,71,0x00,-27,-3,-1,581537,+4.28,-4.11*49
$GPNVS,9,+10000000.004,+2.77298,+9999999.949,15,+0.019,+0.37,,+38.06,50.0,50.9,*60
$GPNVS,10,1,0,0,-15,-15,2,100,0.5,1,11,30,1,-2,1.0,20,+6,1,2,8000,,,,*63
$GPNVS,15,0,0,0000,2400,2400.00,00000000,0.00,0.00,0.00,0.00,+9999,999*48
$GPNVS,1,155552,031026,A,N,63,N,0x00000,0x03,0x00,1,N*28
$GPNVS,2,155552,031026,0.00,0.00,0.00,0.00,0.00,0.00,0.00,0.00,*6B
$GPNVS,3,155552,031026,0.00,0.00,0.00,0.00,,0.00,0,0,1,+38.06,*4D
$GPNVS,4,155552,031026,0.00,0.00,,,,,,,*6D
$GPNVS,5,155552,031026,5C9,0,0,+38.06,00000,00000,*2B
$GPNVS,6,0,A,1,0x00000,0x03,,0x00,00,,0x00000,,*05
$GPNVS,7,155552,031026,A,71,0x00,-27,-2,-2,581535,+4.28,-4.11*4A
$GPNVS,9,+10000000.003,+2.77297,+9999999.949,15,+0.019,+0.37,,+38.06,50.0,50.9,*68
$GPNVS,10,1,0,0,-10,-10,2,100,0.5,1,11,30,1,-2,1.0,20,-14,1,2,8000,,,,*56
$GPNVS,15,0,0,0000,2400,2400.00,00000000,0.00,0.00,0.00,0.00,-9999,999*4E
$GPNVS,1,155553,031026,A,N,63,N,0x00000,0x03,0x00,1,N*29
$GPNVS,2,155553,031026,0.00,0.00,0.00,0.00,0.00,0.00,0.00,0.00,*6A
$GPNVS,3,155553,031026,0.00,0.00,0.00,0.00,,0.00,0,0,1,+37.74,*46
$GPNVS,4,155553,031026,0.00,0.00,,,,,,,*6C
$GPNVS,5,155553,031026,5C9,0,0,+37.74,00000,00000,*20
$GPNVS,6,0,A,1,0x00000,0x03,,0x00,00,,0x00000,,*05
$GPNVS,7,155553,031026,A,71,0x00,-27,-1,-1,581534,+4.27,-4.11*45
$GPNVS,9,+10000000.003,+2.77297,+9999999.949,15,+0.019,+0.37,,+37.74,50.0,50.9,*62
$GPNVS,10,1,0,0,-5,-5,2,100,0.5,1,11,30,1,-2,1.0,20,-14,1,2,8000,,,,*56
$GPNVS,15,0,0,0000,2400,2400.00,00000000,0.00,0.00,0.00,0.00,-9999,999*4E
$GPNVS,1,155554,031026,A,N,63,N,0x00000,0x03,0x00,1,N*2E
$GPNVS,2,155554,031026,0.00,0.00,0.00,0.00,0.00,0.00,0.00,0.00,*6D
$GPNVS,3,155554,031026,0.00,0.00,0.00,0.00,,0.00,0,0,1,+38.06,*4B
$GPNVS,4,155554,031026,0.00,0.00,,,,,,,*6B
$GPNVS,5,155554,031026,5C9,0,0,+38.06,00000,00000,*2D
$GPNVS,6,0,A,1,0x00000,0x03,,0x00,00,,0x00000,,*05
$GPNVS,7,155554,031026,A,71,0x00,-27,-1,-1,581533,+4.27,-4.11*45
$GPNVS,9,+10000000.003,+2.77296,+10000000.00,15,+0.019,+0.37,,+38.06,50.0,50.3,*6F
$GPNVS,10,1,0,0,-5,-5,2,100,0.5,1,11,30,1,-1,1.0,20,-14,1,2,8000,,,,*55
$GPNVS,15,0,0,0000,2400,2400.00,00000000,0.00,0.00,0.00,0.00,-9999,999*4E
$GPNVS,1,155555,031026,A,N,63,N,0x00000,0x03,0x00,1,N*2F
$GPNVS,2,155555,031026,0.00,0.00,0.00,0.00,0.00,0.00,0.00,0.00,*6C
$GPNVS,3,155555,031026,0.00,0.00,0.00,0.00,,0.00,0,0,1,+38.06,*4A
$GPNVS,4,155555,031026,0.00,0.00,,,,,,,*6A
$GPNVS,5,155555,031026,5C9,0,0,+38.06,00000,00000,*2C
$GPNVS,6,0,A,1,0x00000,0x03,,0x00,00,,0x00000,,*05
$GPNVS,7,155555,031026,A,71,0x00,-27,-2,-1,581532,+4.28,-4.11*49
$GPNVS,9,+10000000.003,+2.77296,+10000000.05,15,+0.019,+0.37,,+38.06,50.0,51.9,*61
$GPNVS,10,1,0,0,-10,-5,2,100,0.5,1,11,30,1,+0,1.0,20,-14,1,2,8000,,,,*66
$GPNVS,15,0,0,0000,2400,2400.00,00000000,0.00,0.00,0.00,0.00,-9999,999*4E
$GPNVS,1,155556,031026,A,N,63,N,0x00000,0x03,0x00,1,N*2C
$GPNVS,2,155556,031026,0.00,0.00,0.00,0.00,0.00,0.00,0.00,0.00,*6F
$GPNVS,3,155556,031026,0.00,0.00,0.00,0.00,,0.00,0,0,1,+38.06,*49
$GPNVS,4,155556,031026,0.00,0.00,,,,,,,*69
$GPNVS,5,155556,031026,5C9,0,0,+38.06,00000,00000,*2F
$GPNVS,6,0,A,1,0x00000,0x03,,0x00,00,,0x00000,,*05
$GPNVS,7,155556,031026,A,71,0x00,-27,-2,0,581532,+4.28,-4.11*66
$GPNVS,9,+10000000.004,+2.77296,+10000000.00,15,+0.019,+0.37,,+38.06,50.0,50.3,*68
$GPNVS,10,1,0,0,-10,-10,2,100,0.5,1,11,30,1,+0,1.0,20,-14,1,2,8000,,,,*52
$GPNVS,15,0,0,0000,2400,2400.00,00000000,0.00,0.00,0.00,0.00,-9999,999*4E
$GPNVS,1,155557,031026,A,N,63,N,0x00000,0x03,0x00,1,N*2D
$GPNVS,2,155557,031026,0.00,0.00,0.00,0.00,0.00,0.00,0.00,0.00,*6E
$GPNVS,3,155557,031026,0.00,0.00,0.00,0.00,,0.00,0,0,1,+38.06,*48
$GPNVS,4,155557,031026,0.00,0.00,,,,,,,*68
$GPNVS,5,155557,031026,5C9,0,0,+38.06,00000,00000,*2E
$GPNVS,6,0,A,1,0x00000,0x03,,0x00,00,,0x00000,,*05
$GPNVS,7,155557,031026,A,71,0x00,-27,-2,-1,581531,+4.27,-4.11*47
$GPNVS,9,+10000000.004,+2.77295,+10000000.00,15,+0.019,+0.37,,+38.06,50.0,50.3,*6B
$GPNVS,10,1,0,0,-10,-10,2,100,0.5,1,11,30,1,+0,1.0,20,-14,1,2,8000,,,,*52
$GPNVS,15,0,0,0000,2400,2400.00,00000000,0.00,0.00,0.00,0.00,-9999,999*4E
$GPNVS,1,155558,031026,A,N,63,N,0x00000,0x03,0x00,1,N*22
$GPNVS,2,155558,031026,0.00,0.00,0.00,0.00,0.00,0.00,0.00,0.00,*61
$GPNVS,3,155558,031026,0.00,0.00,0.00,0.00,,0.00,0,0,1,+38.06,*47
$GPNVS,4,155558,031026,0.00,0.00,,,,,,,*67
$GPNVS,5,155558,031026,5C9,0,0,+38.06,00000,00000,*21
$GPNVS,6,0,A,1,0x00000,0x03,,0x00,00,,0x00000,,*05
$GPNVS,7,155558,031026,A,71,0x00,3,-2,-1,581530,+4.27,-4.11*52
$GPNVS,9,+10000000.003,+2.77295,+10000000.00,15,+0.019,+0.37,,+38.06,50.0,50.6,*69
$GPNVS,10,1,0,0,-10,-10,2,100,0.5,1,11,30,1,+1,1.0,20,-14,1,2,8000,,,,*53
$GPNVS,15,0,0,0000,2400,2400.00,00000000,0.00,0.00,0.00,0.00,-9999,999*4E
$GPNVS,1,155559,031026,A,N,63,N,0x00000,0x03,0x00,1,N*23
$GPNVS,2,155559,031026,0.00,0.00,0.00,0.00,0.00,0.00,0.00,0.00,*60
$GPNVS,3,155559,031026,0.00,0.00,0.00,0.00,,0.00,0,0,1,+38.06,*46
$GPNVS,4,155559,031026,0.00,0.00,,,,,,,*66
$GPNVS,5,155559,031026,5C9,0,0,+38.06,00000,00000,*20
$GPNVS,6,0,A,1,0x00000,0x03,,0x00,00,,0x00000,,*05
$GPNVS,7,155559,031026,A,71,0x00,3,-2,0,581530,+4.28,-4.11*70
$GPNVS,9,+10000000.003,+2.77295,+10000000.00,15,+0.019,+0.37,,+38.06,50.0,51.6,*68
$GPNVS,10,1,0,0,-10,-10,2,100,0.5,1,11,30,1,+1,1.0,20,-14,1,2,8000,,,,*53
$GPNVS,15,0,0,0000,2400,2400.00,00000000,0.00,0.00,0.00,0.00,-9999,999*4E
$GPNVS,1,155600,031026,A,N,63,N,0x00000,0x03,0x00,1,N*2C
$GPNVS,2,155600,031026,0.00,0.00,0.00,0.00,0.00,0.00,0.00,0.00,*6F
$GPNVS,3,155600,031026,0.00,0.00,0.00,0.00,,0.00,0,0,1,+38.06,*49
$GPNVS,4,155600,031026,0.00,0.00,,,,,,,*69
$GPNVS,5,155600,031026,5C9,0,0,+38.06,00000,00000,*2F
$GPNVS,6,0,A,1,0x00000,0x03,,0x00,00,,0x00000,,*05
$GPNVS,7,155600,031026,A,71,0x00,3,-2,-1,581529,+4.28,-4.11*5B
$GPNVS,9,+10000000.004,+2.77294,+10000000.00,15,+0.019,+0.37,,+38.06,50.0,50.3,*6A
$GPNVS,10,1,0,0,-10,-10,2,100,0.5,1,11,30,1,+1,1.0,20,-14,1,2,8000,,,,*53
$GPNVS,15,0,0,0000,2400,2400.00,00000000,0.00,0.00,0.00,0.00,-9999,999*4E
$GPNVS,1,155601,031026,A,N,63,N,0x00000,0x03,0x00,1,N*2D
$GPNVS,2,155601,031026,0.00,0.00,0.00,0.00,0.00,0.00,0.00,0.00,*6E
$GPNVS,3,155601,031026,0.00,0.00,0.00,0.00,,0.00,0,0,1,+38.06,*48
$GPNVS,4,155601,031026,0.00,0.00,,,,,,,*68
$GPNVS,5,155601,031026,5C9,0,0,+38.06,00000,00000,*2E
$GPNVS,6,0,A,1,0x00000,0x03,,0x00,00,,0x00000,,*05
$GPNVS,7,155601,031026,A,71,0x00,3,-3,0,581529,+4.28,-4.11*77
$GPNVS,9,+10000000.004,+2.77294,+10000000.05,15,+0.019,+0.37,,+38.06,50.0,50.9,*65
$GPNVS,10,1,0,0,-15,-10,2,100,0.5,1,11,30,1,+1,1.0,20,-14,1,2,8000,,,,*56
$GPNVS,15,0,0,0000,2400,2400.00,00000000,0.00,0.00,0.00,0.00,-9999,999*4E
$GPNVS,1,155602,031026,A,N,63,N,0x00000,0x03,0x00,1,N*2E
$GPNVS,2,155602,031026,0.00,0.00,0.00,0.00,0.00,0.00,0.00,0.00,*6D
$GPNVS,3,155602,031026,0.00,0.00,0.00,0.00,,0.00,0,0,1,+38.06,*4B
$GPNVS,4,155602,031026,0.00,0.00,,,,,,,*6B
$GPNVS,5,155602,031026,5C9,0,0,+38.06,00000,00000,*2D
$GPNVS,6,0,A,1,0x00000,0x03,,0x00,00,,0x00000,,*05
$GPNVS,7,155602,031026,A,71,0x00,3,-3,-1,581528,+4.28,-4.11*59
$GPNVS,9,+10000000.004,+2.77294,+10000000.00,15,+0.019,+0.37,,+38.06,50.0,50.0,*69
$GPNVS,10,1,0,0,-15,-15,2,100,0.5,1,11,30,1,+1,1.0,20,-14,1,2,8000,,,,*53
$GPNVS,15,0,0,0000,2400,2400.00,00000000,0.00,0.00,0.00,0.00,-9999,999*4E
$GPNVS,1,155603,031026,A,N,63,N,0x00000,0x03,0x00,1,N*2F
$GPNVS,2,155603,031026,0.00,0.00,0.00,0.00,0.00,0.00,0.00,0.00,*6C
$GPNVS,3,155603,031026,0.00,0.00,0.00,0.00,,0.00,0,0,1,+38.06,*4A
$GPNVS,4,155603,031026,0.00,0.00,,,,,,,*6A
$GPNVS,5,155603,031026,5C9,0,0,+38.06,00000,00000,*2C
$GPNVS,6,0,A,1,0x00000,0x03,,0x00,00,,0x00000,,*05
$GPNVS,7,155603,031026,A,71,0x00,3,-3,-1,581527,+4.28,-4.11*57
$GPNVS,9,+10000000.004,+2.77293,+10000000.00,15,+0.019,+0.37,,+38.06,50.0,50.3,*6D
$GPNVS,10,1,0,0,-15,-15,2,100,0.5,1,11,30,1,+2,1.0,20,+2,1,2,8000,,,,*61
$GPNVS,15,0,0,0000,2400,2400.00,00000000,0.00,0.00,0.00,0.00,+9999,999*48
$GPNVS,1,155604,031026,A,N,63,N,0x00000,0x03,0x00,1,N*28
$GPNVS,2,155604,031026,0.00,0.00,0.00,0.00,0.00,0.00,0.00,0.00,*6B
$GPNVS,3,155604,031026,0.00,0.00,0.00,0.00,,0.00,0,0,1,+38.06,*4D
$GPNVS,4,155604,031026,0.00,0.00,,,,,,,*6D
$GPNVS,5,155604,031026,5C9,0,0,+38.06,00000,00000,*2B
$GPNVS,6,0,A,1,0x00000,0x03,,0x00,00,,0x00000,,*05
$GPNVS,7,155604,031026,A,71,0x00,3,-3,0,581527,+4.28,-4.11*7C
$GPNVS,9,+10000000.004,+2.77293,+10000000.00,15,+0.019,+0.37,,+38.06,50.0,50.6,*68
$GPNVS,10,1,0,0,-15,-15,2,100,0.5,1,11,30,1,+1,1.0,20,+2,1,2,8000,,,,*62
$GPNVS,15,0,0,0000,2400,2400.00,00000000,0.00,0.00,0.00,0.00,+9999,999*48
$GPNVS,1,155605,031026,A,N,63,N,0x00000,0x03,0x00,1,N*29
$GPNVS,2,155605,031026,0.00,0.00,0.00,0.00,0.00,0.00,0.00,0.00,*6A
$GPNVS,3,155605,031026,0.00,0.00,0.00,0.00,,0.00,0,0,1,+37.74,*46
$GPNVS,4,155605,031026,0.00,0.00,,,,,,,*6C
$GPNVS,5,155605,031026,5C9,0,0,+37.74,00000,00000,*20
$GPNVS,6,0,A,1,0x00000,0x03,,0x00,00,,0x00000,,*05
$GPNVS,7,155605,031026,A,71,0x00,3,-3,-1,581526,+4.28,-4.11*50
$GPNVS,9,+10000000.004,+2.77293,+10000000.00,15,+0.019,+0.37,,+37.74,50.0,50.0,*64
$GPNVS,10,1,0,0,-15,-15,2,100,0.5,1,11,30,1,+1,1.0,20,+2,1,2,8000,,,,*62
$GPNVS,15,0,0,0000,2400,2400.00,00000000,0.00,0.00,0.00,0.00,+9999,999*48
$GPNVS,99,,,*5C
$GPNVS,1,155606,031026,A,N,63,N,0x00000,0x03,0x00,1,N*2A
$GPNVS,2,155606,031026,0.00,0.00,0.00,0.00,0.00,0.00,0.00,0.00,*69
$GPNVS,3,155606,031026,0.00,0.00,0.00,0.00,,0.00,0,0,1,+38.06,*4F
$GPNVS,4,155606,031026,0.00,0.00,,,,,,,*6F
$GPNVS,5,155606,031026,5C9,0,0,+38.06,00000,00000,*29
$GPNVS,6,0,A,1,0x00000,0x03,,0x00,00,,0x00000,,*05
$GPNVS,7,155606,031026,A,71,0x00,3,-5,-1,581525,+4.28,-4.11*56
$GPNVS,9,+10000000.006,+2.77292,+10000000.09,15,+0.019,+0.37,,+38.06,50.0,50.9,*6D
$GPNVS,10,1,0,0,-25,-20,2,100,0.5,1,11,30,1,+1,1.0,20,+2,1,2,8000,,,,*67
$GPNVS,15,0,0,0000,2400,2400.00,00000000,0.00,0.00,0.00,0.00,+9999,999*48
$GPNVS,1,155607,031026,A,N,63,N,0x00000,0x03,0x00,1,N*2B
$GPNVS,2,155607,031026,0.00,0.00,0.00,0.00,0.00,0.00,0.00,0.00,*68
$GPNVS,3,155607,031026,0.00,0.00,0.00,0.00,,0.00,0,0,1,+38.06,*4E
$GPNVS,4,155607,031026,0.00,0.00,,,,,,,*6E
$GPNVS,5,155607,031026,5C9,0,0,+38.06,00000,00000,*28
$GPNVS,6,0,A,1,0x00000,0x03,,0x00,00,,0x00000,,*05
$GPNVS,7,155607,031026,A,71,0x00,3,-5,-1,581524,+4.27,-4.11*59
$GPNVS,9,+10000000.004,+2.77292,+10000000.00,15,+0.019,+0.37,,+38.06,50.0,50.6,*69
$GPNVS,10,1,0,0,-25,-25,2,100,0.5,1,11,30,1,+0,1.0,20,+2,1,2,8000,,,,*63
$GPNVS,15,0,0,0000,2400,2400.00,00000000,0.00,0.00,0.00,0.00,+9999,999*48
$GPNVS,1,155608,031026,A,N,63,N,0x00000,0x03,0x00,1,N*24
$GPNVS,2,155608,031026,0.00,0.00,0.00,0.00,0.00,0.00,0.00,0.00,*67
$GPNVS,3,155608,031026,0.00,0.00,0.00,0.00,,0.00,0,0,1,+38.06,*41
$GPNVS,4,155608,031026,0.00,0.00,,,,,,,*61
$GPNVS,5,155608,031026,5C9,0,0,+38.06,00000,00000,*27
$GPNVS,6,0,A,1,0x00000,0x03,,0x00,00,,0x00000,,*05
$GPNVS,7,155608,031026,A,71,0x00,3,-5,-1,581523,+4.27,-4.11*51
$GPNVS,9,+10000000.004,+2.77292,+10000000.00,15,+0.019,+0.37,,+38.06,50.0,50.3,*6C
$GPNVS,10,1,0,0,-25,-25,2,100,0.5,1,11,30,1,-1,1.0,20,+2,1,2,8000,,,,*64
$GPNVS,15,0,0,0000,2400,2400.00,00000000,0.00,0.00,0.00,0.00,+9999,999*48
$GPNVS,1,155609,031026,A,N,63,N,0x00000,0x03,0x00,1,N*25
$GPNVS,2,155609,031026,0.00,0.00,0.00,0.00,0.00,0.00,0.00,0.00,*66
$GPNVS,3,155609,031026,0.00,0.00,0.00,0.00,,0.00,0,0,1,+38.06,*40
$GPNVS,4,155609,031026,0.00,0.00,,,,,,,*60
$GPNVS,5,155609,031026,5C9,0,0,+38.06,00000,00000,*26
$GPNVS,6,0,A,1,0x00000,0x03,,0x00,00,,0x00000,,*05
$GPNVS,7,155609,031026,A,71,0x00,3,-5,-1,581522,+4.28,-4.11*5E
$GPNVS,9,+10000000.006,+2.77291,+10000000.00,15,+0.019,+0.37,,+38.06,50.0,50.6,*68
$GPNVS,10,1,0,0,-25,-25,2,100,0.5,1,11,30,1,-3,1.0,20,+2,1,2,8000,,,,*66
$GPNVS,15,0,0,0000,2400,2400.00,00000000,0.00,0.00,0.00,0.00,+9999,999*48
$GPNVS,1,155610,031026,A,N,63,N,0x00000,0x03,0x00,1,N*2D
$GPNVS,2,155610,031026,0.00,0.00,0.00,0.00,0.00,0.00,0.00,0.00,*6E
$GPNVS,3,155610,031026,0.00,0.00,0.00,0.00,,0.00,0,0,1,+38.06,*48
$GPNVS,4,155610,031026,0.00,0.00,,,,,,,*68
$GPNVS,5,155610,031026,5C9,0,0,+38.06,00000,00000,*2E
$GPNVS,6,0,A,1,0x00000,0x03,,0x00,00,,0x00000,,*05
$GPNVS,7,155610,031026,A,71,0x00,3,-5,-1,581521,+4.28,-4.11*55
$GPNVS,9,+10000000.006,+2.77291,+10000000.00,15,+0.019,+0.37,,+38.06,50.0,50.9,*67
$GPNVS,10,1,0,0,-25,-25,2,100,0.5,1,11,30,1,-3,1.0,20,+2,1,2,8000,,,,*66
$GPNVS,15,0,0,0000,2400,2400.00,00000000,0.00,0.00,0.00,0.00,+9999,999*48
$GPNVS,1,155611,031026,A,N,63,N,0x00000,0x03,0x00,1,N*2C
$GPNVS,2,155611,031026,0.00,0.00,0.00,0.00,0.00,0.00,0.00,0.00,*6F
$GPNVS,3,155611,031026,0.00,0.00,0.00,0.00,,0.00,0,0,1,+38.06,*49
$GPNVS,4,155611,031026,0.00,0.00,,,,,,,*69
$GPNVS,5,155611,031026,5C9,0,0,+38.06,00000,00000,*2F
$GPNVS,6,0,A,1,0x00000,0x03,,0x00,00,,0x00000,,*05
$GPNVS,7,155611,031026,A,71,0x00,3,-6,-2,581519,+4.28,-4.11*5F
$GPNVS,9,+10000000.006,+2.77290,+10000000.05,15,+0.019,+0.37,,+38.06,50.0,50.9,*63
$GPNVS,10,1,0,0,-30,-25,2,100,0.5,1,11,30,1,-3,1.0,20,+2,1,2,8000,,,,*62
$GPNVS,15,0,0,0000,2400,2400.00,00000000,0.00,0.00,0.00,0.00,+9999,999*48
$GPNVS,1,155612,031026,A,N,63,N,0x00000,0x03,0x00,1,N*2F
$GPNVS,2,155612,031026,0.00,0.00,0.00,0.00,0.00,0.00,0.00,0.00,*6C
$GPNVS,3,155612,031026,0.00,0.00,0.00,0.00,,0.00,0,0,1,+38.06,*4A
$GPNVS,4,155612,031026,0.00,0.00,,,,,,,*6A
$GPNVS,5,155612,031026,5C9,0,0,+38.06,00000,00000,*2C
$GPNVS,6,0,A,1,0x00000,0x03,,0x00,00,,0x00000,,*05
$GPNVS,7,155612,031026,A,71,0x00,3,-6,-1,581518,+4.28,-4.11*5E
$GPNVS,9,+10000000.006,+2.77289,+10000000.00,15,+0.019,+0.37,,+38.06,50.0,50.9,*6E
$GPNVS,10,1,0,0,-30,-30,2,100,0.5,1,11,30,1,-3,1.0,20,+2,1,2,8000,,,,*66
$GPNVS,15,0,0,0000,2400,2400.00,00000000,0.00,0.00,0.00,0.00,+9999,999*48
$GPNVS,1,155613,031026,A,N,63,N,0x00000,0x03,0x00,1,N*2E
$GPNVS,2,155613,031026,0.00,0.00,0.00,0.00,0.00,0.00,0.00,0.00,*6D
$GPNVS,3,155613,031026,0.00,0.00,0.00,0.00,,0.00,0,0,1,+38.06,*4B
$GPNVS,4,155613,031026,0.00,0.00,,,,,,,*6B
$GPNVS,5,155613,031026,5C9,0,0,+38.06,00000,00000,*2D
$GPNVS,6,0,A,1,0x00000,0x03,,0x00,00,,0x00000,,*05
$GPNVS,7,155613,031026,A,71,0x00,-48,-6,-1,581517,+4.28,-4.11*42
$GPNVS,9,+10000000.006,+2.77289,+10000000.00,15,+0.019,+0.37,,+38.06,50.0,51.2,*64
$GPNVS,10,1,0,0,-30,-30,2,100,0.5,1,12,30,1,-3,1.0,20,-18,1,2,8000,,,,*58
$GPNVS,15,0,0,0000,2400,2400.00,00000000,0.00,0.00,0.00,0.00,-9999,999*4E
$GPNVS,1,155614,031026,A,N,63,N,0x00000,0x03,0x00,1,N*29
$GPNVS,2,155614,031026,0.00,0.00,0.00,0.00,0.00,0.00,0.00,0.00,*6A
$GPNVS,3,155614,031026,0.00,0.00,0.00,0.00,,0.00,0,0,1,+38.06,*4C
$GPNVS,4,155614,031026,0.00,0.00,,,,,,,*6C
$GPNVS,5,155614,031026,5C9,0,0,+38.06,00000,00000,*2A
$GPNVS,6,0,A,1,0x00000,0x03,,0x00,00,,0x00000,,*05
$GPNVS,7,155614,031026,A,71,0x00,-48,-6,-1,581516,+4.28,-4.11*44
$GPNVS,9,+10000000.004,+2.77288,+10000000.00,15,+0.019,+0.37,,+38.06,50.0,50.6,*62
$GPNVS,10,1,0,0,-30,-30,2,100,0.5,1,12,30,1,-4,1.0,20,-18,1,2,8000,,,,*5F
$GPNVS,15,0,0,0000,2400,2400.00,00000000,0.00,0.00,0.00,0.00,-9999,999*4E
$GPNVS,1,155615,031026,A,N,63,N,0x00000,0x03,0x00,1,N*28
$GPNVS,2,155615,031026,0.00,0.00,0.00,0.00,0.00,0.00,0.00,0.00,*6B
$GPNVS,3,155615,031026,0.00,0.00,0.00,0.00,,0.00,0,0,1,+37.74,*47
$GPNVS,4,155615,031026,0.00,0.00,,,,,,,*6D
$GPNVS,5,155615,031026,5C9,0,0,+37.74,00000,00000,*21
$GPNVS,6,0,A,1,0x00000,0x03,,0x00,00,,0x00000,,*05
$GPNVS,7,155615,031026,A,71,0x00,-48,-6,-2,581514,+4.28,-4.11*44
$GPNVS,9,+10000000.004,+2.77287,+10000000.00,15,+0.019,+0.37,,+37.74,50.0,50.6,*67
$GPNVS,10,1,0,0,-30,-30,2,100,0.5,1,12,30,1,-4,1.0,20,-18,1,2,8000,,,,*5F
$GPNVS,15,0,0,0000,2400,2400.00,00000000,0.00,0.00,0.00,0.00,-9999,999*4E
$GPNVS,1,155616,031026,A,N,63,N,0x00000,0x03,0x00,1,N*2B
$GPNVS,2,155616,031026,0.00,0.00,0.00,0.00,0.00,0.00,0.00,0.00,*68
$GPNVS,3,155616,031026,0.00,0.00,0.00,0.00,,0.00,0,0,1,+38.06,*4E
$GPNVS,4,155616,031026,0.00,0.00,,,,,,,*6E
$GPNVS,5,155616,031026,5C9,0,0,+38.06,00000,00000,*28
$GPNVS,6,0,A,1,0x00000,0x03,,0x00,00,,0x00000,,*05
$GPNVS,7,155616,031026,A,71,0x00,-48,-6,-1,581513,+4.28,-4.11*43
$GPNVS,9,+10000000.006,+2.77287,+10000000.00,15,+0.019,+0.37,,+38.06,50.0,49.6,*67
$GPNVS,10,1,0,0,-30,-30,2,100,0.5,1,12,30,1,-4,1.0,20,-18,1,2,8000,,,,*5F
$GPNVS,15,0,0,0000,2400,2400.00,00000000,0.00,0.00,0.00,0.00,-9999,999*4E
$GPNVS,1,155617,031026,A,N,63,N,0x00000,0x03,0x00,1,N*2A
$GPNVS,2,155617,031026,0.00,0.00,0.00,0.00,0.00,0.00,0.00,0.00,*69
$GPNVS,3,155617,031026,0.00,0.00,0.00,0.00,,0.00,0,0,1,+38.06,*4F
$GPNVS,4,155617,031026,0.00,0.00,,,,,,,*6F
$GPNVS,5,155617,031026,5C9,0,0,+38.06,00000,00000,*29
$GPNVS,6,0,A,1,0x00000,0x03,,0x00,00,,0x00000,,*05
$GPNVS,7,155617,031026,A,71,0x00,-48,-6,-1,581512,+4.27,-4.11*4C
$GPNVS,9,+10000000.006,+2.77286,+10000000.00,15,+0.019,+0.37,,+38.06,50.0,50.6,*6E
$GPNVS,10,1,0,0,-30,-30,2,100,0.5,1,12,30,1,-3,1.0,20,-18,1,2,8000,,,,*58
$GPNVS,15,0,0,0000,2400,2400.00,00000000,0.00,0.00,0.00,0.00,-9999,999*4E
$GPNVS,1,155618,031026,A,N,63,N,0x00000,0x03,0x00,1,N*25
$GPNVS,2,155618,031026,0.00,0.00,0.00,0.00,0.00,0.00,0.00,0.00,*66
$GPNVS,3,155618,031026,0.00,0.00,0.00,0.00,,0.00,0,0,1,+38.06,*40
$GPNVS,4,155618,031026,0.00,0.00,,,,,,,*60
$GPNVS,5,155618,031026,5C9,0,0,+38.06,00000,00000,*26
$GPNVS,6,0,A,1,0x00000,0x03,,0x00,00,,0x00000,,*05
$GPNVS,7,155618,031026,A,71,0x00,-48,-7,-2,581510,+4.28,-4.11*4C
$GPNVS,9,+10000000.006,+2.77285,+10000000.05,15,+0.019,+0.37,,+38.06,50.0,50.0,*6E
$GPNVS,10,1,0,0,-35,-30,2,100,0.5,1,12,30,1,-3,1.0,20,-18,1,2,8000,,,,*5D
$GPNVS,15,0,0,0000,2400,2400.00,00000000,0.00,0.00,0.00,0.00,-9999,999*4E
$GPNVS,1,155619,031026,A,N,63,N,0x00000,0x03,0x00,1,N*24
$GPNVS,2,155619,031026,0.00,0.00,0.00,0.00,0.00,0.00,0.00,0.00,*67
$GPNVS,3,155619,031026,0.00,0.00,0.00,0.00,,0.00,0,0,1,+37.74,*4B
$GPNVS,4,155619,031026,0.00,0.00,,,,,,,*61
$GPNVS,5,155619,031026,5C9,0,0,+37.74,00000,00000,*2D
$GPNVS,6,0,A,1,0x00000,0x03,,0x00,00,,0x00000,,*05
$GPNVS,7,155619,031026,A,71,0x00,-48,-7,-1,581509,+4.28,-4.11*46
$GPNVS,9,+10000000.006,+2.77285,+10000000.00,15,+0.019,+0.37,,+37.74,50.0,50.3,*62
$GPNVS,10,1,0,0,-35,-35,2,100,0.5,1,12,30,1,-3,1.0,20,-18,1,2,8000,,,,*58
$GPNVS,15,0,0,0000,2400,2400.00,00000000,0.00,0.00,0.00,0.00,-9999,999*4E
$GPNVS,1,155620,031026,A,N,63,N,0x00000,0x03,0x00,1,N*2E
$GPNVS,2,155620,031026,0.00,0.00,0.00,0.00,0.00,0.00,0.00,0.00,*6D
$GPNVS,3,155620,031026,0.00,0.00,0.00,0.00,,0.00,0,0,1,+38.06,*4B
$GPNVS,4,155620,031026,0.00,0.00,,,,,,,*6B
$GPNVS,5,155620,031026,5C9,0,0,+38.06,00000,00000,*2D
$GPNVS,6,0,A,1,0x00000,0x03,,0x00,00,,0x00000,,*05
$GPNVS,7,155620,031026,A,71,0x00,-48,-7,-2,581507,+4.28,-4.11*41
$GPNVS,9,+10000000.006,+2.77284,+10000000.00,15,+0.019,+0.37,,+38.06,50.0,49.6,*64
$GPNVS,10,1,0,0,-35,-35,2,100,0.5,1,12,30,1,-3,1.0,20,-18,1,2,8000,,,,*58
$GPNVS,15,0,0,0000,2400,2400.00,00000000,0.00,0.00,0.00,0.00,-9999,999*4E
$GPNVS,99,,,*5C
$GPNVS,1,155621,031026,A,N,63,N,0x00000,0x03,0x00,1,N*2F
$GPNVS,2,155621,031026,0.00,0.00,0.00,0.00,0.00,0.00,0.00,0.00,*6C
$GPNVS,3,155621,031026,0.00,0.00,0.00,0.00,,0.00,0,0,1,+38.06,*4A
$GPNVS,4,155621,031026,0.00,0.00,,,,,,,*6A
$GPNVS,5,155621,031026,5C9,0,0,+38.06,00000,00000,*2C
$GPNVS,6,0,A,1,0x00000,0x03,,0x00,00,,0x00000,,*05
$GPNVS,7,155621,031026,A,71,0x00,-48,-7,-1,581506,+4.27,-4.11*4D
$GPNVS,9,+10000000.006,+2.77283,+10000000.00,15,+0.019,+0.37,,+38.06,50.0,50.9,*64
$GPNVS,10,1,0,0,-35,-35,2,100,0.5,1,12,30,1,-4,1.0,20,-18,1,2,8000,,,,*5F
$GPNVS,15,0,0,0000,2400,2400.00,00000000,0.00,0.00,0.00,0.00,-9999,999*4E
$GPNVS,1,155622,031026,A,N,63,N,0x00000,0x03,0x00,1,N*2C
$GPNVS,2,155622,031026,0.00,0.00,0.00,0.00,0.00,0.00,0.00,0.00,*6F
$GPNVS,3,155622,031026,0.00,0.00,0.00,0.00,,0.00,0,0,1,+37.74,*43
$GPNVS,4,155622,031026,0.00,0.00,,,,,,,*69
$GPNVS,5,155622,031026,5C9,0,0,+37.74,00000,00000,*25
$GPNVS,6,0,A,1,0x00000,0x03,,0x00,00,,0x00000,,*05
$GPNVS,7,155622,031026,A,71,0x00,-48,-8,-2,581504,+4.28,-4.11*4F
$GPNVS,9,+10000000.006,+2.77282,+10000000.05,15,+0.019,+0.37,,+37.74,50.0,49.3,*68
$GPNVS,10,1,0,0,-40,-35,2,100,0.5,1,12,30,1,-2,1.0,20,-18,1,2,8000,,,,*5B
$GPNVS,15,0,0,0000,2400,2400.00,00000000,0.00,0.00,0.00,0.00,-9999,999*4E
$GPNVS,1,155623,031026,A,N,63,N,0x00000,0x03,0x00,1,N*2D
$GPNVS,2,155623,031026,0.00,0.00,0.00,0.00,0.00,0.00,0.00,0.00,*6E
$GPNVS,3,155623,031026,0.00,0.00,0.00,0.00,,0.00,0,0,1,+38.06,*48
$GPNVS,4,155623,031026,0.00,0.00,,,,,,,*68
$GPNVS,5,155623,031026,5C9,0,0,+38.06,00000,00000,*2E
$GPNVS,6,0,A,1,0x00000,0x03,,0x00,00,,0x00000,,*05
$GPNVS,7,155623,031026,A,71,0x00,-48,-8,-1,581503,+4.28,-4.11*4A
$GPNVS,9,+10000000.006,+2.77282,+10000000.00,15,+0.019,+0.37,,+38.06,50.0,50.3,*6F
$GPNVS,10,1,0,0,-40,-40,2,100,0.5,1,12,30,1,-2,1.0,20,-18,1,2,8000,,,,*59
$GPNVS,15,0,0,0000,2400,2400.00,00000000,0.00,0.00,0.00,0.00,-9999,999*4E
$GPNVS,1,155624,031026,A,N,63,N,0x00000,0x03,0x00,1,N*2A
$GPNVS,2,155624,031026,0.00,0.00,0.00,0.00,0.00,0.00,0.00,0.00,*69
$GPNVS,3,155624,031026,0.00,0.00,0.00,0.00,,0.00,0,0,1,+37.74,*45
$GPNVS,4,155624,031026,0.00,0.00,,,,,,,*6F
$GPNVS,5,155624,031026,5C9,0,0,+37.74,00000,00000,*23
$GPNVS,6,0,A,1,0x00000,0x03,,0x00,00,,0x00000,,*05
$GPNVS,7,155624,031026,A,71,0x00,-48,-8,-2,581501,+4.28,-4.11*4C
$GPNVS,9,+10000000.006,+2.77281,+10000000.00,15,+0.019,+0.37,,+37.74,50.0,49.6,*6B
$GPNVS,10,1,0,0,-40,-40,2,100,0.5,1,12,30,1,-2,1.0,20,+18,1,2,8000,,,,*5F
$GPNVS,15,0,0,0000,2400,2400.00,00000000,0.00,0.00,0.00,0.00,+9999,999*48
$GPNVS,1,155625,031026,A,N,63,N,0x00000,0x03,0x00,1,N*2B
$GPNVS,2,155625,031026,0.00,0.00,0.00,0.00,0.00,0.00,0.00,0.00,*68
$GPNVS,3,155625,031026,0.00,0.00,0.00,0.00,,0.00,0,0,1,+38.06,*4E
$GPNVS,4,155625,031026,0.00,0.00,,,,,,,*6E
$GPNVS,5,155625,031026,5C9,0,0,+38.06,00000,00000,*28
$GPNVS,6,0,A,1,0x00000,0x03,,0x00,00,,0x00000,,*05
$GPNVS,7,155625,031026,A,71,0x00,-48,-7,-1,581500,+4.28,-4.11*40
$GPNVS,9,+10000000.004,+2.77281,+9999999.949,15,+0.019,+0.37,,+38.06,50.0,50.3,*62
$GPNVS,10,1,0,0,-35,-35,2,100,0.5,1,12,30,1,-2,1.0,20,+18,1,2,8000,,,,*5F
$GPNVS,15,0,0,0000,2400,2400.00,00000000,0.00,0.00,0.00,0.00,+9999,999*48
$GPNVS,1,155626,031026,A,N,63,N,0x00000,0x03,0x00,1,N*28
$GPNVS,2,155626,031026,0.00,0.00,0.00,0.00,0.00,0.00,0.00,0.00,*6B
$GPNVS,3,155626,031026,0.00,0.00,0.00,0.00,,0.00,0,0,1,+38.06,*4D
$GPNVS,4,155626,031026,0.00,0.00,,,,,,,*6D
$GPNVS,5,155626,031026,5C9,0,0,+38.06,00000,00000,*2B
$GPNVS,6,0,A,1,0x00000,0x03,,0x00,00,,0x00000,,*05
$GPNVS,7,155626,031026,A,71,0x00,-48,-7,-2,581498,+4.28,-4.11*40
$GPNVS,9,+10000000.004,+2.77280,+10000000.00,15,+0.019,+0.37,,+38.06,50.0,50.3,*6F
$GPNVS,10,1,0,0,-35,-35,2,100,0.5,1,12,30,1,-2,1.0,20,+18,1,2,8000,,,,*5F
$GPNVS,15,0,0,0000,2400,2400.00,00000000,0.00,0.00,0.00,0.00,+9999,999*48
$GPNVS,1,155627,031026,A,N,63,N,0x00000,0x03,0x00,1,N*29
$GPNVS,2,155627,031026,0.00,0.00,0.00,0.00,0.00,0.00,0.00,0.00,*6A
$GPNVS,3,155627,031026,0.00,0.00,0.00,0.00,,0.00,0,0,1,+38.06,*4C
$GPNVS,4,155627,031026,0.00,0.00,,,,,,,*6C
$GPNVS,5,155627,031026,5C9,0,0,+38.06,00000,00000,*2A
$GPNVS,6,0,A,1,0x00000,0x03,,0x00,00,,0x00000,,*05
$GPNVS,7,155627,031026,A,71,0x00,-48,-8,-2,581496,+4.28,-4.11*40
$GPNVS,9,+10000000.004,+2.77279,+10000000.05,15,+0.019,+0.37,,+38.06,50.0,50.3,*6C
$GPNVS,10,1,0,0,-40,-35,2,100,0.5,1,12,30,1,-2,1.0,20,+18,1,2,8000,,,,*5D
$GPNVS,15,0,0,0000,2400,2400.00,00000000,0.00,0.00,0.00,0.00,+9999,999*48
$GPNVS,1,155628,031026,A,N,63,N,0x00000,0x03,0x00,1,N*26
$GPNVS,2,155628,031026,0.00,0.00,0.00,0.00,0.00,0.00,0.00,0.00,*65
$GPNVS,3,155628,031026,0.00,0.00,0.00,0.00,,0.00,0,0,1,+38.06,*43
$GPNVS,4,155628,031026,0.00,0.00,,,,,,,*63
$GPNVS,5,155628,031026,5C9,0,0,+38.06,00000,00000,*25
$GPNVS,6,0,A,1,0x00000,0x03,,0x00,00,,0x00000,,*05
$GPNVS,7,155628,031026,A,71,0x00,-12,-8,-1,581495,+4.28,-4.11*40
$GPNVS,9,+10000000.006,+2.77278,+10000000.00,15,+0.019,+0.37,,+38.06,50.0,50.6,*6F
$GPNVS,10,1,0,0,-40,-40,2,100,0.5,1,12,30,1,-2,1.0,20,+18,1,2,8000,,,,*5F
$GPNVS,15,0,0,0000,2400,2400.00,00000000,0.00,0.00,0.00,0.00,+9999,999*48
$GPNVS,1,155629,031026,A,N,63,N,0x00000,0x03,0x00,1,N*27
$GPNVS,2,155629,031026,0.00,0.00,0.00,0.00,0.00,0.00,0.00,0.00,*64
$GPNVS,3,155629,031026,0.00,0.00,0.00,0.00,,0.00,0,0,1,+38.06,*42
$GPNVS,4,155629,031026,0.00,0.00,,,,,,,*62
$GPNVS,5,155629,031026,5C9,0,0,+38.06,00000,00000,*24
$GPNVS,6,0,A,1,0x00000,0x03,,0x00,00,,0x00000,,*05
$GPNVS,7,155629,031026,A,71,0x00,-12,-8,-2,581493,+4.28,-4.11*44
$GPNVS,9,+10000000.006,+2.77277,+10000000.00,15,+0.019,+0.37,,+38.06,50.0,50.6,*60
$GPNVS,10,1,0,0,-40,-40,2,100,0.5,1,12,30,1,-2,1.0,20,+18,1,2,8000,,,,*5F
$GPNVS,15,0,0,0000,2400,2400.00,00000000,0.00,0.00,0.00,0.00,+9999,999*48
$GPNVS,1,155630,031026,A,N,63,N,0x00000,0x03,0x00,1,N*2F
$GPNVS,2,155630,031026,0.00,0.00,0.00,0.00,0.00,0.00,0.00,0.00,*6C
$GPNVS,3,155630,031026,0.00,0.00,0.00,0.00,,0.00,0,0,1,+38.06,*4A
$GPNVS,4,155630,031026,0.00,0.00,,,,,,,*6A
$GPNVS,5,155630,031026,5C9,0,0,+38.06,00000,00000,*2C
$GPNVS,6,0,A,1,0x00000,0x03,,0x00,00,,0x00000,,*05
$GPNVS,7,155630,031026,A,71,0x00,-12,-8,-2,581491,+4.28,-4.11*4E
$GPNVS,9,+10000000.006,+2.77276,+10000000.00,15,+0.019,+0.37,,+38.06,50.0,50.3,*64
$GPNVS,10,1,0,0,-40,-40,2,100,0.5,1,12,30,1,-2,1.0,20,+18,1,2,8000,,,,*5F
$GPNVS,15,0,0,0000,2400,2400.00,00000000,0.00,0.00,0.00,0.00,+9999,999*48
$GPNVS,1,155631,031026,A,N,63,N,0x00000,0x03,0x00,1,N*2E
$GPNVS,2,155631,031026,0.00,0.00,0.00,0.00,0.00,0.00,0.00,0.00,*6D
$GPNVS,3,155631,031026,0.00,0.00,0.00,0.00,,0.00,0,0,1,+38.06,*4B
$GPNVS,4,155631,031026,0.00,0.00,,,,,,,*6B
$GPNVS,5,155631,031026,5C9,0,0,+38.06,00000,00000,*2D
$GPNVS,6,0,A,1,0x00000,0x03,,0x00,00,,0x00000,,*05
$GPNVS,7,155631,031026,A,71,0x00,-12,-9,-1,581490,+4.28,-4.11*4C
$GPNVS,9,+10000000.006,+2.77276,+10000000.05,15,+0.019,+0.37,,+38.06,50.0,51.2,*61
$GPNVS,10,1,0,0,-45,-40,2,100,0.5,1,12,30,1,-2,1.0,20,+18,1,2,8000,,,,*5A
$GPNVS,15,0,0,0000,2400,2400.00,00000000,0.00,0.00,0.00,0.00,+9999,999*48
$GPNVS,1,155632,031026,A,N,63,N,0x00000,0x03,0x00,1,N*2D
$GPNVS,2,155632,031026,0.00,0.00,0.00,0.00,0.00,0.00,0.00,0.00,*6E
$GPNVS,3,155632,031026,0.00,0.00,0.00,0.00,,0.00,0,0,1,+38.06,*48
$GPNVS,4,155632,031026,0.00,0.00,,,,,,,*68
$GPNVS,5,155632,031026,5C9,0,0,+38.06,00000,00000,*2E
$GPNVS,6,0,A,1,0x00000,0x03,,0x00,00,,0x00000,,*05
$GPNVS,7,155632,031026,A,71,0x00,-12,-9,-2,581488,+4.28,-4.11*45
$GPNVS,9,+10000000.006,+2.77275,+10000000.00,15,+0.019,+0.37,,+38.06,50.0,50.9,*6D
$GPNVS,10,1,0,0,-45,-45,2,100,0.5,1,12,30,1,-2,1.0,20,+18,1,2,8000,,,,*5F
$GPNVS,15,0,0,0000,2400,2400.00,00000000,0.00,0.00,0.00,0.00,+9999,999*48
$GPNVS,1,155633,031026,A,N,63,N,0x00000,0x03,0x00,1,N*2C
$GPNVS,2,155633,031026,0.00,0.00,0.00,0.00,0.00,0.00,0.00,0.00,*6F
$GPNVS,3,155633,031026,0.00,0.00,0.00,0.00,,0.00,0,0,1,+38.06,*49
$GPNVS,4,155633,031026,0.00,0.00,,,,,,,*69
$GPNVS,5,155633,031026,5C9,0,0,+38.06,00000,00000,*2F
$GPNVS,6,0,A,1,0x00000,0x03,,0x00,00,,0x00000,,*05
$GPNVS,7,155633,031026,A,71,0x00,-12,-8,-2,581486,+4.27,-4.11*44
$GPNVS,9,+10000000.004,+2.77274,+9999999.949,15,+0.019,+0.37,,+38.06,50.0,50.6,*6D
$GPNVS,10,1,0,0,-40,-40,2,100,0.5,1,12,30,1,-2,1.0,20,+18,1,2,8000,,,,*5F
$GPNVS,15,0,0,0000,2400,2400.00,00000000,0.00,0.00,0.00,0.00,+9999,999*48
$GPNVS,1,155634,031026,A,N,63,N,0x00000,0x03,0x00,1,N*2B
$GPNVS,2,155634,031026,0.00,0.00,0.00,0.00,0.00,0.00,0.00,0.00,*68
$GPNVS,3,155634,031026,0.00,0.00,0.00,0.00,,0.00,0,0,1,+38.06,*4E
$GPNVS,4,155634,031026,0.00,0.00,,,,,,,*6E
$GPNVS,5,155634,031026,5C9,0,0,+38.06,00000,00000,*28
$GPNVS,6,0,A,1,0x00000,0x03,,0x00,00,,0x00000,,*05
$GPNVS,7,155634,031026,A,71,0x00,-12,-8,-2,581484,+4.27,-4.11*41
$GPNVS,9,+10000000.004,+2.77273,+10000000.00,15,+0.019,+0.37,,+38.06,50.0,50.9,*69
$GPNVS,10,1,0,0,-40,-40,2,100,0.5,1,12,30,1,-1,1.0,20,+18,1,2,8000,,,,*5C
$GPNVS,15,0,0,0000,2400,2400.00,00000000,0.00,0.00,0.00,0.00,+9999,999*48
$GPNVS,1,155635,031026,A,N,63,N,0x00000,0x03,0x00,1,N*2A
$GPNVS,2,155635,031026,0.00,0.00,0.00,0.00,0.00,0.00,0.00,0.00,*69
$GPNVS,3,155635,031026,0.00,0.00,0.00,0.00,,0.00,0,0,1,+38.06,*4F
$GPNVS,4,155635,031026,0.00,0.00,,,,,,,*6F
$GPNVS,5,155635,031026,5C9,0,0,+38.06,00000,00000,*29
$GPNVS,6,0,A,1,0x00000,0x03,,0x00,00,,0x00000,,*05
$GPNVS,7,155635,031026,A,71,0x00,-12,-7,-1,581483,+4.27,-4.11*4B
$GPNVS,9,+10000000.004,+2.77272,+9999999.949,15,+0.019,+0.37,,+38.06,50.0,49.6,*63
$GPNVS,10,1,0,0,-35,-35,2,100,0.5,1,12,30,1,-1,1.0,20,-2,1,2,8000,,,,*61
$GPNVS,15,0,0,0000,2400,2400.00,00000000,0.00,0.00,0.00,0.00,-9999,999*4E
$GPNVS,99,,,*5C
$GPNVS,1,155636,031026,A,N,63,N,0x00000,0x03,0x00,1,N*29
$GPNVS,2,155636,031026,0.00,0.00,0.00,0.00,0.00,0.00,0.00,0.00,*6A
$GPNVS,3,155636,031026,0.00,0.00,0.00,0.00,,0.00,0,0,1,+38.06,*4C
$GPNVS,4,155636,031026,0.00,0.00,,,,,,,*6C
$GPNVS,5,155636,031026,5C9,0,0,+38.06,00000,00000,*2A
$GPNVS,6,0,A,1,0x00000,0x03,,0x00,00,,0x00000,,*05
$GPNVS,7,155636,031026,A,71,0x00,-12,-7,-2,581481,+4.27,-4.11*49
$GPNVS,9,+10000000.004,+2.77272,+10000000.00,15,+0.019,+0.37,,+38.06,50.0,50.6,*67
$GPNVS,10,1,0,0,-35,-35,2,100,0.5,1,12,30,1,-1,1.0,20,-2,1,2,8000,,,,*61
$GPNVS,15,0,0,0000,2400,2400.00,00000000,0.00,0.00,0.00,0.00,-9999,999*4E
$GPNVS,1,155637,031026,A,N,63,N,0x00000,0x03,0x00,1,N*28
$GPNVS,2,155637,031026,0.00,0.00,0.00,0.00,0.00,0.00,0.00,0.00,*6B
$GPNVS,3,155637,031026,0.00,0.00,0.00,0.00,,0.00,0,0,1,+37.74,*47
$GPNVS,4,155637,031026,0.00,0.00,,,,,,,*6D
$GPNVS,5,155637,031026,5C9,0,0,+37.74,00000,00000,*21
$GPNVS,6,0,A,1,0x00000,0x03,,0x00,00,,0x00000,,*05
$GPNVS,7,155637,031026,A,71,0x00,-12,-7,-2,581479,+4.28,-4.11*40
$GPNVS,9,+10000000.002,+2.77271,+10000000.00,15,+0.019,+0.37,,+37.74,50.0,49.6,*60
$GPNVS,10,1,0,0,-35,-35,2,100,0.5,1,12,30,1,-1,1.0,20,-2,1,2,8000,,,,*61
$GPNVS,15,0,0,0000,2400,2400.00,00000000,0.00,0.00,0.00,0.00,-9999,999*4E
$GPNVS,1,155638,031026,A,N,63,N,0x00000,0x03,0x00,1,N*27
$GPNVS,2,155638,031026,0.00,0.00,0.00,0.00,0.00,0.00,0.00,0.00,*64
$GPNVS,3,155638,031026,0.00,0.00,0.00,0.00,,0.00,0,0,1,+38.06,*42
$GPNVS,4,155638,031026,0.00,0.00,,,,,,,*62
$GPNVS,5,155638,031026,5C9,0,0,+38.06,00000,00000,*24
$GPNVS,6,0,A,1,0x00000,0x03,,0x00,00,,0x00000,,*05
$GPNVS,7,155638,031026,A,71,0x00,-12,-7,-1,581478,+4.28,-4.11*4D
$GPNVS,9,+10000000.002,+2.77270,+10000000.00,15,+0.019,+0.37,,+38.06,50.0,50.0,*65
$GPNVS,10,1,0,0,-35,-35,2,100,0.5,1,12,30,1,+0,1.0,20,-2,1,2,8000,,,,*66
$GPNVS,15,0,0,0000,2400,2400.00,00000000,0.00,0.00,0.00,0.00,-9999,999*4E
$GPNVS,1,155639,031026,A,N,63,N,0x00000,0x03,0x00,1,N*26
$GPNVS,2,155639,031026,0.00,0.00,0.00,0.00,0.00,0.00,0.00,0.00,*65
$GPNVS,3,155639,031026,0.00,0.00,0.00,0.00,,0.00,0,0,1,+38.06,*43
$GPNVS,4,155639,031026,0.00,0.00,,,,,,,*63
$GPNVS,5,155639,031026,5C9,0,0,+38.06,00000,00000,*25
$GPNVS,6,0,A,1,0x00000,0x03,,0x00,00,,0x00000,,*05
$GPNVS,7,155639,031026,A,71,0x00,-12,-7,-1,581477,+4.28,-4.11*43
$GPNVS,9,+10000000.003,+2.77270,+10000000.00,15,+0.019,+0.37,,+38.06,50.0,50.6,*62
$GPNVS,10,1,0,0,-35,-35,2,100,0.5,1,12,30,1,+0,1.0,20,-2,1,2,8000,,,,*66
$GPNVS,15,0,0,0000,2400,2400.00,00000000,0.00,0.00,0.00,0.00,-9999,999*4E
$GPNVS,1,155640,031026,A,N,63,N,0x00000,0x03,0x00,1,N*28
$GPNVS,2,155640,031026,0.00,0.00,0.00,0.00,0.00,0.00,0.00,0.00,*6B
$GPNVS,3,155640,031026,0.00,0.00,0.00,0.00,,0.00,0,0,1,+37.74,*47
$GPNVS,4,155640,031026,0.00,0.00,,,,,,,*6D
$GPNVS,5,155640,031026,5C9,0,0,+37.74,00000,00000,*21
$GPNVS,6,0,A,1,0x00000,0x03,,0x00,00,,0x00000,,*05
$GPNVS,7,155640,031026,A,71,0x00,-12,-7,-2,581475,+4.28,-4.11*4C
$GPNVS,9,+10000000.003,+2.77269,+10000000.00,15,+0.019,+0.37,,+37.74,50.0,49.3,*6D
$GPNVS,10,1,0,0,-35,-35,2,100,0.5,1,12,30,1,+1,1.0,20,-2,1,2,8000,,,,*67
$GPNVS,15,0,0,0000,2400,2400.00,00000000,0.00,0.00,0.00,0.00,-9999,999*4E
$GPNVS,1,155641,031026,A,N,63,N,0x00000,0x03,0x00,1,N*29
$GPNVS,2,155641,031026,0.00,0.00,0.00,0.00,0.00,0.00,0.00,0.00,*6A
$GPNVS,3,155641,031026,0.00,0.00,0.00,0.00,,0.00,0,0,1,+38.06,*4C
$GPNVS,4,155641,031026,0.00,0.00,,,,,,,*6C
$GPNVS,5,155641,031026,5C9,0,0,+38.06,00000,00000,*2A
$GPNVS,6,0,A,1,0x00000,0x03,,0x00,00,,0x00000,,*05
$GPNVS,7,155641,031026,A,71,0x00,-12,-7,-1,581474,+4.27,-4.11*40
$GPNVS,9,+10000000.004,+2.77268,+10000000.00,15,+0.019,+0.37,,+38.06,50.0,50.3,*69
$GPNVS,10,1,0,0,-35,-35,2,100,0.5,1,12,30,1,+1,1.0,20,-2,1,2,8000,,,,*67
$GPNVS,15,0,0,0000,2400,2400.00,00000000,0.00,0.00,0.00,0.00,-9999,999*4E
$GPNVS,1,155642,031026,A,N,63,N,0x00000,0x03,0x00,1,N*2A
$GPNVS,2,155642,031026,0.00,0.00,0.00,0.00,0.00,0.00,0.00,0.00,*69
$GPNVS,3,155642,031026,0.00,0.00,0.00,0.00,,0.00,0,0,1,+38.06,*4F
$GPNVS,4,155642,031026,0.00,0.00,,,,,,,*6F
$GPNVS,5,155642,031026,5C9,0,0,+38.06,00000,00000,*29
$GPNVS,6,0,A,1,0x00000,0x03,,0x00,00,,0x00000,,*05
$GPNVS,7,155642,031026,A,71,0x00,-12,-7,-1,581473,+4.27,-4.11*44
$GPNVS,9,+10000000.004,+2.77268,+10000000.00,15,+0.019,+0.37,,+38.06,50.0,50.6,*6C
$GPNVS,10,1,0,0,-35,-35,2,100,0.5,1,12,30,1,+1,1.0,20,-2,1,2,8000,,,,*67
$GPNVS,15,0,0,0000,2400,2400.00,00000000,0.00,0.00,0.00,0.00,-9999,999*4E
$GPNVS,1,155643,031026,A,N,63,N,0x00000,0x03,0x00,1,N*2B
$GPNVS,2,155643,031026,0.00,0.00,0.00,0.00,0.00,0.00,0.00,0.00,*68
$GPNVS,3,155643,031026,0.00,0.00,0.00,0.00,,0.00,0,0,1,+37.74,*44
$GPNVS,4,155643,031026,0.00,0.00,,,,,,,*6E
$GPNVS,5,155643,031026,5C9,0,0,+37.74,00000,00000,*22
$GPNVS,6,0,A,1,0x00000,0x03,,0x00,00,,0x00000,,*05
$GPNVS,7,155643,031026,A,71,0x00,0,-8,-1,581472,+4.28,-4.11*5A
$GPNVS,9,+10000000.006,+2.77267,+10000000.05,15,+0.019,+0.37,,+37.74,50.0,50.3,*6B
$GPNVS,10,1,0,0,-40,-35,2,100,0.5,1,12,30,1,+1,1.0,20,-2,1,2,8000,,,,*65
$GPNVS,15,0,0,0000,2400,2400.00,00000000,0.00,0.00,0.00,0.00,-9999,999*4E
$GPNVS,1,155644,031026,A,N,64,N,0x00000,0x03,0x00,1,N*2B
$GPNVS,2,155644,031026,0.00,0.00,0.00,0.00,0.00,0.00,0.00,0.00,*6F
$GPNVS,3,155644,031026,0.00,0.00,0.00,0.00,,0.00,0,0,1,+38.06,*49
$GPNVS,4,155644,031026,0.00,0.00,,,,,,,*69
$GPNVS,5,155644,031026,5C9,0,0,+38.06,00000,00000,*2F
$GPNVS,6,0,A,1,0x00000,0x03,,0x00,00,,0x00000,,*05
$GPNVS,7,155644,031026,A,71,0x00,0,-8,-1,581471,+4.28,-4.11*5E
$GPNVS,9,+10000000.006,+2.77267,+10000000.00,15,+0.019,+0.37,,+38.06,50.0,49.6,*69
$GPNVS,10,1,0,0,-40,-40,2,100,0.5,1,12,30,1,+1,1.0,20,-2,1,2,8000,,,,*67
$GPNVS,15,0,0,0000,2400,2400.00,00000000,0.00,0.00,0.00,0.00,-9999,999*4E
$GPNVS,1,155645,031026,A,N,64,N,0x00000,0x03,0x00,1,N*2A
$GPNVS,2,155645,031026,0.00,0.00,0.00,0.00,0.00,0.00,0.00,0.00,*6E
$GPNVS,3,155645,031026,0.00,0.00,0.00,0.00,,0.00,0,0,1,+37.74,*42
$GPNVS,4,155645,031026,0.00,0.00,,,,,,,*68
$GPNVS,5,155645,031026,5C9,0,0,+37.74,00000,00000,*24
$GPNVS,6,0,A,1,0x00000,0x03,,0x00,00,,0x00000,,*05
$GPNVS,7,155645,031026,A,71,0x00,0,-8,-1,581470,+4.28,-4.11*5E
$GPNVS,9,+10000000.006,+2.77266,+10000000.00,15,+0.019,+0.37,,+37.74,50.0,50.0,*6C
$GPNVS,10,1,0,0,-40,-40,2,100,0.5,1,12,30,1,+1,1.0,20,-2,1,2,8000,,,,*67
$GPNVS,15,0,0,0000,2400,2400.00,00000000,0.00,0.00,0.00,0.00,+9999,999*48
$GPNVS,1,155646,031026,A,N,64,N,0x00000,0x03,0x00,1,N*29
$GPNVS,2,155646,031026,0.00,0.00,0.00,0.00,0.00,0.00,0.00,0.00,*6D
$GPNVS,3,155646,031026,0.00,0.00,0.00,0.00,,0.00,0,0,1,+38.06,*4B
$GPNVS,4,155646,031026,0.00,0.00,,,,,,,*6B
$GPNVS,5,155646,031026,5C9,0,0,+38.06,00000,00000,*2D
$GPNVS,6,0,A,1,0x00000,0x03,,0x00,00,,0x00000,,*05
$GPNVS,7,155646,031026,A,72,0x00,0,-9,-1,581469,+4.28,-4.11*57
$GPNVS,9,+10000000.006,+2.77266,+10000000.05,15,+0.019,+0.37,,+38.06,50.0,50.6,*65
$GPNVS,10,1,0,0,-45,-40,2,100,0.5,1,12,30,1,+0,1.0,20,+14,1,2,8000,,,,*52
$GPNVS,15,0,0,0000,2400,2400.00,00000000,0.00,0.00,0.00,0.00,+9999,999*48
$GPNVS,1,155647,031026,A,N,63,N,0x00000,0x03,0x00,1,N*2F
$GPNVS,2,155647,031026,0.00,0.00,0.00,0.00,0.00,0.00,0.00,0.00,*6C
$GPNVS,3,155647,031026,0.00,0.00,0.00,0.00,,0.00,0,0,1,+38.06,*4A
$GPNVS,4,155647,031026,0.00,0.00,,,,,,,*6A
$GPNVS,5,155647,031026,5C9,0,0,+38.06,00000,00000,*2C
$GPNVS,6,0,A,1,0x00000,0x03,,0x00,00,,0x00000,,*05
$GPNVS,7,155647,031026,A,72,0x00,0,-7,-1,581468,+4.28,-4.11*59
$GPNVS,9,+10000000.004,+2.77265,+9999999.900,15,+0.019,+0.37,,+38.06,50.0,50.9,*6F
$GPNVS,10,1,0,0,-35,-40,2,100,0.5,1,12,30,1,+0,1.0,20,+14,1,2,8000,,,,*55
$GPNVS,15,0,0,0000,2400,2400.00,00000000,0.00,0.00,0.00,0.00,+9999,999*48
$GPNVS,1,155648,031026,A,N,63,N,0x00000,0x03,0x00,1,N*20
$GPNVS,2,155648,031026,0.00,0.00,0.00,0.00,0.00,0.00,0.00,0.00,*63
$GPNVS,3,155648,031026,0.00,0.00,0.00,0.00,,0.00,0,0,1,+37.74,*4F
$GPNVS,4,155648,031026,0.00,0.00,,,,,,,*65
$GPNVS,5,155648,031026,5C9,0,0,+37.74,00000,00000,*29
$GPNVS,6,0,A,1,0x00000,0x03,,0x00,00,,0x00000,,*05
$GPNVS,7,155648,031026,A,72,0x00,0,-8,-1,581467,+4.27,-4.11*59
$GPNVS,9,+10000000.006,+2.77265,+10000000.05,15,+0.019,+0.37,,+37.74,50.0,50.0,*6A
$GPNVS,10,1,0,0,-40,-35,2,100,0.5,1,12,30,1,+0,1.0,20,+14,1,2,8000,,,,*55
$GPNVS,15,0,0,0000,2400,2400.00,00000000,0.00,0.00,0.00,0.00,+9999,999*48
$GPNVS,1,155649,031026,A,N,63,N,0x00000,0x03,0x00,1,N*21
$GPNVS,2,155649,031026,0.00,0.00,0.00,0.00,0.00,0.00,0.00,0.00,*62
$GPNVS,3,155649,031026,0.00,0.00,0.00,0.00,,0.00,0,0,1,+37.74,*4E
$GPNVS,4,155649,031026,0.00,0.00,,,,,,,*64
$GPNVS,5,155649,031026,5C9,0,0,+37.74,00000,00000,*28
$GPNVS,6,0,A,1,0x00000,0x03,,0x00,00,,0x00000,,*05
$GPNVS,7,155649,031026,A,72,0x00,0,-8,-2,581465,+4.28,-4.11*56
$GPNVS,9,+10000000.006,+2.77264,+10000000.00,15,+0.019,+0.37,,+37.74,50.0,51.2,*6D
$GPNVS,10,1,0,0,-40,-40,2,100,0.5,1,12,30,1,+0,1.0,20,+14,1,2,8000,,,,*57
$GPNVS,15,0,0,0000,2400,2400.00,00000000,0.00,0.00,0.00,0.00,+9999,999*48
$GPNVS,1,155650,031026,A,N,63,N,0x00000,0x03,0x00,1,N*29
$GPNVS,2,155650,031026,0.00,0.00,0.00,0.00,0.00,0.00,0.00,0.00,*6A
$GPNVS,3,155650,031026,0.00,0.00,0.00,0.00,,0.00,0,0,1,+37.74,*46
$GPNVS,4,155650,031026,0.00,0.00,,,,,,,*6C
$GPNVS,5,155650,031026,5C9,0,0,+37.74,00000,00000,*20
$GPNVS,6,0,A,1,0x00000,0x03,,0x00,00,,0x00000,,*05
$GPNVS,7,155650,031026,A,72,0x00,0,-8,-1,581464,+4.28,-4.11*5C
$GPNVS,9,+10000000.006,+2.77263,+10000000.00,15,+0.019,+0.37,,+37.74,50.0,50.3,*6A
$GPNVS,10,1,0,0,-40,-40,2,100,0.5,1,12,30,1,+0,1.0,20,+14,1,2,8000,,,,*57
$GPNVS,15,0,0,0000,2400,2400.00,00000000,0.00,0.00,0.00,0.00,+9999,999*48
$GPNVS,99,,,*5C
$GPNVS,1,155651,031026,A,N,63,N,0x00000,0x03,0x00,1,N*28
$GPNVS,2,155651,031026,0.00,0.00,0.00,0.00,0.00,0.00,0.00,0.00,*6B
$GPNVS,3,155651,031026,0.00,0.00,0.00,0.00,,0.00,0,0,1,+37.74,*47
$GPNVS,4,155651,031026,0.00,0.00,,,,,,,*6D
$GPNVS,5,155651,031026,5C9,0,0,+37.74,00000,00000,*21
$GPNVS,6,0,A,1,0x00000,0x03,,0x00,00,,0x00000,,*05
$GPNVS,7,155651,031026,A,72,0x00,0,-8,-1,581463,+4.28,-4.11*5A
$GPNVS,9,+10000000.004,+2.77263,+10000000.00,15,+0.019,+0.37,,+37.74,50.0,50.0,*6B
$GPNVS,10,1,0,0,-40,-40,2,100,0.5,1,12,30,1,-1,1.0,20,+14,1,2,8000,,,,*50
$GPNVS,15,0,0,0000,2400,2400.00,00000000,0.00,0.00,0.00,0.00,+9999,999*48
$GPNVS,1,155652,031026,A,N,63,N,0x00000,0x03,0x00,1,N*2B
$GPNVS,2,155652,031026,0.00,0.00,0.00,0.00,0.00,0.00,0.00,0.00,*68
$GPNVS,3,155652,031026,0.00,0.00,0.00,0.00,,0.00,0,0,1,+37.74,*44
$GPNVS,4,155652,031026,0.00,0.00,,,,,,,*6E
$GPNVS,5,155652,031026,5C9,0,0,+37.74,00000,00000,*22
$GPNVS,6,0,A,1,0x00000,0x03,,0x00,00,,0x00000,,*05
$GPNVS,7,155652,031026,A,72,0x00,0,-8,-1,581462,+4.28,-4.11*58
$GPNVS,9,+10000000.004,+2.77262,+10000000.00,15,+0.019,+0.37,,+37.74,50.0,50.0,*6A
$GPNVS,10,1,0,0,-40,-40,2,100,0.5,1,12,30,1,-1,1.0,20,+14,1,2,8000,,,,*50
$GPNVS,15,0,0,0000,2400,2400.00,00000000,0.00,0.00,0.00,0.00,+9999,999*48
$GPNVS,1,155653,031026,A,N,63,N,0x00000,0x03,0x00,1,N*2A
$GPNVS,2,155653,031026,0.00,0.00,0.00,0.00,0.00,0.00,0.00,0.00,*69
$GPNVS,3,155653,031026,0.00,0.00,0.00,0.00,,0.00,0,0,1,+38.06,*4F
$GPNVS,4,155653,031026,0.00,0.00,,,,,,,*6F
$GPNVS,5,155653,031026,5C9,0,0,+38.06,00000,00000,*29
$GPNVS,6,0,A,1,0x00000,0x03,,0x00,00,,0x00000,,*05
$GPNVS,7,155653,031026,A,72,0x00,0,-9,-1,581461,+4.27,-4.11*54
$GPNVS,9,+10000000.006,+2.77262,+10000000.05,15,+0.019,+0.37,,+38.06,50.0,50.3,*64
$GPNVS,10,1,0,0,-45,-40,2,100,0.5,1,12,30,1,-1,1.0,20,+14,1,2,8000,,,,*55
$GPNVS,15,0,0,0000,2400,2400.00,00000000,0.00,0.00,0.00,0.00,+9999,999*48
$GPNVS,1,155654,031026,A,N,63,N,0x00000,0x03,0x00,1,N*2D
$GPNVS,2,155654,031026,0.00,0.00,0.00,0.00,0.00,0.00,0.00,0.00,*6E
$GPNVS,3,155654,031026,0.00,0.00,0.00,0.00,,0.00,0,0,1,+38.06,*48
$GPNVS,4,155654,031026,0.00,0.00,,,,,,,*68
$GPNVS,5,155654,031026,5C9,0,0,+38.06,00000,00000,*2E
$GPNVS,6,0,A,1,0x00000,0x03,,0x00,00,,0x00000,,*05
$GPNVS,7,155654,031026,A,72,0x00,0,-9,-2,581459,+4.27,-4.11*5B
$GPNVS,9,+10000000.006,+2.77261,+10000000.00,15,+0.019,+0.37,,+38.06,50.0,50.3,*62
$GPNVS,10,1,0,0,-45,-45,2,100,0.5,1,12,30,1,-1,1.0,20,+14,1,2,8000,,,,*50
$GPNVS,15,0,0,0000,2400,2400.00,00000000,0.00,0.00,0.00,0.00,+9999,999*48
$GPNVS,1,155655,031026,A,N,63,N,0x00000,0x03,0x00,1,N*2C
$GPNVS,2,155655,031026,0.00,0.00,0.00,0.00,0.00,0.00,0.00,0.00,*6F
$GPNVS,3,155655,031026,0.00,0.00,0.00,0.00,,0.00,0,0,1,+37.74,*43
$GPNVS,4,155655,031026,0.00,0.00,,,,,,,*69
$GPNVS,5,155655,031026,5C9,0,0,+37.74,00000,00000,*25
$GPNVS,6,0,A,1,0x00000,0x03,,0x00,00,,0x00000,,*05
$GPNVS,7,155655,031026,A,72,0x00,0,-9,-1,581458,+4.27,-4.11*58
$GPNVS,9,+10000000.006,+2.77261,+10000000.00,15,+0.019,+0.37,,+37.74,50.0,50.6,*6D
$GPNVS,10,1,0,0,-45,-45,2,100,0.5,1,12,30,1,-1,1.0,20,+14,1,2,8000,,,,*50
$GPNVS,15,0,0,0000,2400,2400.00,00000000,0.00,0.00,0.00,0.00,+9999,999*48
$GPNVS,1,155656,031026,A,N,63,N,0x00000,0x03,0x00,1,N*2F
$GPNVS,2,155656,031026,0.00,0.00,0.00,0.00,0.00,0.00,0.00,0.00,*6C
$GPNVS,3,155656,031026,0.00,0.00,0.00,0.00,,0.00,0,0,1,+38.06,*4A
$GPNVS,4,155656,031026,0.00,0.00,,,,,,,*6A
$GPNVS,5,155656,031026,5C9,0,0,+38.06,00000,00000,*2C
$GPNVS,6,0,A,1,0x00000,0x03,,0x00,00,,0x00000,,*05
$GPNVS,7,155656,031026,A,72,0x00,0,-9,-1,581457,+4.27,-4.11*54
$GPNVS,9,+10000000.004,+2.77260,+10000000.00,15,+0.019,+0.37,,+38.06,50.0,49.6,*6C
$GPNVS,10,1,0,0,-45,-45,2,100,0.5,1,12,30,1,-2,1.0,20,-6,1,2,8000,,,,*66
$GPNVS,15,0,0,0000,2400,2400.00,00000000,0.00,0.00,0.00,0.00,-9999,999*4E
$GPNVS,1,155657,031026,A,N,63,N,0x00000,0x03,0x00,1,N*2E
$GPNVS,2,155657,031026,0.00,0.00,0.00,0.00,0.00,0.00,0.00,0.00,*6D
$GPNVS,3,155657,031026,0.00,0.00,0.00,0.00,,0.00,0,0,1,+38.06,*4B
$GPNVS,4,155657,031026,0.00,0.00,,,,,,,*6B
$GPNVS,5,155657,031026,5C9,0,0,+38.06,00000,00000,*2D
$GPNVS,6,0,A,1,0x00000,0x03,,0x00,00,,0x00000,,*05
$GPNVS,7,155657,031026,A,72,0x00,0,-10,-1,581456,+4.28,-4.11*63
$GPNVS,9,+10000000.004,+2.77260,+10000000.05,15,+0.019,+0.37,,+38.06,50.0,50.3,*64
$GPNVS,10,1,0,0,-50,-45,2,100,0.5,1,12,30,1,-2,1.0,20,-6,1,2,8000,,,,*62
$GPNVS,15,0,0,0000,2400,2400.00,00000000,0.00,0.00,0.00,0.00,-9999,999*4E
$GPNVS,1,155658,031026,A,N,63,N,0x00000,0x03,0x00,1,N*21
$GPNVS,2,155658,031026,0.00,0.00,0.00,0.00,0.00,0.00,0.00,0.00,*62
$GPNVS,3,155658,031026,0.00,0.00,0.00,0.00,,0.00,0,0,1,+38.06,*44
$GPNVS,4,155658,031026,0.00,0.00,,,,,,,*64
$GPNVS,5,155658,031026,5C9,0,0,+38.06,00000,00000,*22
$GPNVS,6,0,A,1,0x00000,0x03,,0x00,00,,0x00000,,*05
$GPNVS,7,155658,031026,A,72,0x00,-12,-10,-2,581454,+4.27,-4.11*7C
$GPNVS,9,+10000000.004,+2.77259,+10000000.00,15,+0.019,+0.37,,+38.06,50.0,50.6,*6E
$GPNVS,10,1,0,0,-50,-50,2,100,0.5,1,7,30,1,-2,1.0,20,-6,1,2,8000,,,,*52
$GPNVS,15,0,0,0000,2400,2400.00,00000000,0.00,0.00,0.00,0.00,-9999,999*4E
$GPNVS,1,155659,031026,A,N,63,N,0x00000,0x03,0x00,1,N*20
$GPNVS,2,155659,031026,0.00,0.00,0.00,0.00,0.00,0.00,0.00,0.00,*63
$GPNVS,3,155659,031026,0.00,0.00,0.00,0.00,,0.00,0,0,1,+38.06,*45
$GPNVS,4,155659,031026,0.00,0.00,,,,,,,*65
$GPNVS,5,155659,031026,5C9,0,0,+38.06,00000,00000,*23
$GPNVS,6,0,A,1,0x00000,0x03,,0x00,00,,0x00000,,*05
$GPNVS,7,155659,031026,A,72,0x00,-12,-10,-1,581453,+4.27,-4.11*79
$GPNVS,9,+10000000.004,+2.77258,+10000000.00,15,+0.019,+0.37,,+38.06,50.0,50.0,*69
$GPNVS,10,1,0,0,-50,-50,2,100,0.5,1,7,30,1,-1,1.0,20,-6,1,2,8000,,,,*51
$GPNVS,15,0,0,0000,2400,2400.00,00000000,0.00,0.00,0.00,0.00,-9999,999*4E
$GPNVS,1,155700,031026,A,N,63,N,0x00000,0x03,0x00,1,N*2D
$GPNVS,2,155700,031026,0.00,0.00,0.00,0.00,0.00,0.00,0.00,0.00,*6E
$GPNVS,3,155700,031026,0.00,0.00,0.00,0.00,,0.00,0,0,1,+38.06,*48
$GPNVS,4,155700,031026,0.00,0.00,,,,,,,*68
$GPNVS,5,155700,031026,5C9,0,0,+38.06,00000,00000,*2E
$GPNVS,6,0,A,1,0x00000,0x03,,0x00,00,,0x00000,,*05
$GPNVS,7,155700,031026,A,72,0x00,-12,-10,-1,581452,+4.28,-4.11*7A
$GPNVS,9,+10000000.004,+2.77258,+10000000.00,15,+0.019,+0.37,,+38.06,50.0,50.0,*69
$GPNVS,10,1,0,0,-50,-50,2,100,0.5,1,7,30,1,-2,1.0,20,-6,1,2,8000,,,,*52
$GPNVS,15,0,0,0000,2400,2400.00,00000000,0.00,0.00,0.00,0.00,-9999,999*4E
$GPNVS,1,155701,031026,A,N,63,N,0x00000,0x03,0x00,1,N*2C
$GPNVS,2,155701,031026,0.00,0.00,0.00,0.00,0.00,0.00,0.00,0.00,*6F
$GPNVS,3,155701,031026,0.00,0.00,0.00,0.00,,0.00,0,0,1,+38.06,*49
$GPNVS,4,155701,031026,0.00,0.00,,,,,,,*69
$GPNVS,5,155701,031026,5C9,0,0,+38.06,00000,00000,*2F
$GPNVS,6,0,A,1,0x00000,0x03,,0x00,00,,0x00000,,*05
$GPNVS,7,155701,031026,A,72,0x00,-12,-10,-2,581450,+4.28,-4.11*7A
$GPNVS,9,+10000000.004,+2.77257,+10000000.00,15,+0.019,+0.37,,+38.06,50.0,50.3,*65
$GPNVS,10,1,0,0,-50,-50,2,100,0.5,1,7,30,1,-2,1.0,20,-6,1,2,8000,,,,*52
$GPNVS,15,0,0,0000,2400,2400.00,00000000,0.00,0.00,0.00,0.00,-9999,999*4E
$GPNVS,1,155702,031026,A,N,63,N,0x00000,0x03,0x00,1,N*2F
$GPNVS,2,155702,031026,0.00,0.00,0.00,0.00,0.00,0.00,0.00,0.00,*6C
$GPNVS,3,155702,031026,0.00,0.00,0.00,0.00,,0.00,0,0,1,+38.06,*4A
$GPNVS,4,155702,031026,0.00,0.00,,,,,,,*6A
$GPNVS,5,155702,031026,5C9,0,0,+38.06,00000,00000,*2C
$GPNVS,6,0,A,1,0x00000,0x03,,0x00,00,,0x00000,,*05
$GPNVS,7,155702,031026,A,72,0x00,-12,-11,-1,581449,+4.28,-4.11*73
$GPNVS,9,+10000000.004,+2.77256,+10000000.05,15,+0.019,+0.37,,+38.06,50.0,50.9,*6B
$GPNVS,10,1,0,0,-55,-50,2,100,0.5,1,7,30,1,-2,1.0,20,-6,1,2,8000,,,,*57
$GPNVS,15,0,0,0000,2400,2400.00,00000000,0.00,0.00,0.00,0.00,-9999,999*4E
$GPNVS,1,155703,031026,A,N,63,N,0x00000,0x03,0x00,1,N*2E
$GPNVS,2,155703,031026,0.00,0.00,0.00,0.00,0.00,0.00,0.00,0.00,*6D
$GPNVS,3,155703,031026,0.00,0.00,0.00,0.00,,0.00,0,0,1,+38.06,*4B
$GPNVS,4,155703,031026,0.00,0.00,,,,,,,*6B
$GPNVS,5,155703,031026,5C9,0,0,+38.06,00000,00000,*2D
$GPNVS,6,0,A,1,0x00000,0x03,,0x00,00,,0x00000,,*05
$GPNVS,7,155703,031026,A,72,0x00,-12,-11,-1,581448,+4.28,-4.11*73
$GPNVS,9,+10000000.004,+2.77256,+10000000.00,15,+0.019,+0.37,,+38.06,50.0,50.3,*64
$GPNVS,10,1,0,0,-55,-55,2,100,0.5,1,7,30,1,-2,1.0,20,-6,1,2,8000,,,,*52
$GPNVS,15,0,0,0000,2400,2400.00,00000000,0.00,0.00,0.00,0.00,-9999,999*4E
$GPNVS,1,155704,031026,A,N,63,N,0x00000,0x03,0x00,1,N*29
$GPNVS,2,155704,031026,0.00,0.00,0.00,0.00,0.00,0.00,0.00,0.00,*6A
$GPNVS,3,155704,031026,0.00,0.00,0.00,0.00,,0.00,0,0,1,+38.06,*4C
$GPNVS,4,155704,031026,0.00,0.00,,,,,,,*6C
$GPNVS,5,155704,031026,5C9,0,0,+38.06,00000,00000,*2A
$GPNVS,6,0,A,1,0x00000,0x03,,0x00,00,,0x00000,,*05
$GPNVS,7,155704,031026,A,72,0x00,-12,-11,-2,581446,+4.28,-4.11*79
$GPNVS,9,+10000000.004,+2.77255,+10000000.00,15,+0.019,+0.37,,+38.06,50.0,50.6,*62
$GPNVS,10,1,0,0,-55,-55,2,100,0.5,1,7,30,1,-2,1.0,20,-6,1,2,8000,,,,*52
$GPNVS,15,0,0,0000,2400,2400.00,00000000,0.00,0.00,0.00,0.00,-9999,999*4E
$GPNVS,1,155705,031026,A,N,63,N,0x00000,0x03,0x00,1,N*28
$GPNVS,2,155705,031026,0.00,0.00,0.00,0.00,0.00,0.00,0.00,0.00,*6B
$GPNVS,3,155705,031026,0.00,0.00,0.00,0.00,,0.00,0,0,1,+38.06,*4D
$GPNVS,4,155705,031026,0.00,0.00,,,,,,,*6D
$GPNVS,5,155705,031026,5C9,0,0,+38.06,00000,00000,*2B
$GPNVS,6,0,A,1,0x00000,0x03,,0x00,00,,0x00000,,*05
$GPNVS,7,155705,031026,A,72,0x00,-12,-10,-1,581445,+4.28,-4.11*79
$GPNVS,9,+10000000.004,+2.77254,+9999999.949,15,+0.019,+0.37,,+38.06,50.0,50.6,*6F
$GPNVS,10,1,0,0,-50,-50,2,100,0.5,1,7,30,1,-2,1.0,20,-6,1,2,8000,,,,*52
$GPNVS,15,0,0,0000,2400,2400.00,00000000,0.00,0.00,0.00,0.00,-9999,999*4E
$GPNVS,99,,,*5C
$GPNVS,1,155706,031026,A,N,63,N,0x00000,0x03,0x00,1,N*2B
$GPNVS,2,155706,031026,0.00,0.00,0.00,0.00,0.00,0.00,0.00,0.00,*68
$GPNVS,3,155706,031026,0.00,0.00,0.00,0.00,,0.00,0,0,1,+38.06,*4E
$GPNVS,4,155706,031026,0.00,0.00,,,,,,,*6E
$GPNVS,5,155706,031026,5C9,0,0,+38.06,00000,00000,*28
$GPNVS,6,0,A,1,0x00000,0x03,,0x00,00,,0x00000,,*05
$GPNVS,7,155706,031026,A,72,0x00,-12,-11,-2,581443,+4.27,-4.11*71
$GPNVS,9,+10000000.004,+2.77253,+10000000.05,15,+0.019,+0.37,,+38.06,50.0,50.6,*61
$GPNVS,10,1,0,0,-55,-50,2,100,0.5,1,7,30,1,-3,1.0,20,-6,1,2,8000,,,,*56
$GPNVS,15,0,0,0000,2400,2400.00,00000000,0.00,0.00,0.00,0.00,-9999,999*4E
$GPNVS,1,155707,031026,A,N,63,N,0x00000,0x03,0x00,1,N*2A
$GPNVS,2,155707,031026,0.00,0.00,0.00,0.00,0.00,0.00,0.00,0.00,*69
$GPNVS,3,155707,031026,0.00,0.00,0.00,0.00,,0.00,0,0,1,+38.06,*4F
$GPNVS,4,155707,031026,0.00,0.00,,,,,,,*6F
$GPNVS,5,155707,031026,5C9,0,0,+38.06,00000,00000,*29
$GPNVS,6,0,A,1,0x00000,0x03,,0x00,00,,0x00000,,*05
$GPNVS,7,155707,031026,A,72,0x00,-12,-11,-1,581442,+4.28,-4.11*7D
$GPNVS,9,+10000000.004,+2.77253,+10000000.00,15,+0.019,+0.37,,+38.06,50.0,50.6,*64
$GPNVS,10,1,0,0,-55,-55,2,100,0.5,1,7,30,1,-3,1.0,20,+10,1,2,8000,,,,*62
$GPNVS,15,0,0,0000,2400,2400.00,00000000,0.00,0.00,0.00,0.00,+9999,999*48
$GPNVS,1,155708,031026,A,N,63,N,0x00000,0x03,0x00,1,N*25
$GPNVS,2,155708,031026,0.00,0.00,0.00,0.00,0.00,0.00,0.00,0.00,*66
$GPNVS,3,155708,031026,0.00,0.00,0.00,0.00,,0.00,0,0,1,+38.06,*40
$GPNVS,4,155708,031026,0.00,0.00,,,,,,,*60
$GPNVS,5,155708,031026,5C9,0,0,+38.06,00000,00000,*26
$GPNVS,6,0,A,1,0x00000,0x03,,0x00,00,,0x00000,,*05
$GPNVS,7,155708,031026,A,72,0x00,-12,-11,-1,581441,+4.27,-4.11*7E
$GPNVS,9,+10000000.004,+2.77252,+10000000.00,15,+0.019,+0.37,,+38.06,50.0,49.6,*6D
$GPNVS,10,1,0,0,-55,-55,2,100,0.5,1,7,30,1,-3,1.0,20,+10,1,2,8000,,,,*62
$GPNVS,15,0,0,0000,2400,2400.00,00000000,0.00,0.00,0.00,0.00,+9999,999*48
$GPNVS,1,155709,031026,A,N,63,N,0x00000,0x03,0x00,1,N*24
$GPNVS,2,155709,031026,0.00,0.00,0.00,0.00,0.00,0.00,0.00,0.00,*67
$GPNVS,3,155709,031026,0.00,0.00,0.00,0.00,,0.00,0,0,1,+38.06,*41
$GPNVS,4,155709,031026,0.00,0.00,,,,,,,*61
$GPNVS,5,155709,031026,5C9,0,0,+38.06,00000,00000,*27
$GPNVS,6,0,A,1,0x00000,0x03,,0x00,00,,0x00000,,*05
$GPNVS,7,155709,031026,A,72,0x00,-12,-12,-2,581439,+4.28,-4.11*7F
$GPNVS,9,+10000000.004,+2.77251,+10000000.05,15,+0.019,+0.37,,+38.06,50.0,49.0,*6D
$GPNVS,10,1,0,0,-60,-55,2,100,0.5,1,7,30,1,-2,1.0,20,+10,1,2,8000,,,,*65
$GPNVS,15,0,0,0000,2400,2400.00,00000000,0.00,0.00,0.00,0.00,+9999,999*48
$GPNVS,1,155710,031026,A,N,63,N,0x00000,0x03,0x00,1,N*2C
$GPNVS,2,155710,031026,0.00,0.00,0.00,0.00,0.00,0.00,0.00,0.00,*6F
$GPNVS,3,155710,031026,0.00,0.00,0.00,0.00,,0.00,0,0,1,+38.06,*49
$GPNVS,4,155710,031026,0.00,0.00,,,,,,,*69
$GPNVS,5,155710,031026,5C9,0,0,+38.06,00000,00000,*2F
$GPNVS,6,0,A,1,0x00000,0x03,,0x00,00,,0x00000,,*05
$GPNVS,7,155710,031026,A,72,0x00,-12,-11,-1,581438,+4.28,-4.11*76
$GPNVS,9,+10000000.004,+2.77251,+9999999.949,15,+0.019,+0.37,,+38.06,50.0,50.3,*6F
$GPNVS,10,1,0,0,-55,-55,2,100,0.5,1,7,30,1,-2,1.0,20,+10,1,2,8000,,,,*63
$GPNVS,15,0,0,0000,2400,2400.00,00000000,0.00,0.00,0.00,0.00,+9999,999*48
$GPNVS,1,155711,031026,A,N,63,N,0x00000,0x03,0x00,1,N*2D
$GPNVS,2,155711,031026,0.00,0.00,0.00,0.00,0.00,0.00,0.00,0.00,*6E
$GPNVS,3,155711,031026,0.00,0.00,0.00,0.00,,0.00,0,0,1,+38.06,*48
$GPNVS,4,155711,031026,0.00,0.00,,,,,,,*68
$GPNVS,5,155711,031026,5C9,0,0,+38.06,00000,00000,*2E
$GPNVS,6,0,A,1,0x00000,0x03,,0x00,00,,0x00000,,*05
$GPNVS,7,155711,031026,A,72,0x00,-12,-11,-2,581436,+4.27,-4.11*75
$GPNVS,9,+10000000.004,+2.77250,+10000000.00,15,+0.019,+0.37,,+38.06,50.0,50.0,*61
$GPNVS,10,1,0,0,-55,-55,2,100,0.5,1,7,30,1,-2,1.0,20,+10,1,2,8000,,,,*63
$GPNVS,15,0,0,0000,2400,2400.00,00000000,0.00,0.00,0.00,0.00,+9999,999*48
$GPNVS,1,155712,031026,A,N,63,N,0x00000,0x03,0x00,1,N*2E
$GPNVS,2,155712,031026,0.00,0.00,0.00,0.00,0.00,0.00,0.00,0.00,*6D
$GPNVS,3,155712,031026,0.00,0.00,0.00,0.00,,0.00,0,0,1,+38.06,*4B
$GPNVS,4,155712,031026,0.00,0.00,,,,,,,*6B
$GPNVS,5,155712,031026,5C9,0,0,+38.06,00000,00000,*2D
$GPNVS,6,0,A,1,0x00000,0x03,,0x00,00,,0x00000,,*05
$GPNVS,7,155712,031026,A,72,0x00,-12,-12,-2,581434,+4.27,-4.11*77
$GPNVS,9,+10000000.004,+2.77249,+10000000.05,15,+0.019,+0.37,,+38.06,50.0,49.3,*67
$GPNVS,10,1,0,0,-60,-55,2,100,0.5,1,7,30,1,-2,1.0,20,+10,1,2,8000,,,,*65
$GPNVS,15,0,0,0000,2400,2400.00,00000000,0.00,0.00,0.00,0.00,+9999,999*48
$GPNVS,1,155713,031026,A,N,63,N,0x00000,0x03,0x00,1,N*2F
$GPNVS,2,155713,031026,0.00,0.00,0.00,0.00,0.00,0.00,0.00,0.00,*6C
$GPNVS,3,155713,031026,0.00,0.00,0.00,0.00,,0.00,0,0,1,+37.74,*40
$GPNVS,4,155713,031026,0.00,0.00,,,,,,,*6A
$GPNVS,5,155713,031026,5C9,0,0,+37.74,00000,00000,*26
$GPNVS,6,0,A,1,0x00000,0x03,,0x00,00,,0x00000,,*05
$GPNVS,7,155713,031026,A,72,0x00,-12,-12,-1,581433,+4.28,-4.11*7D
$GPNVS,9,+10000000.004,+2.77249,+10000000.00,15,+0.019,+0.37,,+37.74,50.0,50.9,*6A
$GPNVS,10,1,0,0,-60,-60,2,100,0.5,1,7,30,1,-1,1.0,20,+10,1,2,8000,,,,*60
$GPNVS,15,0,0,0000,2400,2400.00,00000000,0.00,0.00,0.00,0.00,+9999,999*48
$GPNVS,1,155714,031026,A,N,63,N,0x00000,0x03,0x00,1,N*28
$GPNVS,2,155714,031026,0.00,0.00,0.00,0.00,0.00,0.00,0.00,0.00,*6B
$GPNVS,3,155714,031026,0.00,0.00,0.00,0.00,,0.00,0,0,1,+37.74,*47
$GPNVS,4,155714,031026,0.00,0.00,,,,,,,*6D
$GPNVS,5,155714,031026,5C9,0,0,+37.74,00000,00000,*21
$GPNVS,6,0,A,1,0x00000,0x03,,0x00,00,,0x00000,,*05
$GPNVS,7,155714,031026,A,72,0x00,-12,-13,-2,581431,+4.28,-4.11*7A
$GPNVS,9,+10000000.004,+2.77248,+10000000.05,15,+0.019,+0.37,,+37.74,50.0,50.3,*64
$GPNVS,10,1,0,0,-65,-60,2,100,0.5,1,7,30,1,-2,1.0,20,+10,1,2,8000,,,,*66
$GPNVS,15,0,0,0000,2400,2400.00,00000000,0.00,0.00,0.00,0.00,+9999,999*48
$GPNVS,1,155715,031026,A,N,63,N,0x00000,0x03,0x00,1,N*29
$GPNVS,2,155715,031026,0.00,0.00,0.00,0.00,0.00,0.00,0.00,0.00,*6A
$GPNVS,3,155715,031026,0.00,0.00,0.00,0.00,,0.00,0,0,1,+38.06,*4C
$GPNVS,4,155715,031026,0.00,0.00,,,,,,,*6C
$GPNVS,5,155715,031026,5C9,0,0,+38.06,00000,00000,*2A
$GPNVS,6,0,A,1,0x00000,0x03,,0x00,00,,0x00000,,*05
$GPNVS,7,155715,031026,A,72,0x00,-12,-12,-1,581430,+4.28,-4.11*78
$GPNVS,9,+10000000.004,+2.77247,+9999999.949,15,+0.019,+0.37,,+38.06,50.0,50.6,*6D
$GPNVS,10,1,0,0,-60,-60,2,100,0.5,1,7,30,1,-2,1.0,20,+10,1,2,8000,,,,*63
$GPNVS,15,0,0,0000,2400,2400.00,00000000,0.00,0.00,0.00,0.00,+9999,999*48
$GPNVS,1,155716,031026,A,N,63,N,0x00000,0x03,0x00,1,N*2A
$GPNVS,2,155716,031026,0.00,0.00,0.00,0.00,0.00,0.00,0.00,0.00,*69
$GPNVS,3,155716,031026,0.00,0.00,0.00,0.00,,0.00,0,0,1,+38.06,*4F
$GPNVS,4,155716,031026,0.00,0.00,,,,,,,*6F
$GPNVS,5,155716,031026,5C9,0,0,+38.06,00000,00000,*29
$GPNVS,6,0,A,1,0x00000,0x03,,0x00,00,,0x00000,,*05
$GPNVS,7,155716,031026,A,72,0x00,-12,-12,-2,581428,+4.28,-4.11*71
$GPNVS,9,+10000000.004,+2.77246,+10000000.00,15,+0.019,+0.37,,+38.06,50.0,50.6,*60
$GPNVS,10,1,0,0,-60,-60,2,100,0.5,1,7,30,1,-2,1.0,20,+10,1,2,8000,,,,*63
$GPNVS,15,0,0,0000,2400,2400.00,00000000,0.00,0.00,0.00,0.00,+9999,999*48
$GPNVS,1,155717,031026,A,N,63,N,0x00000,0x03,0x00,1,N*2B
$GPNVS,2,155717,031026,0.00,0.00,0.00,0.00,0.00,0.00,0.00,0.00,*68
$GPNVS,3,155717,031026,0.00,0.00,0.00,0.00,,0.00,0,0,1,+38.06,*4E
$GPNVS,4,155717,031026,0.00,0.00,,,,,,,*6E
$GPNVS,5,155717,031026,5C9,0,0,+38.06,00000,00000,*28
$GPNVS,6,0,A,1,0x00000,0x03,,0x00,00,,0x00000,,*05
$GPNVS,7,155717,031026,A,72,0x00,-12,-12,-1,581427,+4.28,-4.11*7C
$GPNVS,9,+10000000.004,+2.77246,+10000000.00,15,+0.019,+0.37,,+38.06,50.0,50.0,*66
$GPNVS,10,1,0,0,-60,-60,2,100,0.5,1,7,30,1,-2,1.0,20,+10,1,2,8000,,,,*63
$GPNVS,15,0,0,0000,2400,2400.00,00000000,0.00,0.00,0.00,0.00,+9999,999*48
$GPNVS,1,155718,031026,A,N,63,N,0x00000,0x03,0x00,1,N*24
$GPNVS,2,155718,031026,0.00,0.00,0.00,0.00,0.00,0.00,0.00,0.00,*67
$GPNVS,3,155718,031026,0.00,0.00,0.00,0.00,,0.00,0,0,1,+38.06,*41
$GPNVS,4,155718,031026,0.00,0.00,,,,,,,*61
$GPNVS,5,155718,031026,5C9,0,0,+38.06,00000,00000,*27
$GPNVS,6,0,A,1,0x00000,0x03,,0x00,00,,0x00000,,*05
$GPNVS,7,155718,031026,A,72,0x00,-12,-13,-2,581425,+4.27,-4.11*7C
$GPNVS,9,+10000000.004,+2.77245,+10000000.05,15,+0.019,+0.37,,+38.06,50.0,50.0,*60
$GPNVS,10,1,0,0,-65,-60,2,100,0.5,1,7,30,1,-2,1.0,20,-10,1,2,8000,,,,*60
$GPNVS,15,0,0,0000,2400,2400.00,00000000,0.00,0.00,0.00,0.00,-9999,999*4E
$GPNVS,1,155719,031026,A,N,63,N,0x00000,0x03,0x00,1,N*25
$GPNVS,2,155719,031026,0.00,0.00,0.00,0.00,0.00,0.00,0.00,0.00,*66
$GPNVS,3,155719,031026,0.00,0.00,0.00,0.00,,0.00,0,0,1,+38.06,*40
$GPNVS,4,155719,031026,0.00,0.00,,,,,,,*60
$GPNVS,5,155719,031026,5C9,0,0,+38.06,00000,00000,*26
$GPNVS,6,0,A,1,0x00000,0x03,,0x00,00,,0x00000,,*05
$GPNVS,7,155719,031026,A,72,0x00,-12,-12,-2,581423,+4.27,-4.11*7A
$GPNVS,9,+10000000.004,+2.77244,+9999999.949,15,+0.019,+0.37,,+38.06,50.0,50.0,*68
$GPNVS,10,1,0,0,-60,-60,2,100,0.5,1,7,30,1,-1,1.0,20,-10,1,2,8000,,,,*66
$GPNVS,15,0,0,0000,2400,2400.00,00000000,0.00,0.00,0.00,0.00,-9999,999*4E
$GPNVS,1,155720,031026,A,N,63,N,0x00000,0x03,0x00,1,N*2F
$GPNVS,2,155720,031026,0.00,0.00,0.00,0.00,0.00,0.00,0.00,0.00,*6C
$GPNVS,3,155720,031026,0.00,0.00,0.00,0.00,,0.00,0,0,1,+38.06,*4A
$GPNVS,4,155720,031026,0.00,0.00,,,,,,,*6A
$GPNVS,5,155720,031026,5C9,0,0,+38.06,00000,00000,*2C
$GPNVS,6,0,A,1,0x00000,0x03,,0x00,00,,0x00000,,*05
$GPNVS,7,155720,031026,A,72,0x00,-12,-12,-1,581422,+4.28,-4.11*7D
$GPNVS,9,+10000000.004,+2.77243,+10000000.00,15,+0.019,+0.37,,+38.06,50.0,50.6,*65
$GPNVS,10,1,0,0,-60,-60,2,100,0.5,1,7,30,1,-1,1.0,20,-10,1,2,8000,,,,*66
$GPNVS,15,0,0,0000,2400,2400.00,00000000,0.00,0.00,0.00,0.00,-9999,999*4E
$GPNVS,99,,,*5C
$GPNVS,1,155721,031026,A,N,63,N,0x00000,0x03,0x00,1,N*2E
$GPNVS,2,155721,031026,0.00,0.00,0.00,0.00,0.00,0.00,0.00,0.00,*6D
$GPNVS,3,155721,031026,0.00,0.00,0.00,0.00,,0.00,0,0,1,+38.06,*4B
$GPNVS,4,155721,031026,0.00,0.00,,,,,,,*6B
$GPNVS,5,155721,031026,5C9,0,0,+38.06,00000,00000,*2D
$GPNVS,6,0,A,1,0x00000,0x03,,0x00,00,,0x00000,,*05
$GPNVS,7,155721,031026,A,72,0x00,-12,-13,-2,581420,+4.28,-4.11*7C
$GPNVS,9,+10000000.004,+2.77242,+10000000.05,15,+0.019,+0.37,,+38.06,50.0,49.3,*6C
$GPNVS,10,1,0,0,-65,-60,2,100,0.5,1,7,30,1,-1,1.0,20,-10,1,2,8000,,,,*63
$GPNVS,15,0,0,0000,2400,2400.00,00000000,0.00,0.00,0.00,0.00,-9999,999*4E
$GPNVS,1,155722,031026,A,N,63,N,0x00000,0x03,0x00,1,N*2D
$GPNVS,2,155722,031026,0.00,0.00,0.00,0.00,0.00,0.00,0.00,0.00,*6E
$GPNVS,3,155722,031026,0.00,0.00,0.00,0.00,,0.00,0,0,1,+38.06,*48
$GPNVS,4,155722,031026,0.00,0.00,,,,,,,*68
$GPNVS,5,155722,031026,5C9,0,0,+38.06,00000,00000,*2E
$GPNVS,6,0,A,1,0x00000,0x03,,0x00,00,,0x00000,,*05
$GPNVS,7,155722,031026,A,72,0x00,-12,-13,-1,581419,+4.28,-4.11*76
$GPNVS,9,+10000000.004,+2.77242,+10000000.00,15,+0.019,+0.37,,+38.06,50.0,51.2,*61
$GPNVS,10,1,0,0,-65,-65,2,100,0.5,1,7,30,1,-1,1.0,20,-10,1,2,8000,,,,*66
$GPNVS,15,0,0,0000,2400,2400.00,00000000,0.00,0.00,0.00,0.00,-9999,999*4E
$GPNVS,1,155723,031026,A,N,63,N,0x00000,0x03,0x00,1,N*2C
$GPNVS,2,155723,031026,0.00,0.00,0.00,0.00,0.00,0.00,0.00,0.00,*6F
$GPNVS,3,155723,031026,0.00,0.00,0.00,0.00,,0.00,0,0,1,+38.06,*49
$GPNVS,4,155723,031026,0.00,0.00,,,,,,,*69
$GPNVS,5,155723,031026,5C9,0,0,+38.06,00000,00000,*2F
$GPNVS,6,0,A,1,0x00000,0x03,,0x00,00,,0x00000,,*05
$GPNVS,7,155723,031026,A,72,0x00,-12,-14,-2,581417,+4.27,-4.11*72
$GPNVS,9,+10000000.006,+2.77241,+10000000.05,15,+0.019,+0.37,,+38.06,50.0,50.0,*66
$GPNVS,10,1,0,0,-70,-65,2,100,0.5,1,7,30,1,-2,1.0,20,-10,1,2,8000,,,,*61
$GPNVS,15,0,0,0000,2400,2400.00,00000000,0.00,0.00,0.00,0.00,-9999,999*4E
$GPNVS,1,155724,031026,A,N,63,N,0x00000,0x03,0x00,1,N*2B
$GPNVS,2,155724,031026,0.00,0.00,0.00,0.00,0.00,0.00,0.00,0.00,*68
$GPNVS,3,155724,031026,0.00,0.00,0.00,0.00,,0.00,0,0,1,+37.74,*44
$GPNVS,4,155724,031026,0.00,0.00,,,,,,,*6E
$GPNVS,5,155724,031026,5C9,0,0,+37.74,00000,00000,*22
$GPNVS,6,0,A,1,0x00000,0x03,,0x00,00,,0x00000,,*05
$GPNVS,7,155724,031026,A,72,0x00,-12,-13,-2,581415,+4.28,-4.11*7F
$GPNVS,9,+10000000.004,+2.77240,+9999999.949,15,+0.019,+0.37,,+37.74,50.0,50.0,*66
$GPNVS,10,1,0,0,-65,-65,2,100,0.5,1,7,30,1,-2,1.0,20,-10,1,2,8000,,,,*65
$GPNVS,15,0,0,0000,2400,2400.00,00000000,0.00,0.00,0.00,0.00,-9999,999*4E
$GPNVS,1,155725,031026,A,N,63,N,0x00000,0x03,0x00,1,N*2A
$GPNVS,2,155725,031026,0.00,0.00,0.00,0.00,0.00,0.00,0.00,0.00,*69
$GPNVS,3,155725,031026,0.00,0.00,0.00,0.00,,0.00,0,0,1,+38.06,*4F
$GPNVS,4,155725,031026,0.00,0.00,,,,,,,*6F
$GPNVS,5,155725,031026,5C9,0,0,+38.06,00000,00000,*29
$GPNVS,6,0,A,1,0x00000,0x03,,0x00,00,,0x00000,,*05
$GPNVS,7,155725,031026,A,72,0x00,-12,-13,-2,581413,+4.28,-4.11*78
$GPNVS,9,+10000000.006,+2.77239,+10000000.00,15,+0.019,+0.37,,+38.06,50.0,50.6,*6A
$GPNVS,10,1,0,0,-65,-65,2,100,0.5,1,7,30,1,-2,1.0,20,-10,1,2,8000,,,,*65
$GPNVS,15,0,0,0000,2400,2400.00,00000000,0.00,0.00,0.00,0.00,-9999,999*4E
$GPNVS,1,155726,031026,A,N,63,N,0x00000,0x03,0x00,1,N*29
$GPNVS,2,155726,031026,0.00,0.00,0.00,0.00,0.00,0.00,0.00,0.00,*6A
$GPNVS,3,155726,031026,0.00,0.00,0.00,0.00,,0.00,0,0,1,+38.06,*4C
$GPNVS,4,155726,031026,0.00,0.00,,,,,,,*6C
$GPNVS,5,155726,031026,5C9,0,0,+38.06,00000,00000,*2A
$GPNVS,6,0,A,1,0x00000,0x03,,0x00,00,,0x00000,,*05
$GPNVS,7,155726,031026,A,72,0x00,-12,-14,-1,581412,+4.27,-4.11*71
$GPNVS,9,+10000000.006,+2.77239,+10000000.05,15,+0.019,+0.37,,+38.06,50.0,50.3,*6A
$GPNVS,10,1,0,0,-70,-65,2,100,0.5,1,7,30,1,-2,1.0,20,-10,1,2,8000,,,,*61
$GPNVS,15,0,0,0000,2400,2400.00,00000000,0.00,0.00,0.00,0.00,-9999,999*4E
$GPNVS,1,155727,031026,A,N,63,N,0x00000,0x03,0x00,1,N*28
$GPNVS,2,155727,031026,0.00,0.00,0.00,0.00,0.00,0.00,0.00,0.00,*6B
$GPNVS,3,155727,031026,0.00,0.00,0.00,0.00,,0.00,0,0,1,+38.06,*4D
$GPNVS,4,155727,031026,0.00,0.00,,,,,,,*6D
$GPNVS,5,155727,031026,5C9,0,0,+38.06,00000,00000,*2B
$GPNVS,6,0,A,1,0x00000,0x03,,0x00,00,,0x00000,,*05
$GPNVS,7,155727,031026,A,72,0x00,-12,-14,-2,581410,+4.27,-4.11*71
$GPNVS,9,+10000000.006,+2.77238,+10000000.00,15,+0.019,+0.37,,+38.06,50.0,51.2,*6E
$GPNVS,10,1,0,0,-70,-70,2,100,0.5,1,7,30,1,-1,1.0,20,-10,1,2,8000,,,,*66
$GPNVS,15,0,0,0000,2400,2400.00,00000000,0.00,0.00,0.00,0.00,-9999,999*4E
$GPNVS,1,155728,031026,A,N,63,N,0x00000,0x03,0x00,1,N*27
$GPNVS,2,155728,031026,0.00,0.00,0.00,0.00,0.00,0.00,0.00,0.00,*64
$GPNVS,3,155728,031026,0.00,0.00,0.00,0.00,,0.00,0,0,1,+38.06,*42
$GPNVS,4,155728,031026,0.00,0.00,,,,,,,*62
$GPNVS,5,155728,031026,5C9,0,0,+38.06,00000,00000,*24
$GPNVS,6,0,A,1,0x00000,0x03,,0x00,00,,0x00000,,*05
$GPNVS,7,155728,031026,A,72,0x00,-12,-14,-2,581408,+4.28,-4.11*78
$GPNVS,9,+10000000.006,+2.77237,+10000000.00,15,+0.019,+0.37,,+38.06,50.0,50.6,*64
$GPNVS,10,1,0,0,-70,-70,2,100,0.5,1,7,30,1,-2,1.0,20,-10,1,2,8000,,,,*65
$GPNVS,15,0,0,0000,2400,2400.00,00000000,0.00,0.00,0.00,0.00,+9999,999*48
$GPNVS,1,155729,031026,A,N,63,N,0x00000,0x03,0x00,1,N*26
$GPNVS,2,155729,031026,0.00,0.00,0.00,0.00,0.00,0.00,0.00,0.00,*65
$GPNVS,3,155729,031026,0.00,0.00,0.00,0.00,,0.00,0,0,1,+38.06,*43
$GPNVS,4,155729,031026,0.00,0.00,,,,,,,*63
$GPNVS,5,155729,031026,5C9,0,0,+38.06,00000,00000,*25
$GPNVS,6,0,A,1,0x00000,0x03,,0x00,00,,0x00000,,*05
$GPNVS,7,155729,031026,A,72,0x00,-12,-13,-2,581406,+4.28,-4.11*70
$GPNVS,9,+10000000.006,+2.77236,+9999999.949,15,+0.019,+0.37,,+38.06,50.0,50.3,*6C
$GPNVS,10,1,0,0,-65,-65,2,100,0.5,1,7,30,1,-2,1.0,20,+6,1,2,8000,,,,*54
$GPNVS,15,0,0,0000,2400,2400.00,00000000,0.00,0.00,0.00,0.00,+9999,999*48
$GPNVS,1,155730,031026,A,N,63,N,0x00000,0x03,0x00,1,N*2E
$GPNVS,2,155730,031026,0.00,0.00,0.00,0.00,0.00,0.00,0.00,0.00,*6D
$GPNVS,3,155730,031026,0.00,0.00,0.00,0.00,,0.00,0,0,1,+38.06,*4B
$GPNVS,4,155730,031026,0.00,0.00,,,,,,,*6B
$GPNVS,5,155730,031026,5C9,0,0,+38.06,00000,00000,*2D
$GPNVS,6,0,A,1,0x00000,0x03,,0x00,00,,0x00000,,*05
$GPNVS,7,155730,031026,A,72,0x00,-12,-14,-1,581405,+4.28,-4.11*7F
$GPNVS,9,+10000000.006,+2.77235,+10000000.05,15,+0.019,+0.37,,+38.06,50.0,51.2,*66
$GPNVS,10,1,0,0,-70,-65,2,100,0.5,1,7,30,1,-2,1.0,20,+6,1,2,8000,,,,*50
$GPNVS,15,0,0,0000,2400,2400.00,00000000,0.00,0.00,0.00,0.00,+9999,999*48
$GPNVS,1,155731,031026,A,N,63,N,0x00000,0x03,0x00,1,N*2F
$GPNVS,2,155731,031026,0.00,0.00,0.00,0.00,0.00,0.00,0.00,0.00,*6C
$GPNVS,3,155731,031026,0.00,0.00,0.00,0.00,,0.00,0,0,1,+38.06,*4A
$GPNVS,4,155731,031026,0.00,0.00,,,,,,,*6A
$GPNVS,5,155731,031026,5C9,0,0,+38.06,00000,00000,*2C
$GPNVS,6,0,A,1,0x00000,0x03,,0x00,00,,0x00000,,*05
$GPNVS,7,155731,031026,A,72,0x00,-12,-14,-2,581403,+4.28,-4.11*7B
$GPNVS,9,+10000000.006,+2.77234,+10000000.00,15,+0.019,+0.37,,+38.06,50.0,50.3,*62
$GPNVS,10,1,0,0,-70,-70,2,100,0.5,1,7,30,1,-2,1.0,20,+6,1,2,8000,,,,*54
$GPNVS,15,0,0,0000,2400,2400.00,00000000,0.00,0.00,0.00,0.00,+9999,999*48
$GPNVS,1,155732,031026,A,N,63,N,0x00000,0x03,0x00,1,N*2C
$GPNVS,2,155732,031026,0.00,0.00,0.00,0.00,0.00,0.00,0.00,0.00,*6F
$GPNVS,3,155732,031026,0.00,0.00,0.00,0.00,,0.00,0,0,1,+38.06,*49
$GPNVS,4,155732,031026,0.00,0.00,,,,,,,*69
$GPNVS,5,155732,031026,5C9,0,0,+38.06,00000,00000,*2F
$GPNVS,6,0,A,1,0x00000,0x03,,0x00,00,,0x00000,,*05
$GPNVS,7,155732,031026,A,72,0x00,-12,-14,-2,581401,+4.28,-4.11*7A
$GPNVS,9,+10000000.006,+2.77233,+10000000.00,15,+0.019,+0.37,,+38.06,50.0,50.6,*60
$GPNVS,10,1,0,0,-70,-70,2,100,0.5,1,7,30,1,-2,1.0,20,+6,1,2,8000,,,,*54
$GPNVS,15,0,0,0000,2400,2400.00,00000000,0.00,0.00,0.00,0.00,+9999,999*48
$GPNVS,1,155733,031026,A,N,63,N,0x00000,0x03,0x00,1,N*2D
$GPNVS,2,155733,031026,0.00,0.00,0.00,0.00,0.00,0.00,0.00,0.00,*6E
$GPNVS,3,155733,031026,0.00,0.00,0.00,0.00,,0.00,0,0,1,+38.06,*48
$GPNVS,4,155733,031026,0.00,0.00,,,,,,,*68
$GPNVS,5,155733,031026,5C9,0,0,+38.06,00000,00000,*2E
$GPNVS,6,0,A,1,0x00000,0x03,,0x00,00,,0x00000,,*05
$GPNVS,7,155733,031026,A,72,0x00,-12,-15,-2,581399,+4.28,-4.11*7C
$GPNVS,9,+10000000.006,+2.77232,+10000000.05,15,+0.019,+0.37,,+38.06,50.0,50.3,*61
$GPNVS,10,1,0,0,-75,-70,2,100,0.5,1,7,30,1,-2,1.0,20,+6,1,2,8000,,,,*51
$GPNVS,15,0,0,0000,2400,2400.00,00000000,0.00,0.00,0.00,0.00,+9999,999*48
$GPNVS,1,155734,031026,A,N,63,N,0x00000,0x03,0x00,1,N*2A
$GPNVS,2,155734,031026,0.00,0.00,0.00,0.00,0.00,0.00,0.00,0.00,*69
$GPNVS,3,155734,031026,0.00,0.00,0.00,0.00,,0.00,0,0,1,+38.06,*4F
$GPNVS,4,155734,031026,0.00,0.00,,,,,,,*6F
$GPNVS,5,155734,031026,5C9,0,0,+38.06,00000,00000,*29
$GPNVS,6,0,A,1,0x00000,0x03,,0x00,00,,0x00000,,*05
$GPNVS,7,155734,031026,A,72,0x00,-12,-15,-2,581397,+4.28,-4.11*75
$GPNVS,9,+10000000.006,+2.77231,+10000000.00,15,+0.019,+0.37,,+38.06,50.0,50.3,*67
$GPNVS,10,1,0,0,-75,-75,2,100,0.5,1,7,30,1,-2,1.0,20,+6,1,2,8000,,,,*54
$GPNVS,15,0,0,0000,2400,2400.00,00000000,0.00,0.00,0.00,0.00,+9999,999*48
$GPNVS,1,155735,031026,A,N,63,N,0x00000,0x03,0x00,1,N*2B
$GPNVS,2,155735,031026,0.00,0.00,0.00,0.00,0.00,0.00,0.00,0.00,*68
$GPNVS,3,155735,031026,0.00,0.00,0.00,0.00,,0.00,0,0,1,+38.06,*4E
$GPNVS,4,155735,031026,0.00,0.00,,,,,,,*6E
$GPNVS,5,155735,031026,5C9,0,0,+38.06,00000,00000,*28
$GPNVS,6,0,A,1,0x00000,0x03,,0x00,00,,0x00000,,*05
$GPNVS,7,155735,031026,A,72,0x00,-12,-15,-1,581396,+4.28,-4.11*76
$GPNVS,9,+10000000.006,+2.77231,+10000000.00,15,+0.019,+0.37,,+38.06,50.0,50.6,*62
$GPNVS,10,1,0,0,-75,-75,2,100,0.5,1,7,30,1,-2,1.0,20,+6,1,2,8000,,,,*54
$GPNVS,15,0,0,0000,2400,2400.00,00000000,0.00,0.00,0.00,0.00,+9999,999*48
$GPNVS,99,,,*5C
$GPNVS,1,155736,031026,A,N,63,N,0x00000,0x03,0x00,1,N*28
$GPNVS,2,155736,031026,0.00,0.00,0.00,0.00,0.00,0.00,0.00,0.00,*6B
$GPNVS,3,155736,031026,0.00,0.00,0.00,0.00,,0.00,0,0,1,+38.06,*4D
$GPNVS,4,155736,031026,0.00,0.00,,,,,,,*6D
$GPNVS,5,155736,031026,5C9,0,0,+38.06,00000,00000,*2B
$GPNVS,6,0,A,1,0x00000,0x03,,0x00,00,,0x00000,,*05
$GPNVS,7,155736,031026,A,72,0x00,-12,-15,-2,581394,+4.28,-4.11*74
$GPNVS,9,+10000000.006,+2.77230,+10000000.00,15,+0.019,+0.37,,+38.06,50.0,50.3,*66
$GPNVS,10,1,0,0,-75,-75,2,100,0.5,1,7,30,1,-2,1.0,20,+6,1,2,8000,,,,*54
$GPNVS,15,0,0,0000,2400,2400.00,00000000,0.00,0.00,0.00,0.00,+9999,999*48
$GPNVS,1,155737,031026,A,N,63,N,0x00000,0x03,0x00,1,N*29
$GPNVS,2,155737,031026,0.00,0.00,0.00,0.00,0.00,0.00,0.00,0.00,*6A
$GPNVS,3,155737,031026,0.00,0.00,0.00,0.00,,0.00,0,0,1,+38.06,*4C
$GPNVS,4,155737,031026,0.00,0.00,,,,,,,*6C
$GPNVS,5,155737,031026,5C9,0,0,+38.06,00000,00000,*2A
$GPNVS,6,0,A,1,0x00000,0x03,,0x00,00,,0x00000,,*05
$GPNVS,7,155737,031026,A,72,0x00,-12,-16,-2,581392,+4.28,-4.11*70
$GPNVS,9,+10000000.008,+2.77229,+10000000.05,15,+0.019,+0.37,,+38.06,50.0,50.6,*60
$GPNVS,10,1,0,0,-80,-75,2,100,0.5,1,7,30,1,-2,1.0,20,+6,1,2,8000,,,,*5E
$GPNVS,15,0,0,0000,2400,2400.00,00000000,0.00,0.00,0.00,0.00,+9999,999*48
$GPNVS,1,155738,031026,A,N,63,N,0x00000,0x03,0x00,1,N*26
$GPNVS,2,155738,031026,0.00,0.00,0.00,0.00,0.00,0.00,0.00,0.00,*65
$GPNVS,3,155738,031026,0.00,0.00,0.00,0.00,,0.00,0,0,1,+38.06,*43
$GPNVS,4,155738,031026,0.00,0.00,,,,,,,*63
$GPNVS,5,155738,031026,5C9,0,0,+38.06,00000,00000,*25
$GPNVS,6,0,A,1,0x00000,0x03,,0x00,00,,0x00000,,*05
$GPNVS,7,155738,031026,A,72,0x00,-12,-16,-2,581390,+4.28,-4.11*7D
$GPNVS,9,+10000000.007,+2.77228,+10000000.00,15,+0.019,+0.37,,+38.06,50.0,50.6,*6B
$GPNVS,10,1,0,0,-80,-80,2,100,0.5,1,7,30,1,-2,1.0,20,+6,1,2,8000,,,,*54
$GPNVS,15,0,0,0000,2400,2400.00,00000000,0.00,0.00,0.00,0.00,+9999,999*48
$GPNVS,1,155739,031026,A,N,63,N,0x00000,0x03,0x00,1,N*27
$GPNVS,2,155739,031026,0.00,0.00,0.00,0.00,0.00,0.00,0.00,0.00,*64
$GPNVS,3,155739,031026,0.00,0.00,0.00,0.00,,0.00,0,0,1,+38.06,*42
$GPNVS,4,155739,031026,0.00,0.00,,,,,,,*62
$GPNVS,5,155739,031026,5C9,0,0,+38.06,00000,00000,*24
$GPNVS,6,0,A,1,0x00000,0x03,,0x00,00,,0x00000,,*05
$GPNVS,7,155739,031026,A,72,0x00,-12,-16,-2,581388,+4.28,-4.11*75
$GPNVS,9,+10000000.007,+2.77227,+10000000.00,15,+0.019,+0.37,,+38.06,50.0,50.0,*62
$GPNVS,10,1,0,0,-80,-80,2,100,0.5,1,7,30,1,-2,1.0,20,-14,1,2,8000,,,,*61
$GPNVS,15,0,0,0000,2400,2400.00,00000000,0.00,0.00,0.00,0.00,-9999,999*4E
$GPNVS,1,155740,031026,A,N,63,N,0x00000,0x03,0x00,1,N*29
$GPNVS,2,155740,031026,0.00,0.00,0.00,0.00,0.00,0.00,0.00,0.00,*6A
$GPNVS,3,155740,031026,0.00,0.00,0.00,0.00,,0.00,0,0,1,+38.06,*4C
$GPNVS,4,155740,031026,0.00,0.00,,,,,,,*6C
$GPNVS,5,155740,031026,5C9,0,0,+38.06,00000,00000,*2A
$GPNVS,6,0,A,1,0x00000,0x03,,0x00,00,,0x00000,,*05
$GPNVS,7,155740,031026,A,72,0x00,-12,-16,-2,581386,+4.28,-4.11*75
$GPNVS,9,+10000000.007,+2.77226,+10000000.00,15,+0.019,+0.37,,+38.06,50.0,50.6,*65
$GPNVS,10,1,0,0,-80,-80,2,100,0.5,1,7,30,1,-3,1.0,20,-14,1,2,8000,,,,*60
$GPNVS,15,0,0,0000,2400,2400.00,00000000,0.00,0.00,0.00,0.00,-9999,999*4E
$GPNVS,1,155741,031026,A,N,63,N,0x00000,0x03,0x00,1,N*28
$GPNVS,2,155741,031026,0.00,0.00,0.00,0.00,0.00,0.00,0.00,0.00,*6B
$GPNVS,3,155741,031026,0.00,0.00,0.00,0.00,,0.00,0,0,1,+38.06,*4D
$GPNVS,4,155741,031026,0.00,0.00,,,,,,,*6D
$GPNVS,5,155741,031026,5C9,0,0,+38.06,00000,00000,*2B
$GPNVS,6,0,A,1,0x00000,0x03,,0x00,00,,0x00000,,*05
$GPNVS,7,155741,031026,A,72,0x00,-12,-16,-2,581384,+4.28,-4.11*76
$GPNVS,9,+10000000.007,+2.77225,+10000000.00,15,+0.019,+0.37,,+38.06,50.0,49.6,*6E
$GPNVS,10,1,0,0,-80,-80,2,100,0.5,1,7,30,1,-2,1.0,20,-14,1,2,8000,,,,*61
$GPNVS,15,0,0,0000,2400,2400.00,00000000,0.00,0.00,0.00,0.00,-9999,999*4E
$GPNVS,1,155742,031026,A,N,63,N,0x00000,0x03,0x00,1,N*2B
$GPNVS,2,155742,031026,0.00,0.00,0.00,0.00,0.00,0.00,0.00,0.00,*68
$GPNVS,3,155742,031026,0.00,0.00,0.00,0.00,,0.00,0,0,1,+38.06,*4E
$GPNVS,4,155742,031026,0.00,0.00,,,,,,,*6E
$GPNVS,5,155742,031026,5C9,0,0,+38.06,00000,00000,*28
$GPNVS,6,0,A,1,0x00000,0x03,,0x00,00,,0x00000,,*05
$GPNVS,7,155742,031026,A,72,0x00,-12,-17,-2,581382,+4.28,-4.11*72
$GPNVS,9,+10000000.008,+2.77224,+10000000.05,15,+0.019,+0.37,,+38.06,50.0,50.0,*6B
$GPNVS,10,1,0,0,-85,-80,2,100,0.5,1,7,30,1,-2,1.0,20,-14,1,2,8000,,,,*64
$GPNVS,15,0,0,0000,2400,2400.00,00000000,0.00,0.00,0.00,0.00,-9999,999*4E
$GPNVS,1,155743,031026,A,N,63,N,0x00000,0x03,0x00,1,N*2A
$GPNVS,2,155743,031026,0.00,0.00,0.00,0.00,0.00,0.00,0.00,0.00,*69
$GPNVS,3,155743,031026,0.00,0.00,0.00,0.00,,0.00,0,0,1,+38.06,*4F
$GPNVS,4,155743,031026,0.00,0.00,,,,,,,*6F
$GPNVS,5,155743,031026,5C9,0,0,+38.06,00000,00000,*29
$GPNVS,6,0,A,1,0x00000,0x03,,0x00,00,,0x00000,,*05
$GPNVS,7,155743,031026,A,72,0x00,-27,-17,-2,581380,+4.27,-4.11*78
$GPNVS,9,+10000000.007,+2.77223,+10000000.00,15,+0.019,+0.37,,+38.06,50.0,50.3,*65
$GPNVS,10,1,0,0,-85,-85,2,100,0.5,1,7,30,1,-2,1.0,20,-14,1,2,8000,,,,*61
$GPNVS,15,0,0,0000,2400,2400.00,00000000,0.00,0.00,0.00,0.00,-9999,999*4E
$GPNVS,1,155744,031026,A,N,63,N,0x00000,0x03,0x00,1,N*2D
$GPNVS,2,155744,031026,0.00,0.00,0.00,0.00,0.00,0.00,0.00,0.00,*6E
$GPNVS,3,155744,031026,0.00,0.00,0.00,0.00,,0.00,0,0,1,+38.06,*48
$GPNVS,4,155744,031026,0.00,0.00,,,,,,,*68
$GPNVS,5,155744,031026,5C9,0,0,+38.06,00000,00000,*2E
$GPNVS,6,0,A,1,0x00000,0x03,,0x00,00,,0x00000,,*05
$GPNVS,7,155744,031026,A,72,0x00,-27,-17,-2,581378,+4.28,-4.11*77
$GPNVS,9,+10000000.007,+2.77222,+10000000.00,15,+0.019,+0.37,,+38.06,50.0,50.3,*64
$GPNVS,10,1,0,0,-85,-85,2,100,0.5,1,7,30,1,-2,1.0,20,-14,1,2,8000,,,,*61
$GPNVS,15,0,0,0000,2400,2400.00,00000000,0.00,0.00,0.00,0.00,-9999,999*4E
$GPNVS,1,155745,031026,A,N,63,N,0x00000,0x03,0x00,1,N*2C
$GPNVS,2,155745,031026,0.00,0.00,0.00,0.00,0.00,0.00,0.00,0.00,*6F
$GPNVS,3,155745,031026,0.00,0.00,0.00,0.00,,0.00,0,0,1,+38.06,*49
$GPNVS,4,155745,031026,0.00,0.00,,,,,,,*69
$GPNVS,5,155745,031026,5C9,0,0,+38.06,00000,00000,*2F
$GPNVS,6,0,A,1,0x00000,0x03,,0x00,00,,0x00000,,*05
$GPNVS,7,155745,031026,A,72,0x00,-27,-17,-2,581376,+4.28,-4.11*78
$GPNVS,9,+10000000.007,+2.77221,+10000000.00,15,+0.019,+0.37,,+38.06,50.0,49.6,*6A
$GPNVS,10,1,0,0,-85,-85,2,100,0.5,1,7,30,1,-3,1.0,20,-14,1,2,8000,,,,*60
$GPNVS,15,0,0,0000,2400,2400.00,00000000,0.00,0.00,0.00,0.00,-9999,999*4E
$GPNVS,1,155746,031026,A,N,63,N,0x00000,0x03,0x00,1,N*2F
$GPNVS,2,155746,031026,0.00,0.00,0.00,0.00,0.00,0.00,0.00,0.00,*6C
$GPNVS,3,155746,031026,0.00,0.00,0.00,0.00,,0.00,0,0,1,+38.06,*4A
$GPNVS,4,155746,031026,0.00,0.00,,,,,,,*6A
$GPNVS,5,155746,031026,5C9,0,0,+38.06,00000,00000,*2C
$GPNVS,6,0,A,1,0x00000,0x03,,0x00,00,,0x00000,,*05
$GPNVS,7,155746,031026,A,72,0x00,-27,-18,-2,581374,+4.28,-4.11*76
$GPNVS,9,+10000000.008,+2.77220,+10000000.05,15,+0.019,+0.37,,+38.06,50.0,50.0,*6F
$GPNVS,10,1,0,0,-90,-85,2,100,0.5,1,7,30,1,-3,1.0,20,-14,1,2,8000,,,,*64
$GPNVS,15,0,0,0000,2400,2400.00,00000000,0.00,0.00,0.00,0.00,-9999,999*4E
$GPNVS,1,155747,031026,A,N,63,N,0x00000,0x03,0x00,1,N*2E
$GPNVS,2,155747,031026,0.00,0.00,0.00,0.00,0.00,0.00,0.00,0.00,*6D
$GPNVS,3,155747,031026,0.00,0.00,0.00,0.00,,0.00,0,0,1,+38.06,*4B
$GPNVS,4,155747,031026,0.00,0.00,,,,,,,*6B
$GPNVS,5,155747,031026,5C9,0,0,+38.06,00000,00000,*2D
$GPNVS,6,0,A,1,0x00000,0x03,,0x00,00,,0x00000,,*05
$GPNVS,7,155747,031026,A,72,0x00,-27,-16,-2,581372,+4.28,-4.11*7F
$GPNVS,9,+10000000.006,+2.77220,+9999999.900,15,+0.019,+0.37,,+38.06,50.0,50.0,*65
$GPNVS,10,1,0,0,-80,-85,2,100,0.5,1,7,30,1,-3,1.0,20,-14,1,2,8000,,,,*65
$GPNVS,15,0,0,0000,2400,2400.00,00000000,0.00,0.00,0.00,0.00,-9999,999*4E
$GPNVS,1,155748,031026,A,N,63,N,0x00000,0x03,0x00,1,N*21
$GPNVS,2,155748,031026,0.00,0.00,0.00,0.00,0.00,0.00,0.00,0.00,*62
$GPNVS,3,155748,031026,0.00,0.00,0.00,0.00,,0.00,0,0,1,+38.06,*44
$GPNVS,4,155748,031026,0.00,0.00,,,,,,,*64
$GPNVS,5,155748,031026,5C9,0,0,+38.06,00000,00000,*22
$GPNVS,6,0,A,1,0x00000,0x03,,0x00,00,,0x00000,,*05
$GPNVS,7,155748,031026,A,72,0x00,-27,-17,-2,581370,+4.28,-4.11*73
$GPNVS,9,+10000000.006,+2.77219,+10000000.05,15,+0.019,+0.37,,+38.06,50.0,50.6,*6D
$GPNVS,10,1,0,0,-85,-80,2,100,0.5,1,7,30,1,-3,1.0,20,-14,1,2,8000,,,,*65
$GPNVS,15,0,0,0000,2400,2400.00,00000000,0.00,0.00,0.00,0.00,-9999,999*4E
$GPNVS,1,155749,031026,A,N,63,N,0x00000,0x03,0x00,1,N*20
$GPNVS,2,155749,031026,0.00,0.00,0.00,0.00,0.00,0.00,0.00,0.00,*63
$GPNVS,3,155749,031026,0.00,0.00,0.00,0.00,,0.00,0,0,1,+38.06,*45
$GPNVS,4,155749,031026,0.00,0.00,,,,,,,*65
$GPNVS,5,155749,031026,5C9,0,0,+38.06,00000,00000,*23
$GPNVS,6,0,A,1,0x00000,0x03,,0x00,00,,0x00000,,*05
$GPNVS,7,155749,031026,A,72,0x00,-27,-17,-2,581368,+4.28,-4.11*7B
$GPNVS,9,+10000000.006,+2.77218,+10000000.00,15,+0.019,+0.37,,+38.06,50.0,50.3,*6C
$GPNVS,10,1,0,0,-85,-85,2,100,0.5,1,7,30,1,-2,1.0,20,-14,1,2,8000,,,,*61
$GPNVS,15,0,0,0000,2400,2400.00,00000000,0.00,0.00,0.00,0.00,-9999,999*4E
$GPNVS,1,155750,031026,A,N,61,N,0x00000,0x03,0x00,1,N*2A
$GPNVS,2,155750,031026,0.00,0.00,0.00,0.00,0.00,0.00,0.00,0.00,*6B
$GPNVS,3,155750,031026,0.00,0.00,0.00,0.00,,0.00,0,0,1,+38.06,*4D
$GPNVS,4,155750,031026,0.00,0.00,,,,,,,*6D
$GPNVS,5,155750,031026,5C9,0,0,+38.06,00000,00000,*2B
$GPNVS,6,0,A,1,0x00000,0x03,,0x00,00,,0x00000,,*05
$GPNVS,7,155750,031026,A,72,0x00,-27,-17,-2,581366,+4.28,-4.11*7D
$GPNVS,9,+10000000.006,+2.77217,+10000000.00,15,+0.019,+0.37,,+38.06,50.0,49.0,*68
$GPNVS,10,1,0,0,-85,-85,2,100,0.5,1,7,30,1,-2,1.0,20,+2,1,2,8000,,,,*50
$GPNVS,15,0,0,0000,2400,2400.00,00000000,0.00,0.00,0.00,0.00,+9999,999*48
$GPNVS,99,,,*5C
$GPNVS,1,155751,031026,A,N,61,N,0x00000,0x03,0x00,1,N*2B
$GPNVS,2,155751,031026,0.00,0.00,0.00,0.00,0.00,0.00,0.00,0.00,*6A
$GPNVS,3,155751,031026,0.00,0.00,0.00,0.00,,0.00,0,0,1,+38.06,*4C
$GPNVS,4,155751,031026,0.00,0.00,,,,,,,*6C
$GPNVS,5,155751,031026,5C9,0,0,+38.06,00000,00000,*2A
$GPNVS,6,0,A,1,0x00000,0x03,,0x00,00,,0x00000,,*05
$GPNVS,7,155751,031026,A,72,0x00,-27,-18,-3,581363,+4.28,-4.11*77
$GPNVS,9,+10000000.007,+2.77215,+10000000.05,15,+0.019,+0.37,,+38.06,50.0,49.6,*68
$GPNVS,10,1,0,0,-90,-85,2,100,0.5,1,7,30,1,-2,1.0,20,+2,1,2,8000,,,,*54
$GPNVS,15,0,0,0000,2400,2400.00,00000000,0.00,0.00,0.00,0.00,+9999,999*48
$GPNVS,1,155752,031026,A,N,61,N,0x00000,0x03,0x00,1,N*28
$GPNVS,2,155752,031026,0.00,0.00,0.00,0.00,0.00,0.00,0.00,0.00,*69
$GPNVS,3,155752,031026,0.00,0.00,0.00,0.00,,0.00,0,0,1,+38.06,*4F
$GPNVS,4,155752,031026,0.00,0.00,,,,,,,*6F
$GPNVS,5,155752,031026,5C9,0,0,+38.06,00000,00000,*29
$GPNVS,6,0,A,1,0x00000,0x03,,0x00,00,,0x00000,,*05
$GPNVS,7,155752,031026,A,71,0x00,-27,-18,-2,581361,+4.28,-4.11*74
$GPNVS,9,+10000000.006,+2.77214,+10000000.00,15,+0.019,+0.37,,+38.06,50.0,50.6,*65
$GPNVS,10,1,0,0,-90,-90,2,100,0.5,1,7,30,1,-2,1.0,20,+2,1,2,8000,,,,*50
$GPNVS,15,0,0,0000,2400,2400.00,00000000,0.00,0.00,0.00,0.00,+9999,999*48
$GPNVS,1,155753,031026,A,N,61,N,0x00000,0x03,0x00,1,N*29
$GPNVS,2,155753,031026,0.00,0.00,0.00,0.00,0.00,0.00,0.00,0.00,*68
$GPNVS,3,155753,031026,0.00,0.00,0.00,0.00,,0.00,0,0,1,+38.06,*4E
$GPNVS,4,155753,031026,0.00,0.00,,,,,,,*6E
$GPNVS,5,155753,031026,5C9,0,0,+38.06,00000,00000,*28
$GPNVS,6,0,A,1,0x00000,0x03,,0x00,00,,0x00000,,*05
$GPNVS,7,155753,031026,A,71,0x00,-27,-17,-2,581359,+4.28,-4.11*71
$GPNVS,9,+10000000.006,+2.77213,+9999999.949,15,+0.019,+0.37,,+38.06,50.0,50.6,*6E
$GPNVS,10,1,0,0,-85,-85,2,100,0.5,1,7,30,1,-1,1.0,20,+2,1,2,8000,,,,*53
$GPNVS,15,0,0,0000,2400,2400.00,00000000,0.00,0.00,0.00,0.00,+9999,999*48
$GPNVS,1,155754,031026,A,N,61,N,0x00000,0x03,0x00,1,N*2E
$GPNVS,2,155754,031026,0.00,0.00,0.00,0.00,0.00,0.00,0.00,0.00,*6F
$GPNVS,3,155754,031026,0.00,0.00,0.00,0.00,,0.00,0,0,1,+38.06,*49
$GPNVS,4,155754,031026,0.00,0.00,,,,,,,*69
$GPNVS,5,155754,031026,5C9,0,0,+38.06,00000,00000,*2F
$GPNVS,6,0,A,1,0x00000,0x03,,0x00,00,,0x00000,,*05
$GPNVS,7,155754,031026,A,71,0x00,-27,-17,-2,581357,+4.28,-4.11*78
$GPNVS,9,+10000000.006,+2.77212,+10000000.00,15,+0.019,+0.37,,+38.06,50.0,50.6,*63
$GPNVS,10,1,0,0,-85,-85,2,100,0.5,1,7,30,1,-1,1.0,20,+2,1,2,8000,,,,*53
$GPNVS,15,0,0,0000,2400,2400.00,00000000,0.00,0.00,0.00,0.00,+9999,999*48
$GPNVS,1,155755,031026,A,N,61,N,0x00000,0x03,0x00,1,N*2F
$GPNVS,2,155755,031026,0.00,0.00,0.00,0.00,0.00,0.00,0.00,0.00,*6E
$GPNVS,3,155755,031026,0.00,0.00,0.00,0.00,,0.00,0,0,1,+38.06,*48
$GPNVS,4,155755,031026,0.00,0.00,,,,,,,*68
$GPNVS,5,155755,031026,5C9,0,0,+38.06,00000,00000,*2E
$GPNVS,6,0,A,1,0x00000,0x03,,0x00,00,,0x00000,,*05
$GPNVS,7,155755,031026,A,71,0x00,-27,-18,-2,581355,+4.28,-4.11*74
$GPNVS,9,+10000000.007,+2.77211,+10000000.05,15,+0.019,+0.37,,+38.06,50.0,50.0,*62
$GPNVS,10,1,0,0,-90,-85,2,100,0.5,1,7,30,1,-1,1.0,20,+2,1,2,8000,,,,*57
$GPNVS,15,0,0,0000,2400,2400.00,00000000,0.00,0.00,0.00,0.00,+9999,999*48
$GPNVS,1,155756,031026,A,N,61,N,0x00000,0x03,0x00,1,N*2C
$GPNVS,2,155756,031026,0.00,0.00,0.00,0.00,0.00,0.00,0.00,0.00,*6D
$GPNVS,3,155756,031026,0.00,0.00,0.00,0.00,,0.00,0,0,1,+38.06,*4B
$GPNVS,4,155756,031026,0.00,0.00,,,,,,,*6B
$GPNVS,5,155756,031026,5C9,0,0,+38.06,00000,00000,*2D
$GPNVS,6,0,A,1,0x00000,0x03,,0x00,00,,0x00000,,*05
$GPNVS,7,155756,031026,A,71,0x00,-27,-18,-2,581353,+4.28,-4.11*71
$GPNVS,9,+10000000.006,+2.77210,+10000000.00,15,+0.019,+0.37,,+38.06,50.0,49.3,*6C
$GPNVS,10,1,0,0,-90,-90,2,100,0.5,1,7,30,1,-2,1.0,20,+2,1,2,8000,,,,*50
$GPNVS,15,0,0,0000,2400,2400.00,00000000,0.00,0.00,0.00,0.00,+9999,999*48
$GPNVS,1,155757,031026,A,N,61,N,0x00000,0x03,0x00,1,N*2D
$GPNVS,2,155757,031026,0.00,0.00,0.00,0.00,0.00,0.00,0.00,0.00,*6C
$GPNVS,3,155757,031026,0.00,0.00,0.00,0.00,,0.00,0,0,1,+38.06,*4A
$GPNVS,4,155757,031026,0.00,0.00,,,,,,,*6A
$GPNVS,5,155757,031026,5C9,0,0,+38.06,00000,00000,*2C
$GPNVS,6,0,A,1,0x00000,0x03,,0x00,00,,0x00000,,*05
$GPNVS,7,155757,031026,A,71,0x00,-27,-18,-2,581351,+4.28,-4.11*72
$GPNVS,9,+10000000.006,+2.77210,+10000000.00,15,+0.019,+0.37,,+38.06,50.0,50.3,*64
$GPNVS,10,1,0,0,-90,-90,2,100,0.5,1,7,30,1,-2,1.0,20,+2,1,2,8000,,,,*50
$GPNVS,15,0,0,0000,2400,2400.00,00000000,0.00,0.00,0.00,0.00,+9999,999*48
$GPNVS,1,155758,031026,A,N,61,N,0x00000,0x03,0x00,1,N*22
$GPNVS,2,155758,031026,0.00,0.00,0.00,0.00,0.00,0.00,0.00,0.00,*63
$GPNVS,3,155758,031026,0.00,0.00,0.00,0.00,,0.00,0,0,1,+38.06,*45
$GPNVS,4,155758,031026,0.00,0.00,,,,,,,*65
$GPNVS,5,155758,031026,5C9,0,0,+38.06,00000,00000,*23
$GPNVS,6,0,A,1,0x00000,0x03,,0x00,00,,0x00000,,*05
$GPNVS,7,155758,031026,A,71,0x00,-3,-18,-2,581349,+4.28,-4.11*42
$GPNVS,9,+10000000.006,+2.77209,+10000000.00,15,+0.019,+0.37,,+38.06,50.0,50.3,*6C
$GPNVS,10,1,0,0,-90,-90,2,100,0.5,1,7,30,1,-1,1.0,20,+2,1,2,8000,,,,*53
$GPNVS,15,0,0,0000,2400,2400.00,00000000,0.00,0.00,0.00,0.00,+9999,999*48
$GPNVS,1,155759,031026,A,N,61,N,0x00000,0x03,0x00,1,N*23
$GPNVS,2,155759,031026,0.00,0.00,0.00,0.00,0.00,0.00,0.00,0.00,*62
$GPNVS,3,155759,031026,0.00,0.00,0.00,0.00,,0.00,0,0,1,+38.06,*44
$GPNVS,4,155759,031026,0.00,0.00,,,,,,,*64
$GPNVS,5,155759,031026,5C9,0,0,+38.06,00000,00000,*22
$GPNVS,6,0,A,1,0x00000,0x03,,0x00,00,,0x00000,,*05
$GPNVS,7,155759,031026,A,71,0x00,-3,-19,-2,581347,+4.27,-4.11*43
$GPNVS,9,+10000000.006,+2.77208,+10000000.05,15,+0.019,+0.37,,+38.06,50.0,50.6,*6D
$GPNVS,10,1,0,0,-95,-90,2,100,0.5,1,7,30,1,-1,1.0,20,+2,1,2,8000,,,,*56
$GPNVS,15,0,0,0000,2400,2400.00,00000000,0.00,0.00,0.00,0.00,+9999,999*48
$GPNVS,1,155800,031026,A,N,61,N,0x00000,0x03,0x00,1,N*20
$GPNVS,2,155800,031026,0.00,0.00,0.00,0.00,0.00,0.00,0.00,0.00,*61
$GPNVS,3,155800,031026,0.00,0.00,0.00,0.00,,0.00,0,0,1,+38.06,*47
$GPNVS,4,155800,031026,0.00,0.00,,,,,,,*67
$GPNVS,5,155800,031026,5C9,0,0,+38.06,00000,00000,*21
$GPNVS,6,0,A,1,0x00000,0x03,,0x00,00,,0x00000,,*05
$GPNVS,7,155800,031026,A,71,0x00,-3,-18,-2,581345,+4.28,-4.11*4C
$GPNVS,9,+10000000.006,+2.77207,+9999999.949,15,+0.019,+0.37,,+38.06,50.0,49.0,*65
$GPNVS,10,1,0,0,-90,-90,2,100,0.5,1,7,30,1,-1,1.0,20,+2,1,2,8000,,,,*53
$GPNVS,15,0,0,0000,2400,2400.00,00000000,0.00,0.00,0.00,0.00,+9999,999*48
$GPNVS,1,155801,031026,A,N,61,N,0x00000,0x03,0x00,1,N*21
$GPNVS,2,155801,031026,0.00,0.00,0.00,0.00,0.00,0.00,0.00,0.00,*60
$GPNVS,3,155801,031026,0.00,0.00,0.00,0.00,,0.00,0,0,1,+38.06,*46
$GPNVS,4,155801,031026,0.00,0.00,,,,,,,*66
$GPNVS,5,155801,031026,5C9,0,0,+38.06,00000,00000,*20
$GPNVS,6,0,A,1,0x00000,0x03,,0x00,00,,0x00000,,*05
$GPNVS,7,155801,031026,A,71,0x00,-3,-19,-2,581343,+4.28,-4.11*4A
$GPNVS,9,+10000000.007,+2.77206,+10000000.05,15,+0.019,+0.37,,+38.06,50.0,50.6,*62
$GPNVS,10,1,0,0,-95,-90,2,100,0.5,1,7,30,1,-1,1.0,20,-18,1,2,8000,,,,*6B
$GPNVS,15,0,0,0000,2400,2400.00,00000000,0.00,0.00,0.00,0.00,-9999,999*4E
$GPNVS,1,155802,031026,A,N,61,N,0x00000,0x03,0x00,1,N*22
$GPNVS,2,155802,031026,0.00,0.00,0.00,0.00,0.00,0.00,0.00,0.00,*63
$GPNVS,3,155802,031026,0.00,0.00,0.00,0.00,,0.00,0,0,1,+38.06,*45
$GPNVS,4,155802,031026,0.00,0.00,,,,,,,*65
$GPNVS,5,155802,031026,5C9,0,0,+38.06,00000,00000,*23
$GPNVS,6,0,A,1,0x00000,0x03,,0x00,00,,0x00000,,*05
$GPNVS,7,155802,031026,A,71,0x00,-3,-18,-2,581341,+4.28,-4.11*4A
$GPNVS,9,+10000000.006,+2.77205,+9999999.949,15,+0.019,+0.37,,+38.06,50.0,49.6,*61
$GPNVS,10,1,0,0,-90,-90,2,100,0.5,1,7,30,1,-1,1.0,20,-18,1,2,8000,,,,*6E
$GPNVS,15,0,0,0000,2400,2400.00,00000000,0.00,0.00,0.00,0.00,-9999,999*4E
$GPNVS,1,155803,031026,A,N,61,N,0x00000,0x03,0x00,1,N*23
$GPNVS,2,155803,031026,0.00,0.00,0.00,0.00,0.00,0.00,0.00,0.00,*62
$GPNVS,3,155803,031026,0.00,0.00,0.00,0.00,,0.00,0,0,1,+38.06,*44
$GPNVS,4,155803,031026,0.00,0.00,,,,,,,*64
$GPNVS,5,155803,031026,5C9,0,0,+38.06,00000,00000,*22
$GPNVS,6,0,A,1,0x00000,0x03,,0x00,00,,0x00000,,*05
$GPNVS,7,155803,031026,A,71,0x00,-3,-19,-2,581339,+4.28,-4.11*45
$GPNVS,9,+10000000.006,+2.77204,+10000000.05,15,+0.019,+0.37,,+38.06,50.0,50.0,*67
$GPNVS,10,1,0,0,-95,-90,2,100,0.5,1,7,30,1,-1,1.0,20,-18,1,2,8000,,,,*6B
$GPNVS,15,0,0,0000,2400,2400.00,00000000,0.00,0.00,0.00,0.00,-9999,999*4E
$GPNVS,1,155804,031026,A,N,61,N,0x00000,0x03,0x00,1,N*24
$GPNVS,2,155804,031026,0.00,0.00,0.00,0.00,0.00,0.00,0.00,0.00,*65
$GPNVS,3,155804,031026,0.00,0.00,0.00,0.00,,0.00,0,0,1,+38.06,*43
$GPNVS,4,155804,031026,0.00,0.00,,,,,,,*63
$GPNVS,5,155804,031026,5C9,0,0,+38.06,00000,00000,*25
$GPNVS,6,0,A,1,0x00000,0x03,,0x00,00,,0x00000,,*05
$GPNVS,7,155804,031026,A,71,0x00,-3,-18,-2,581337,+4.28,-4.11*4D
$GPNVS,9,+10000000.004,+2.77203,+9999999.949,15,+0.019,+0.37,,+38.06,50.0,50.3,*68
$GPNVS,10,1,0,0,-90,-90,2,100,0.5,1,7,30,1,-1,1.0,20,-18,1,2,8000,,,,*6E
$GPNVS,15,0,0,0000,2400,2400.00,00000000,0.00,0.00,0.00,0.00,-9999,999*4E
$GPNVS,1,155805,031026,A,N,61,N,0x00000,0x03,0x00,1,N*25
$GPNVS,2,155805,031026,0.00,0.00,0.00,0.00,0.00,0.00,0.00,0.00,*64
$GPNVS,3,155805,031026,0.00,0.00,0.00,0.00,,0.00,0,0,1,+38.06,*42
$GPNVS,4,155805,031026,0.00,0.00,,,,,,,*62
$GPNVS,5,155805,031026,5C9,0,0,+38.06,00000,00000,*24
$GPNVS,6,0,A,1,0x00000,0x03,,0x00,00,,0x00000,,*05
$GPNVS,7,155805,031026,A,71,0x00,-3,-19,-2,581335,+4.27,-4.11*40
$GPNVS,9,+10000000.006,+2.77202,+10000000.05,15,+0.019,+0.37,,+38.06,50.0,49.3,*6A
$GPNVS,10,1,0,0,-95,-90,2,100,0.5,1,7,30,1,-2,1.0,20,-18,1,2,8000,,,,*68
$GPNVS,15,0,0,0000,2400,2400.00,00000000,0.00,0.00,0.00,0.00,-9999,999*4E
$GPNVS,99,,,*5C
$GPNVS,1,155806,031026,A,N,61,N,0x00000,0x03,0x00,1,N*26
$GPNVS,2,155806,031026,0.00,0.00,0.00,0.00,0.00,0.00,0.00,0.00,*67
$GPNVS,3,155806,031026,0.00,0.00,0.00,0.00,,0.00,0,0,1,+38.06,*41
$GPNVS,4,155806,031026,0.00,0.00,,,,,,,*61
$GPNVS,5,155806,031026,5C9,0,0,+38.06,00000,00000,*27
$GPNVS,6,0,A,1,0x00000,0x03,,0x00,00,,0x00000,,*05
$GPNVS,7,155806,031026,A,71,0x00,-3,-18,-2,581333,+4.27,-4.11*44
$GPNVS,9,+10000000.006,+2.77201,+9999999.949,15,+0.019,+0.37,,+38.06,50.0,49.0,*63
$GPNVS,10,1,0,0,-90,-90,2,100,0.5,1,7,30,1,-1,1.0,20,-18,1,2,8000,,,,*6E
$GPNVS,15,0,0,0000,2400,2400.00,00000000,0.00,0.00,0.00,0.00,-9999,999*4E
$GPNVS,1,155807,031026,A,N,61,N,0x00000,0x03,0x00,1,N*27
$GPNVS,2,155807,031026,0.00,0.00,0.00,0.00,0.00,0.00,0.00,0.00,*66
$GPNVS,3,155807,031026,0.00,0.00,0.00,0.00,,0.00,0,0,1,+38.06,*40
$GPNVS,4,155807,031026,0.00,0.00,,,,,,,*60
$GPNVS,5,155807,031026,5C9,0,0,+38.06,00000,00000,*26
$GPNVS,6,0,A,1,0x00000,0x03,,0x00,00,,0x00000,,*05
$GPNVS,7,155807,031026,A,71,0x00,-3,-19,-2,581331,+4.28,-4.11*49
$GPNVS,9,+10000000.006,+2.77200,+10000000.05,15,+0.019,+0.37,,+38.06,50.0,50.0,*63
$GPNVS,10,1,0,0,-95,-90,2,100,0.5,1,7,30,1,-2,1.0,20,-18,1,2,8000,,,,*68
$GPNVS,15,0,0,0000,2400,2400.00,00000000,0.00,0.00,0.00,0.00,-9999,999*4E
$GPNVS,1,155808,031026,A,N,61,N,0x00000,0x03,0x00,1,N*28
$GPNVS,2,155808,031026,0.00,0.00,0.00,0.00,0.00,0.00,0.00,0.00,*69
$GPNVS,3,155808,031026,0.00,0.00,0.00,0.00,,0.00,0,0,1,+38.06,*4F
$GPNVS,4,155808,031026,0.00,0.00,,,,,,,*6F
$GPNVS,5,155808,031026,5C9,0,0,+38.06,00000,00000,*29
$GPNVS,6,0,A,1,0x00000,0x03,,0x00,00,,0x00000,,*05
$GPNVS,7,155808,031026,A,71,0x00,-3,-19,-2,581329,+4.27,-4.11*40
$GPNVS,9,+10000000.006,+2.77199,+10000000.00,15,+0.019,+0.37,,+38.06,50.0,50.3,*66
$GPNVS,10,1,0,0,-95,-95,2,100,0.5,1,7,30,1,-2,1.0,20,-18,1,2,8000,,,,*6D
$GPNVS,15,0,0,0000,2400,2400.00,00000000,0.00,0.00,0.00,0.00,-9999,999*4E
$GPNVS,1,155809,031026,A,N,61,N,0x00000,0x03,0x00,1,N*29
$GPNVS,2,155809,031026,0.00,0.00,0.00,0.00,0.00,0.00,0.00,0.00,*68
$GPNVS,3,155809,031026,0.00,0.00,0.00,0.00,,0.00,0,0,1,+38.06,*4E
$GPNVS,4,155809,031026,0.00,0.00,,,,,,,*6E
$GPNVS,5,155809,031026,5C9,0,0,+38.06,00000,00000,*28
$GPNVS,6,0,A,1,0x00000,0x03,,0x00,00,,0x00000,,*05
$GPNVS,7,155809,031026,A,71,0x00,-3,-18,-2,581327,+4.28,-4.11*41
$GPNVS,9,+10000000.006,+2.77198,+9999999.949,15,+0.019,+0.37,,+38.06,50.0,49.6,*66
$GPNVS,10,1,0,0,-90,-90,2,100,0.5,1,7,30,1,-1,1.0,20,-18,1,2,8000,,,,*6E
$GPNVS,15,0,0,0000,2400,2400.00,00000000,0.00,0.00,0.00,0.00,-9999,999*4E
$GPNVS,1,155810,031026,A,N,61,N,0x00000,0x03,0x00,1,N*21
$GPNVS,2,155810,031026,0.00,0.00,0.00,0.00,0.00,0.00,0.00,0.00,*60
$GPNVS,3,155810,031026,0.00,0.00,0.00,0.00,,0.00,0,0,1,+38.06,*46
$GPNVS,4,155810,031026,0.00,0.00,,,,,,,*66
$GPNVS,5,155810,031026,5C9,0,0,+38.06,00000,00000,*20
$GPNVS,6,0,A,1,0x00000,0x03,,0x00,00,,0x00000,,*05
$GPNVS,7,155810,031026,A,71,0x00,-3,-19,-2,581325,+4.28,-4.11*4A
$GPNVS,9,+10000000.006,+2.77197,+10000000.05,15,+0.019,+0.37,,+38.06,50.0,50.6,*68
$GPNVS,10,1,0,0,-95,-90,2,100,0.5,1,7,30,1,-1,1.0,20,-18,1,2,8000,,,,*6B
$GPNVS,15,0,0,0000,2400,2400.00,00000000,0.00,0.00,0.00,0.00,-9999,999*4E
$GPNVS,1,155811,031026,A,N,61,N,0x00000,0x03,0x00,1,N*20
$GPNVS,2,155811,031026,0.00,0.00,0.00,0.00,0.00,0.00,0.00,0.00,*61
$GPNVS,3,155811,031026,0.00,0.00,0.00,0.00,,0.00,0,0,1,+38.06,*47
$GPNVS,4,155811,031026,0.00,0.00,,,,,,,*67
$GPNVS,5,155811,031026,5C9,0,0,+38.06,00000,00000,*21
$GPNVS,6,0,A,1,0x00000,0x03,,0x00,00,,0x00000,,*05
$GPNVS,7,155811,031026,A,71,0x00,-3,-18,-2,581323,+4.28,-4.11*4C
$GPNVS,9,+10000000.004,+2.77196,+9999999.949,15,+0.019,+0.37,,+38.06,50.0,50.0,*64
$GPNVS,10,1,0,0,-90,-90,2,100,0.5,1,7,30,1,-1,1.0,20,-18,1,2,8000,,,,*6E
$GPNVS,15,0,0,0000,2400,2400.00,00000000,0.00,0.00,0.00,0.00,+9999,999*48
$GPNVS,1,155812,031026,A,N,61,N,0x00000,0x03,0x00,1,N*23
$GPNVS,2,155812,031026,0.00,0.00,0.00,0.00,0.00,0.00,0.00,0.00,*62
$GPNVS,3,155812,031026,0.00,0.00,0.00,0.00,,0.00,0,0,1,+38.06,*44
$GPNVS,4,155812,031026,0.00,0.00,,,,,,,*64
$GPNVS,5,155812,031026,5C9,0,0,+38.06,00000,00000,*22
$GPNVS,6,0,A,1,0x00000,0x03,,0x00,00,,0x00000,,*05
$GPNVS,7,155812,031026,A,71,0x00,-3,-19,-1,581322,+4.27,-4.11*43
$GPNVS,9,+10000000.006,+2.77196,+10000000.05,15,+0.019,+0.37,,+38.06,50.0,50.3,*6C
$GPNVS,10,1,0,0,-95,-90,2,100,0.5,1,7,30,1,-1,1.0,20,+18,1,2,8000,,,,*6D
$GPNVS,15,0,0,0000,2400,2400.00,00000000,0.00,0.00,0.00,0.00,+9999,999*48
$GPNVS,1,155813,031026,A,N,61,N,0x00000,0x03,0x00,1,N*22
$GPNVS,2,155813,031026,0.00,0.00,0.00,0.00,0.00,0.00,0.00,0.00,*63
$GPNVS,3,155813,031026,0.00,0.00,0.00,0.00,,0.00,0,0,1,+38.06,*45
$GPNVS,4,155813,031026,0.00,0.00,,,,,,,*65
$GPNVS,5,155813,031026,5C9,0,0,+38.06,00000,00000,*23
$GPNVS,6,0,A,1,0x00000,0x03,,0x00,00,,0x00000,,*05
$GPNVS,7,155813,031026,A,71,0x00,-12,-20,-2,581320,+4.27,-4.11*79
$GPNVS,9,+10000000.006,+2.77195,+10000000.05,15,+0.019,+0.37,,+38.06,50.0,49.6,*62
$GPNVS,10,1,0,0,-100,-95,2,100,0.5,1,7,30,1,-1,1.0,20,+18,1,2,8000,,,,*55
$GPNVS,15,0,0,0000,2400,2400.00,00000000,0.00,0.00,0.00,0.00,+9999,999*48
$GPNVS,1,155814,031026,A,N,61,N,0x00000,0x03,0x00,1,N*25
$GPNVS,2,155814,031026,0.00,0.00,0.00,0.00,0.00,0.00,0.00,0.00,*64
$GPNVS,3,155814,031026,0.00,0.00,0.00,0.00,,0.00,0,0,1,+38.06,*42
$GPNVS,4,155814,031026,0.00,0.00,,,,,,,*62
$GPNVS,5,155814,031026,5C9,0,0,+38.06,00000,00000,*24
$GPNVS,6,0,A,1,0x00000,0x03,,0x00,00,,0x00000,,*05
$GPNVS,7,155814,031026,A,71,0x00,-12,-19,-2,581318,+4.28,-4.11*70
$GPNVS,9,+10000000.006,+2.77194,+9999999.949,15,+0.019,+0.37,,+38.06,50.0,49.3,*6F
$GPNVS,10,1,0,0,-95,-95,2,100,0.5,1,7,30,1,-1,1.0,20,+18,1,2,8000,,,,*68
$GPNVS,15,0,0,0000,2400,2400.00,00000000,0.00,0.00,0.00,0.00,+9999,999*48
$GPNVS,1,155815,031026,A,N,61,N,0x00000,0x03,0x00,1,N*24
$GPNVS,2,155815,031026,0.00,0.00,0.00,0.00,0.00,0.00,0.00,0.00,*65
$GPNVS,3,155815,031026,0.00,0.00,0.00,0.00,,0.00,0,0,1,+38.06,*43
$GPNVS,4,155815,031026,0.00,0.00,,,,,,,*63
$GPNVS,5,155815,031026,5C9,0,0,+38.06,00000,00000,*25
$GPNVS,6,0,A,1,0x00000,0x03,,0x00,00,,0x00000,,*05
$GPNVS,7,155815,031026,A,71,0x00,-12,-19,-2,581316,+4.28,-4.11*7F
$GPNVS,9,+10000000.006,+2.77193,+10000000.00,15,+0.019,+0.37,,+38.06,50.0,50.3,*6C
$GPNVS,10,1,0,0,-95,-95,2,100,0.5,1,7,30,1,-1,1.0,20,+18,1,2,8000,,,,*68
$GPNVS,15,0,0,0000,2400,2400.00,00000000,0.00,0.00,0.00,0.00,+9999,999*48
$GPNVS,1,155816,031026,A,N,61,N,0x00000,0x03,0x00,1,N*27
$GPNVS,2,155816,031026,0.00,0.00,0.00,0.00,0.00,0.00,0.00,0.00,*66
$GPNVS,3,155816,031026,0.00,0.00,0.00,0.00,,0.00,0,0,1,+38.06,*40
$GPNVS,4,155816,031026,0.00,0.00,,,,,,,*60
$GPNVS,5,155816,031026,5C9,0,0,+38.06,00000,00000,*26
$GPNVS,6,0,A,1,0x00000,0x03,,0x00,00,,0x00000,,*05
$GPNVS,7,155816,031026,A,71,0x00,-12,-20,-2,581314,+4.27,-4.11*7B
$GPNVS,9,+10000000.006,+2.77192,+10000000.05,15,+0.019,+0.37,,+38.06,50.0,50.3,*68
$GPNVS,10,1,0,0,-100,-95,2,100,0.5,1,7,30,1,-1,1.0,20,+18,1,2,8000,,,,*55
$GPNVS,15,0,0,0000,2400,2400.00,00000000,0.00,0.00,0.00,0.00,+9999,999*48
$GPNVS,1,155817,031026,A,N,61,N,0x00000,0x03,0x00,1,N*26
$GPNVS,2,155817,031026,0.00,0.00,0.00,0.00,0.00,0.00,0.00,0.00,*67
$GPNVS,3,155817,031026,0.00,0.00,0.00,0.00,,0.00,0,0,1,+38.06,*41
$GPNVS,4,155817,031026,0.00,0.00,,,,,,,*61
$GPNVS,5,155817,031026,5C9,0,0,+38.06,00000,00000,*27
$GPNVS,6,0,A,1,0x00000,0x03,,0x00,00,,0x00000,,*05
$GPNVS,7,155817,031026,A,71,0x00,-12,-19,-1,581313,+4.28,-4.11*7B
$GPNVS,9,+10000000.004,+2.77191,+9999999.949,15,+0.019,+0.37,,+38.06,50.0,50.3,*60
$GPNVS,10,1,0,0,-95,-95,2,100,0.5,1,7,30,1,-1,1.0,20,+18,1,2,8000,,,,*68
$GPNVS,15,0,0,0000,2400,2400.00,00000000,0.00,0.00,0.00,0.00,+9999,999*48
$GPNVS,1,155818,031026,A,N,61,N,0x00000,0x03,0x00,1,N*29
$GPNVS,2,155818,031026,0.00,0.00,0.00,0.00,0.00,0.00,0.00,0.00,*68
$GPNVS,3,155818,031026,0.00,0.00,0.00,0.00,,0.00,0,0,1,+38.06,*4E
$GPNVS,4,155818,031026,0.00,0.00,,,,,,,*6E
$GPNVS,5,155818,031026,5C9,0,0,+38.06,00000,00000,*28
$GPNVS,6,0,A,1,0x00000,0x03,,0x00,00,,0x00000,,*05
$GPNVS,7,155818,031026,A,71,0x00,-12,-19,-2,581311,+4.28,-4.11*75
$GPNVS,9,+10000000.004,+2.77190,+10000000.00,15,+0.019,+0.37,,+38.06,50.0,50.3,*6D
$GPNVS,10,1,0,0,-95,-95,2,100,0.5,1,7,30,1,+0,1.0,20,+18,1,2,8000,,,,*6F
$GPNVS,15,0,0,0000,2400,2400.00,00000000,0.00,0.00,0.00,0.00,+9999,999*48
$GPNVS,1,155819,031026,A,N,61,N,0x00000,0x03,0x00,1,N*28
$GPNVS,2,155819,031026,0.00,0.00,0.00,0.00,0.00,0.00,0.00,0.00,*69
$GPNVS,3,155819,031026,0.00,0.00,0.00,0.00,,0.00,0,0,1,+38.06,*4F
$GPNVS,4,155819,031026,0.00,0.00,,,,,,,*6F
$GPNVS,5,155819,031026,5C9,0,0,+38.06,00000,00000,*29
$GPNVS,6,0,A,1,0x00000,0x03,,0x00,00,,0x00000,,*05
$GPNVS,7,155819,031026,A,71,0x00,-12,-20,-2,581309,+4.28,-4.11*77
$GPNVS,9,+10000000.006,+2.77189,+10000000.05,15,+0.019,+0.37,,+38.06,50.0,50.6,*67
$GPNVS,10,1,0,0,-100,-95,2,100,0.5,1,7,30,1,-1,1.0,20,+18,1,2,8000,,,,*55
$GPNVS,15,0,0,0000,2400,2400.00,00000000,0.00,0.00,0.00,0.00,+9999,999*48
$GPNVS,1,155820,031026,A,N,61,N,0x00000,0x03,0x00,1,N*22
$GPNVS,2,155820,031026,0.00,0.00,0.00,0.00,0.00,0.00,0.00,0.00,*63
$GPNVS,3,155820,031026,0.00,0.00,0.00,0.00,,0.00,0,0,1,+38.06,*45
$GPNVS,4,155820,031026,0.00,0.00,,,,,,,*65
$GPNVS,5,155820,031026,5C9,0,0,+38.06,00000,00000,*23
$GPNVS,6,0,A,1,0x00000,0x03,,0x00,00,,0x00000,,*05
$GPNVS,7,155820,031026,A,71,0x00,-12,-20,-2,581307,+4.27,-4.11*7C
$GPNVS,9,+10000000.006,+2.77189,+10000000.00,15,+0.019,+0.37,,+38.06,50.0,50.6,*62
$GPNVS,10,1,0,0,-100,-100,2,100,0.5,1,7,30,1,+0,1.0,20,+18,1,2,8000,,,,*6F
$GPNVS,15,0,0,0000,2400,2400.00,00000000,0.00,0.00,0.00,0.00,+9999,999*48
$GPNVS,99,,,*5C
$GPNVS,1,155821,031026,A,N,61,N,0x00000,0x03,0x00,1,N*23
$GPNVS,2,155821,031026,0.00,0.00,0.00,0.00,0.00,0.00,0.00,0.00,*62
$GPNVS,3,155821,031026,0.00,0.00,0.00,0.00,,0.00,0,0,1,+38.06,*44
$GPNVS,4,155821,031026,0.00,0.00,,,,,,,*64
$GPNVS,5,155821,031026,5C9,0,0,+38.06,00000,00000,*22
$GPNVS,6,0,A,1,0x00000,0x03,,0x00,00,,0x00000,,*05
$GPNVS,7,155821,031026,A,71,0x00,-12,-19,-1,581306,+4.28,-4.11*7A
$GPNVS,9,+10000000.004,+2.77188,+9999999.949,15,+0.019,+0.37,,+38.06,50.0,50.6,*6D
$GPNVS,10,1,0,0,-95,-95,2,100,0.5,1,7,30,1,+0,1.0,20,+18,1,2,8000,,,,*6F
$GPNVS,15,0,0,0000,2400,2400.00,00000000,0.00,0.00,0.00,0.00,+9999,999*48
$GPNVS,1,155822,031026,A,N,61,N,0x00000,0x03,0x00,1,N*20
$GPNVS,2,155822,031026,0.00,0.00,0.00,0.00,0.00,0.00,0.00,0.00,*61
$GPNVS,3,155822,031026,0.00,0.00,0.00,0.00,,0.00,0,0,1,+38.06,*47
$GPNVS,4,155822,031026,0.00,0.00,,,,,,,*67
$GPNVS,5,155822,031026,5C9,0,0,+38.06,00000,00000,*21
$GPNVS,6,0,A,1,0x00000,0x03,,0x00,00,,0x00000,,*05
$GPNVS,7,155822,031026,A,71,0x00,-12,-20,-2,581304,+4.28,-4.11*72
$GPNVS,9,+10000000.006,+2.77187,+10000000.05,15,+0.019,+0.37,,+38.06,50.0,50.6,*69
$GPNVS,10,1,0,0,-100,-95,2,100,0.5,1,7,30,1,-1,1.0,20,-2,1,2,8000,,,,*68
$GPNVS,15,0,0,0000,2400,2400.00,00000000,0.00,0.00,0.00,0.00,-9999,999*4E
$GPNVS,1,155823,031026,A,N,61,N,0x00000,0x03,0x00,1,N*21
$GPNVS,2,155823,031026,0.00,0.00,0.00,0.00,0.00,0.00,0.00,0.00,*60
$GPNVS,3,155823,031026,0.00,0.00,0.00,0.00,,0.00,0,0,1,+38.06,*46
$GPNVS,4,155823,031026,0.00,0.00,,,,,,,*66
$GPNVS,5,155823,031026,5C9,0,0,+38.06,00000,00000,*20
$GPNVS,6,0,A,1,0x00000,0x03,,0x00,00,,0x00000,,*05
$GPNVS,7,155823,031026,A,71,0x00,-12,-20,-2,581302,+4.28,-4.11*75
$GPNVS,9,+10000000.004,+2.77186,+10000000.00,15,+0.019,+0.37,,+38.06,50.0,50.6,*6F
$GPNVS,10,1,0,0,-100,-100,2,100,0.5,1,7,30,1,-1,1.0,20,-2,1,2,8000,,,,*55
$GPNVS,15,0,0,0000,2400,2400.00,00000000,0.00,0.00,0.00,0.00,-9999,999*4E
$GPNVS,1,155824,031026,A,N,61,N,0x00000,0x03,0x00,1,N*26
$GPNVS,2,155824,031026,0.00,0.00,0.00,0.00,0.00,0.00,0.00,0.00,*67
$GPNVS,3,155824,031026,0.00,0.00,0.00,0.00,,0.00,0,0,1,+38.06,*41
$GPNVS,4,155824,031026,0.00,0.00,,,,,,,*61
$GPNVS,5,155824,031026,5C9,0,0,+38.06,00000,00000,*27
$GPNVS,6,0,A,1,0x00000,0x03,,0x00,00,,0x00000,,*05
$GPNVS,7,155824,031026,A,71,0x00,-12,-20,-1,581301,+4.27,-4.11*7D
$GPNVS,9,+10000000.004,+2.77186,+10000000.00,15,+0.019,+0.37,,+38.06,50.0,49.3,*62
$GPNVS,10,1,0,0,-100,-100,2,100,0.5,1,7,30,1,-1,1.0,20,-2,1,2,8000,,,,*55
$GPNVS,15,0,0,0000,2400,2400.00,00000000,0.00,0.00,0.00,0.00,-9999,999*4E
$GPNVS,1,155825,031026,A,N,61,N,0x00000,0x03,0x00,1,N*27
$GPNVS,2,155825,031026,0.00,0.00,0.00,0.00,0.00,0.00,0.00,0.00,*66
$GPNVS,3,155825,031026,0.00,0.00,0.00,0.00,,0.00,0,0,1,+38.06,*40
$GPNVS,4,155825,031026,0.00,0.00,,,,,,,*60
$GPNVS,5,155825,031026,5C9,0,0,+38.06,00000,00000,*26
$GPNVS,6,0,A,1,0x00000,0x03,,0x00,00,,0x00000,,*05
$GPNVS,7,155825,031026,A,71,0x00,-12,-19,-2,581299,+4.28,-4.11*7A
$GPNVS,9,+10000000.004,+2.77185,+9999999.949,15,+0.019,+0.37,,+38.06,50.0,50.0,*66
$GPNVS,10,1,0,0,-95,-95,2,100,0.5,1,7,30,1,-1,1.0,20,-2,1,2,8000,,,,*55
$GPNVS,15,0,0,0000,2400,2400.00,00000000,0.00,0.00,0.00,0.00,-9999,999*4E
$GPNVS,1,155826,031026,A,N,61,N,0x00000,0x03,0x00,1,N*24
$GPNVS,2,155826,031026,0.00,0.00,0.00,0.00,0.00,0.00,0.00,0.00,*65
$GPNVS,3,155826,031026,0.00,0.00,0.00,0.00,,0.00,0,0,1,+38.06,*43
$GPNVS,4,155826,031026,0.00,0.00,,,,,,,*63
$GPNVS,5,155826,031026,5C9,0,0,+38.06,00000,00000,*25
$GPNVS,6,0,A,1,0x00000,0x03,,0x00,00,,0x00000,,*05
$GPNVS,7,155826,031026,A,71,0x00,-12,-20,-2,581297,+4.27,-4.11*72
$GPNVS,9,+10000000.004,+2.77184,+10000000.05,15,+0.019,+0.37,,+38.06,50.0,50.0,*6E
$GPNVS,10,1,0,0,-100,-95,2,100,0.5,1,7,30,1,-1,1.0,20,-2,1,2,8000,,,,*68
$GPNVS,15,0,0,0000,2400,2400.00,00000000,0.00,0.00,0.00,0.00,-9999,999*4E
$GPNVS,1,155827,031026,A,N,61,N,0x00000,0x03,0x00,1,N*25
$GPNVS,2,155827,031026,0.00,0.00,0.00,0.00,0.00,0.00,0.00,0.00,*64
$GPNVS,3,155827,031026,0.00,0.00,0.00,0.00,,0.00,0,0,1,+38.06,*42
$GPNVS,4,155827,031026,0.00,0.00,,,,,,,*62
$GPNVS,5,155827,031026,5C9,0,0,+38.06,00000,00000,*24
$GPNVS,6,0,A,1,0x00000,0x03,,0x00,00,,0x00000,,*05
$GPNVS,7,155827,031026,A,71,0x00,-12,-20,-1,581296,+4.28,-4.11*7E
$GPNVS,9,+10000000.004,+2.77183,+10000000.00,15,+0.019,+0.37,,+38.06,50.0,50.9,*65
$GPNVS,10,1,0,0,-100,-100,2,100,0.5,1,7,30,1,-1,1.0,20,-2,1,2,8000,,,,*55
$GPNVS,15,0,0,0000,2400,2400.00,00000000,0.00,0.00,0.00,0.00,-9999,999*4E
$GPNVS,1,155828,031026,A,N,61,N,0x00000,0x03,0x00,1,N*2A
$GPNVS,2,155828,031026,0.00,0.00,0.00,0.00,0.00,0.00,0.00,0.00,*6B
$GPNVS,3,155828,031026,0.00,0.00,0.00,0.00,,0.00,0,0,1,+38.06,*4D
$GPNVS,4,155828,031026,0.00,0.00,,,,,,,*6D
$GPNVS,5,155828,031026,5C9,0,0,+38.06,00000,00000,*2B
$GPNVS,6,0,A,1,0x00000,0x03,,0x00,00,,0x00000,,*05
$GPNVS,7,155828,031026,A,71,0x00,0,-20,-2,581294,+4.27,-4.11*61
$GPNVS,9,+10000000.004,+2.77182,+10000000.00,15,+0.019,+0.37,,+38.06,50.0,50.0,*6D
$GPNVS,10,1,0,0,-100,-100,2,100,0.5,1,5,30,1,-1,1.0,20,-2,1,2,8000,,,,*57
$GPNVS,15,0,0,0000,2400,2400.00,00000000,0.00,0.00,0.00,0.00,-9999,999*4E
$GPNVS,1,155829,031026,A,N,61,N,0x00000,0x03,0x00,1,N*2B
$GPNVS,2,155829,031026,0.00,0.00,0.00,0.00,0.00,0.00,0.00,0.00,*6A
$GPNVS,3,155829,031026,0.00,0.00,0.00,0.00,,0.00,0,0,1,+38.06,*4C
$GPNVS,4,155829,031026,0.00,0.00,,,,,,,*6C
$GPNVS,5,155829,031026,5C9,0,0,+38.06,00000,00000,*2A
$GPNVS,6,0,A,1,0x00000,0x03,,0x00,00,,0x00000,,*05
$GPNVS,7,155829,031026,A,71,0x00,0,-20,-1,581293,+4.27,-4.11*64
$GPNVS,9,+10000000.004,+2.77182,+10000000.00,15,+0.019,+0.37,,+38.06,50.0,50.3,*6E
$GPNVS,10,1,0,0,-100,-100,2,100,0.5,1,5,30,1,-1,1.0,20,-2,1,2,8000,,,,*57
$GPNVS,15,0,0,0000,2400,2400.00,00000000,0.00,0.00,0.00,0.00,-9999,999*4E
$GPNVS,1,155830,031026,A,N,61,N,0x00000,0x03,0x00,1,N*23
$GPNVS,2,155830,031026,0.00,0.00,0.00,0.00,0.00,0.00,0.00,0.00,*62
$GPNVS,3,155830,031026,0.00,0.00,0.00,0.00,,0.00,0,0,1,+37.74,*4E
$GPNVS,4,155830,031026,0.00,0.00,,,,,,,*64
$GPNVS,5,155830,031026,5C9,0,0,+37.74,00000,00000,*28
$GPNVS,6,0,A,1,0x00000,0x03,,0x00,00,,0x00000,,*05
$GPNVS,7,155830,031026,A,71,0x00,0,-21,-2,581291,+4.27,-4.11*6C
$GPNVS,9,+10000000.004,+2.77181,+10000000.05,15,+0.019,+0.37,,+37.74,50.0,49.3,*6A
$GPNVS,10,1,0,0,-105,-100,2,100,0.5,1,5,30,1,-1,1.0,20,-2,1,2,8000,,,,*52
$GPNVS,15,0,0,0000,2400,2400.00,00000000,0.00,0.00,0.00,0.00,-9999,999*4E
$GPNVS,1,155831,031026,A,N,61,N,0x00000,0x03,0x00,1,N*22
$GPNVS,2,155831,031026,0.00,0.00,0.00,0.00,0.00,0.00,0.00,0.00,*63
$GPNVS,3,155831,031026,0.00,0.00,0.00,0.00,,0.00,0,0,1,+38.06,*45
$GPNVS,4,155831,031026,0.00,0.00,,,,,,,*65
$GPNVS,5,155831,031026,5C9,0,0,+38.06,00000,00000,*23
$GPNVS,6,0,A,1,0x00000,0x03,,0x00,00,,0x00000,,*05
$GPNVS,7,155831,031026,A,71,0x00,0,-21,-2,581289,+4.28,-4.11*6B
$GPNVS,9,+10000000.004,+2.77180,+10000000.00,15,+0.019,+0.37,,+38.06,50.0,50.0,*6F
$GPNVS,10,1,0,0,-105,-105,2,100,0.5,1,5,30,1,-1,1.0,20,-2,1,2,8000,,,,*57
$GPNVS,15,0,0,0000,2400,2400.00,00000000,0.00,0.00,0.00,0.00,-9999,999*4E
$GPNVS,1,155832,031026,A,N,61,N,0x00000,0x03,0x00,1,N*21
$GPNVS,2,155832,031026,0.00,0.00,0.00,0.00,0.00,0.00,0.00,0.00,*60
$GPNVS,3,155832,031026,0.00,0.00,0.00,0.00,,0.00,0,0,1,+38.06,*46
$GPNVS,4,155832,031026,0.00,0.00,,,,,,,*66
$GPNVS,5,155832,031026,5C9,0,0,+38.06,00000,00000,*20
$GPNVS,6,0,A,1,0x00000,0x03,,0x00,00,,0x00000,,*05
$GPNVS,7,155832,031026,A,71,0x00,0,-21,-2,581289,+4.28,-4.11*68
$GPNVS,9,+10000000.003,+2.77180,+10000000.00,15,+0.019,+0.37,,+38.06,50.0,50.3,*6B
$GPNVS,10,0,1,0,-105,-105,2,100,0.5,1,5,30,1,-1,1.0,20,-2,0,2,8000,,,,*56
$GPNVS,15,0,0,0000,2400,2400.00,00000000,0.00,0.00,0.00,0.00,-9999,999*4E
$GPNVS,1,155833,031026,A,N,61,N,0x00000,0x03,0x00,1,N*20
$GPNVS,2,155833,031026,0.00,0.00,0.00,0.00,0.00,0.00,0.00,0.00,*61
$GPNVS,3,155833,031026,0.00,0.00,0.00,0.00,,0.00,0,0,1,+38.06,*47
$GPNVS,4,155833,031026,0.00,0.00,,,,,,,*67
$GPNVS,5,155833,031026,5C9,0,0,+38.06,00000,00000,*21
$GPNVS,6,0,A,1,0x00000,0x03,,0x00,00,,0x00000,,*05
$GPNVS,7,155833,031026,A,71,0x00,0,-20,0,581289,+4.28,-4.11*47
$GPNVS,9,+10000000.003,+2.77180,+10000000.00,15,+0.019,+0.37,,+38.06,50.0,49.6,*66
$GPNVS,10,0,1,0,-100,-100,2,100,0.5,1,5,30,1,-1,1.0,20,+6,0,2,10000,,,,*6D
$GPNVS,15,0,0,0000,2400,2400.00,00000000,0.00,0.00,0.00,0.00,+9999,999*48
$GPNVS,1,155834,031026,A,N,61,N,0x00000,0x03,0x00,1,N*27
$GPNVS,2,155834,031026,0.00,0.00,0.00,0.00,0.00,0.00,0.00,0.00,*66
$GPNVS,3,155834,031026,0.00,0.00,0.00,0.00,,0.00,0,0,1,+38.06,*40
$GPNVS,4,155834,031026,0.00,0.00,,,,,,,*60
$GPNVS,5,155834,031026,5C9,0,0,+38.06,00000,00000,*26
$GPNVS,6,0,A,1,0x00000,0x03,,0x00,00,,0x00000,,*05
$GPNVS,7,155834,031026,A,71,0x00,0,8,0,581289,+4.28,-4.11*57
$GPNVS,9,+10000000.003,+2.77180,+10000000.00,15,+0.019,+0.37,,+38.06,50.0,50.6,*6E
$GPNVS,10,0,1,0,+40,-30,2,100,0.5,1,5,30,1,-1,1.0,20,+6,0,2,9995,,,,*51
$GPNVS,15,0,0,0000,2400,2400.00,00000000,0.00,0.00,0.00,0.00,+9999,999*48
$GPNVS,1,155835,031026,A,N,61,N,0x00000,0x03,0x00,1,N*26
$GPNVS,2,155835,031026,0.00,0.00,0.00,0.00,0.00,0.00,0.00,0.00,*67
$GPNVS,3,155835,031026,0.00,0.00,0.00,0.00,,0.00,0,0,1,+38.06,*41
$GPNVS,4,155835,031026,0.00,0.00,,,,,,,*61
$GPNVS,5,155835,031026,5C9,0,0,+38.06,00000,00000,*27
$GPNVS,6,0,A,1,0x00000,0x03,,0x00,00,,0x00000,,*05
$GPNVS,7,155835,031026,A,71,0x00,0,8,0,581289,+4.28,-4.11*56
$GPNVS,9,+10000000.003,+2.77180,+10000000.00,15,+0.019,+0.37,,+38.06,50.0,50.6,*6E
$GPNVS,10,0,1,0,+40,+40,2,100,0.5,1,5,30,1,-1,1.0,20,+6,0,2,9990,,,,*55
$GPNVS,15,0,0,0000,2400,2400.00,00000000,0.00,0.00,0.00,0.00,+9999,999*48
$GPNVS,99,,,*5C
$GPNVS,1,155836,031026,A,N,61,N,0x00000,0x03,0x00,1,N*25
$GPNVS,2,155836,031026,0.00,0.00,0.00,0.00,0.00,0.00,0.00,0.00,*64
$GPNVS,3,155836,031026,0.00,0.00,0.00,0.00,,0.00,0,0,1,+38.06,*42
$GPNVS,4,155836,031026,0.00,0.00,,,,,,,*62
$GPNVS,5,155836,031026,5C9,0,0,+38.06,00000,00000,*24
$GPNVS,6,0,A,1,0x00000,0x03,,0x00,00,,0x00000,,*05
$GPNVS,7,155836,031026,A,71,0x00,0,8,0,581289,+4.27,-4.11*5A
$GPNVS,9,+10000000.002,+2.77180,+10000000.00,15,+0.019,+0.37,,+38.06,50.0,50.9,*60
$GPNVS,10,0,1,0,+40,+40,2,100,0.5,1,5,30,1,-1,1.0,20,+7,0,2,9985,,,,*50
$GPNVS,15,0,0,0000,2400,2400.00,00000000,0.00,0.00,0.00,0.00,+9999,999*48
$GPNVS,1,155837,031026,A,N,60,N,0x00000,0x03,0x00,1,N*25
$GPNVS,2,155837,031026,0.00,0.00,0.00,0.00,0.00,0.00,0.00,0.00,*65
$GPNVS,3,155837,031026,0.00,0.00,0.00,0.00,,0.00,0,0,1,+38.06,*43
$GPNVS,4,155837,031026,0.00,0.00,,,,,,,*63
$GPNVS,5,155837,031026,5C9,0,0,+38.06,00000,00000,*25
$GPNVS,6,0,A,1,0x00000,0x03,,0x00,00,,0x00000,,*05
$GPNVS,7,155837,031026,A,71,0x00,0,7,0,581289,+4.27,-4.11*54
$GPNVS,9,+10000000.004,+2.77180,+10000000.00,15,+0.019,+0.37,,+38.06,50.0,49.6,*61
$GPNVS,10,0,1,0,+35,+35,2,100,0.5,1,5,30,1,-1,1.0,20,+7,0,2,9980,,,,*55
$GPNVS,15,0,0,0000,2400,2400.00,00000000,0.00,0.00,0.00,0.00,+9999,999*48
$GPNVS,1,155838,031026,A,N,60,N,0x00000,0x03,0x00,1,N*2A
$GPNVS,2,155838,031026,0.00,0.00,0.00,0.00,0.00,0.00,0.00,0.00,*6A
$GPNVS,3,155838,031026,0.00,0.00,0.00,0.00,,0.00,0,0,1,+38.06,*4C
$GPNVS,4,155838,031026,0.00,0.00,,,,,,,*6C
$GPNVS,5,155838,031026,5C9,0,0,+38.06,00000,00000,*2A
$GPNVS,6,0,A,1,0x00000,0x03,,0x00,00,,0x00000,,*05
$GPNVS,7,155838,031026,A,71,0x00,0,8,0,581289,+4.27,-4.11*54
$GPNVS,9,+10000000.002,+2.77180,+9999999.949,15,+0.019,+0.36,,+38.06,50.0,50.6,*62
$GPNVS,10,0,1,0,+40,+35,2,100,0.5,1,5,30,1,-1,1.0,20,+8,0,2,9975,,,,*52
$GPNVS,15,0,0,0000,2400,2400.00,00000000,0.00,0.00,0.00,0.00,+9999,999*48
$GPNVS,1,155839,031026,A,N,60,N,0x00000,0x03,0x00,1,N*2B
$GPNVS,2,155839,031026,0.00,0.00,0.00,0.00,0.00,0.00,0.00,0.00,*6B
$GPNVS,3,155839,031026,0.00,0.00,0.00,0.00,,0.00,0,0,1,+38.06,*4D
$GPNVS,4,155839,031026,0.00,0.00,,,,,,,*6D
$GPNVS,5,155839,031026,5C9,0,0,+38.06,00000,00000,*2B
$GPNVS,6,0,A,1,0x00000,0x03,,0x00,00,,0x00000,,*05
$GPNVS,7,155839,031026,A,71,0x00,0,8,0,581289,+4.27,-4.11*55
$GPNVS,9,+10000000.001,+2.77180,+9999999.949,15,+0.019,+0.37,,+38.06,50.0,50.3,*65
$GPNVS,10,0,1,0,+40,+40,2,100,0.5,1,5,30,1,-1,1.0,20,+9,0,2,9970,,,,*54
$GPNVS,15,0,0,0000,2400,2400.00,00000000,0.00,0.00,0.00,0.00,+9999,999*48
$GPNVS,1,155840,031026,A,N,60,N,0x00000,0x03,0x00,1,N*25
$GPNVS,2,155840,031026,0.00,0.00,0.00,0.00,0.00,0.00,0.00,0.00,*65
$GPNVS,3,155840,031026,0.00,0.00,0.00,0.00,,0.00,0,0,1,+38.06,*43
$GPNVS,4,155840,031026,0.00,0.00,,,,,,,*63
$GPNVS,5,155840,031026,5C9,0,0,+38.06,00000,00000,*25
$GPNVS,6,0,A,1,0x00000,0x03,,0x00,00,,0x00000,,*05
$GPNVS,7,155840,031026,A,71,0x00,0,7,0,581289,+4.27,-4.11*54
$GPNVS,9,+10000000.001,+2.77180,+10000000.00,15,+0.019,+0.37,,+38.06,50.0,50.0,*6A
$GPNVS,10,0,1,0,+35,+35,2,100,0.5,1,5,30,1,-1,1.0,20,+9,0,2,9965,,,,*50
$GPNVS,15,0,0,0000,2400,2400.00,00000000,0.00,0.00,0.00,0.00,+9999,999*48
$GPNVS,1,155841,031026,A,N,60,N,0x00000,0x03,0x00,1,N*24
$GPNVS,2,155841,031026,0.00,0.00,0.00,0.00,0.00,0.00,0.00,0.00,*64
$GPNVS,3,155841,031026,0.00,0.00,0.00,0.00,,0.00,0,0,1,+38.06,*42
$GPNVS,4,155841,031026,0.00,0.00,,,,,,,*62
$GPNVS,5,155841,031026,5C9,0,0,+38.06,00000,00000,*24
$GPNVS,6,0,A,1,0x00000,0x03,,0x00,00,,0x00000,,*05
$GPNVS,7,155841,031026,A,71,0x00,0,8,0,581289,+4.28,-4.11*55
$GPNVS,9,+9999999.9989,+2.77180,+9999999.949,15,+0.019,+0.37,,+38.06,50.0,50.3,*6D
$GPNVS,10,0,1,0,+40,+35,2,100,0.5,1,5,30,1,-1,1.0,20,+10,0,2,9960,,,,*6F
$GPNVS,15,0,0,0000,2400,2400.00,00000000,0.00,0.00,0.00,0.00,+9999,999*48
$GPNVS,1,155842,031026,A,N,60,N,0x00000,0x03,0x00,1,N*27
$GPNVS,2,155842,031026,0.00,0.00,0.00,0.00,0.00,0.00,0.00,0.00,*67
$GPNVS,3,155842,031026,0.00,0.00,0.00,0.00,,0.00,0,0,1,+38.06,*41
$GPNVS,4,155842,031026,0.00,0.00,,,,,,,*61
$GPNVS,5,155842,031026,5C9,0,0,+38.06,00000,00000,*27
$GPNVS,6,0,A,1,0x00000,0x03,,0x00,00,,0x00000,,*05
$GPNVS,7,155842,031026,A,71,0x00,0,8,0,581289,+4.27,-4.11*59
$GPNVS,9,+9999999.9979,+2.77180,+9999999.949,15,+0.019,+0.37,,+38.06,50.0,51.6,*66
$GPNVS,10,0,1,0,+40,+40,2,100,0.5,1,5,30,1,-1,1.0,20,+11,0,2,9955,,,,*6A
$GPNVS,15,0,0,0000,2400,2400.00,00000000,0.00,0.00,0.00,0.00,+9999,999*48
$GPNVS,1,155843,031026,A,N,60,N,0x00000,0x03,0x00,1,N*26
$GPNVS,2,155843,031026,0.00,0.00,0.00,0.00,0.00,0.00,0.00,0.00,*66
$GPNVS,3,155843,031026,0.00,0.00,0.00,0.00,,0.00,0,0,1,+38.06,*40
$GPNVS,4,155843,031026,0.00,0.00,,,,,,,*60
$GPNVS,5,155843,031026,5C9,0,0,+38.06,00000,00000,*26
$GPNVS,6,0,A,1,0x00000,0x03,,0x00,00,,0x00000,,*05
$GPNVS,7,155843,031026,A,71,0x00,0,7,0,581289,+4.28,-4.11*58
$GPNVS,9,+9999999.9989,+2.77180,+10000000.00,15,+0.019,+0.37,,+38.06,50.0,50.0,*62
$GPNVS,10,0,1,0,+35,+35,2,100,0.5,1,5,30,1,-1,1.0,20,+11,0,2,9950,,,,*6F
$GPNVS,15,0,0,0000,2400,2400.00,00000000,0.00,0.00,0.00,0.00,+9999,999*48
$GPNVS,1,155844,031026,A,N,60,N,0x00000,0x03,0x00,1,N*21
$GPNVS,2,155844,031026,0.00,0.00,0.00,0.00,0.00,0.00,0.00,0.00,*61
$GPNVS,3,155844,031026,0.00,0.00,0.00,0.00,,0.00,0,0,1,+38.06,*47
$GPNVS,4,155844,031026,0.00,0.00,,,,,,,*67
$GPNVS,5,155844,031026,5C9,0,0,+38.06,00000,00000,*21
$GPNVS,6,0,A,1,0x00000,0x03,,0x00,00,,0x00000,,*05
$GPNVS,7,155844,031026,A,71,0x00,0,8,0,581289,+4.27,-4.11*5F
$GPNVS,9,+9999999.9979,+2.77180,+9999999.949,15,+0.019,+0.37,,+38.06,50.0,50.9,*68
$GPNVS,10,0,1,0,+40,+35,2,100,0.5,1,5,30,1,-1,1.0,20,-8,0,2,9945,,,,*57
$GPNVS,15,0,0,0000,2400,2400.00,00000000,0.00,0.00,0.00,0.00,-9999,999*4E
$GPNVS,1,155845,031026,A,N,60,N,0x00000,0x03,0x00,1,N*20
$GPNVS,2,155845,031026,0.00,0.00,0.00,0.00,0.00,0.00,0.00,0.00,*60
$GPNVS,3,155845,031026,0.00,0.00,0.00,0.00,,0.00,0,0,1,+38.06,*46
$GPNVS,4,155845,031026,0.00,0.00,,,,,,,*66
$GPNVS,5,155845,031026,5C9,0,0,+38.06,00000,00000,*20
$GPNVS,6,0,A,1,0x00000,0x03,,0x00,00,,0x00000,,*05
$GPNVS,7,155845,031026,A,71,0x00,0,7,0,581289,+4.27,-4.11*51
$GPNVS,9,+9999999.9969,+2.77180,+10000000.00,15,+0.019,+0.37,,+38.06,50.0,50.3,*6F
$GPNVS,10,0,1,0,+35,+35,2,100,0.5,1,5,30,1,-1,1.0,20,-8,0,2,9940,,,,*50
$GPNVS,15,0,0,0000,2400,2400.00,00000000,0.00,0.00,0.00,0.00,-9999,999*4E
$GPNVS,1,155846,031026,A,N,60,N,0x00000,0x03,0x00,1,N*23
$GPNVS,2,155846,031026,0.00,0.00,0.00,0.00,0.00,0.00,0.00,0.00,*63
$GPNVS,3,155846,031026,0.00,0.00,0.00,0.00,,0.00,0,0,1,+38.06,*45
$GPNVS,4,155846,031026,0.00,0.00,,,,,,,*65
$GPNVS,5,155846,031026,5C9,0,0,+38.06,00000,00000,*23
$GPNVS,6,0,A,1,0x00000,0x03,,0x00,00,,0x00000,,*05
$GPNVS,7,155846,031026,A,71,0x00,0,8,0,581289,+4.27,-4.11*5D
$GPNVS,9,+9999999.9959,+2.77180,+9999999.949,15,+0.019,+0.37,,+38.06,50.0,50.6,*65
$GPNVS,10,0,1,0,+40,+35,2,100,0.5,1,5,30,1,-1,1.0,20,-7,0,2,9935,,,,*5F
$GPNVS,15,0,0,0000,2400,2400.00,00000000,0.00,0.00,0.00,0.00,-9999,999*4E
$GPNVS,1,155847,031026,A,N,60,N,0x00000,0x03,0x00,1,N*22
$GPNVS,2,155847,031026,0.00,0.00,0.00,0.00,0.00,0.00,0.00,0.00,*62
$GPNVS,3,155847,031026,0.00,0.00,0.00,0.00,,0.00,0,0,1,+38.06,*44
$GPNVS,4,155847,031026,0.00,0.00,,,,,,,*64
$GPNVS,5,155847,031026,5C9,0,0,+38.06,00000,00000,*22
$GPNVS,6,0,A,1,0x00000,0x03,,0x00,00,,0x00000,,*05
$GPNVS,7,155847,031026,A,71,0x00,108,7,8,581297,+4.28,-4.11*52
$GPNVS,9,+9999999.9959,+2.77184,+10000000.00,15,+0.019,+0.37,,+38.06,50.0,50.6,*6D
$GPNVS,10,0,1,0,+35,+35,2,100,0.5,1,10,30,1,-1,1.0,20,-7,0,2,9930,,,,*6C
$GPNVS,15,0,0,0000,2400,2400.00,00000000,0.00,0.00,0.00,0.00,-9999,999*4E
$GPNVS,1,155848,031026,A,N,60,N,0x00000,0x03,0x00,1,N*2D
$GPNVS,2,155848,031026,0.00,0.00,0.00,0.00,0.00,0.00,0.00,0.00,*6D
$GPNVS,3,155848,031026,0.00,0.00,0.00,0.00,,0.00,0,0,1,+38.06,*4B
$GPNVS,4,155848,031026,0.00,0.00,,,,,,,*6B
$GPNVS,5,155848,031026,5C9,0,0,+38.06,00000,00000,*2D
$GPNVS,6,0,A,1,0x00000,0x03,,0x00,00,,0x00000,,*05
$GPNVS,7,155848,031026,A,71,0x00,108,8,8,581305,+4.27,-4.11*57
$GPNVS,9,+9999999.9950,+2.77188,+9999999.949,15,+0.019,+0.37,,+38.06,50.0,49.3,*69
$GPNVS,10,0,1,0,+40,+35,2,100,0.5,1,10,30,1,-1,1.0,20,-6,0,2,9925,,,,*6B
$GPNVS,15,0,0,0000,2400,2400.00,00000000,0.00,0.00,0.00,0.00,-9999,999*4E
$GPNVS,1,155849,031026,A,N,60,N,0x00000,0x03,0x00,1,N*2C
$GPNVS,2,155849,031026,0.00,0.00,0.00,0.00,0.00,0.00,0.00,0.00,*6C
$GPNVS,3,155849,031026,0.00,0.00,0.00,0.00,,0.00,0,0,1,+38.06,*4A
$GPNVS,4,155849,031026,0.00,0.00,,,,,,,*6A
$GPNVS,5,155849,031026,5C9,0,0,+38.06,00000,00000,*2C
$GPNVS,6,0,A,1,0x00000,0x03,,0x00,00,,0x00000,,*05
$GPNVS,7,155849,031026,A,71,0x00,108,7,8,581313,+4.27,-4.11*5E
$GPNVS,9,+9999999.9939,+2.77191,+10000000.00,15,+0.019,+0.37,,+38.06,50.0,50.3,*6A
$GPNVS,10,0,1,0,+35,+35,2,100,0.5,1,10,30,1,-1,1.0,20,-6,0,2,9920,,,,*6C
$GPNVS,15,0,0,0000,2400,2400.00,00000000,0.00,0.00,0.00,0.00,-9999,999*4E
$GPNVS,1,155850,031026,A,N,60,N,0x00000,0x03,0x00,1,N*24
$GPNVS,2,155850,031026,0.00,0.00,0.00,0.00,0.00,0.00,0.00,0.00,*64
$GPNVS,3,155850,031026,0.00,0.00,0.00,0.00,,0.00,0,0,1,+38.06,*42
$GPNVS,4,155850,031026,0.00,0.00,,,,,,,*62
$GPNVS,5,155850,031026,5C9,0,0,+38.06,00000,00000,*24
$GPNVS,6,0,A,1,0x00000,0x03,,0x00,00,,0x00000,,*05
$GPNVS,7,155850,031026,A,71,0x00,108,7,7,581320,+4.27,-4.11*59
$GPNVS,9,+9999999.9950,+2.77195,+10000000.00,15,+0.019,+0.37,,+38.06,50.0,50.3,*61
$GPNVS,10,0,1,0,+35,+35,2,100,0.5,1,10,30,1,-1,1.0,20,-6,0,2,9915,,,,*6A
$GPNVS,15,0,0,0000,2400,2400.00,00000000,0.00,0.00,0.00,0.00,-9999,999*4E
$GPNVS,99,,,*5C
$GPNVS,1,155851,031026,A,N,60,N,0x00000,0x03,0x00,1,N*25
$GPNVS,2,155851,031026,0.00,0.00,0.00,0.00,0.00,0.00,0.00,0.00,*65
$GPNVS,3,155851,031026,0.00,0.00,0.00,0.00,,0.00,0,0,1,+38.06,*43
$GPNVS,4,155851,031026,0.00,0.00,,,,,,,*63
$GPNVS,5,155851,031026,5C9,0,0,+38.06,00000,00000,*25
$GPNVS,6,0,A,1,0x00000,0x03,,0x00,00,,0x00000,,*05
$GPNVS,7,155851,031026,A,71,0x00,108,7,7,581327,+4.27,-4.11*5F
$GPNVS,9,+9999999.9939,+2.77198,+10000000.00,15,+0.019,+0.37,,+38.06,50.0,49.3,*6B
$GPNVS,10,0,1,0,+35,+35,2,100,0.5,1,10,30,1,-1,1.0,20,-6,0,2,9910,,,,*6F
$GPNVS,15,0,0,0000,2400,2400.00,00000000,0.00,0.00,0.00,0.00,-9999,999*4E
$GPNVS,1,155852,031026,A,N,60,N,0x00000,0x03,0x00,1,N*26
$GPNVS,2,155852,031026,0.00,0.00,0.00,0.00,0.00,0.00,0.00,0.00,*66
$GPNVS,3,155852,031026,0.00,0.00,0.00,0.00,,0.00,0,0,1,+38.06,*40
$GPNVS,4,155852,031026,0.00,0.00,,,,,,,*60
$GPNVS,5,155852,031026,5C9,0,0,+38.06,00000,00000,*26
$GPNVS,6,0,A,1,0x00000,0x03,,0x00,00,,0x00000,,*05
$GPNVS,7,155852,031026,A,71,0x00,108,7,7,581334,+4.27,-4.11*5E
$GPNVS,9,+9999999.9950,+2.77201,+10000000.00,15,+0.019,+0.37,,+38.06,50.0,50.0,*6C
$GPNVS,10,0,1,0,+35,+35,2,100,0.5,1,10,30,1,-1,1.0,20,-6,0,2,9905,,,,*6B
$GPNVS,15,0,0,0000,2400,2400.00,00000000,0.00,0.00,0.00,0.00,-9999,999*4E
$GPNVS,1,155853,031026,A,N,60,N,0x00000,0x03,0x00,1,N*27
$GPNVS,2,155853,031026,0.00,0.00,0.00,0.00,0.00,0.00,0.00,0.00,*67
$GPNVS,3,155853,031026,0.00,0.00,0.00,0.00,,0.00,0,0,1,+38.06,*41
$GPNVS,4,155853,031026,0.00,0.00,,,,,,,*61
$GPNVS,5,155853,031026,5C9,0,0,+38.06,00000,00000,*27
$GPNVS,6,0,A,1,0x00000,0x03,,0x00,00,,0x00000,,*05
$GPNVS,7,155853,031026,A,71,0x00,108,8,7,581341,+4.27,-4.11*52
$GPNVS,9,+9999999.9930,+2.77205,+9999999.949,15,+0.019,+0.37,,+38.06,50.0,50.3,*61
$GPNVS,10,0,1,0,+40,+35,2,100,0.5,1,10,30,1,-1,1.0,20,-5,0,2,9900,,,,*6F
$GPNVS,15,0,0,0000,2400,2400.00,00000000,0.00,0.00,0.00,0.00,-9999,999*4E
$GPNVS,1,155854,031026,A,N,61,N,0x00000,0x03,0x00,1,N*21
$GPNVS,2,155854,031026,0.00,0.00,0.00,0.00,0.00,0.00,0.00,0.00,*60
$GPNVS,3,155854,031026,0.00,0.00,0.00,0.00,,0.00,0,0,1,+38.06,*46
$GPNVS,4,155854,031026,0.00,0.00,,,,,,,*66
$GPNVS,5,155854,031026,5C9,0,0,+38.06,00000,00000,*20
$GPNVS,6,0,A,1,0x00000,0x03,,0x00,00,,0x00000,,*05
$GPNVS,7,155854,031026,A,71,0x00,108,7,7,581348,+4.27,-4.11*53
$GPNVS,9,+9999999.9939,+2.77208,+10000000.00,15,+0.019,+0.37,,+38.06,50.0,49.6,*64
$GPNVS,10,0,1,0,+35,+35,2,100,0.5,1,10,30,1,-1,1.0,20,+11,0,2,9895,,,,*53
$GPNVS,15,0,0,0000,2400,2400.00,00000000,0.00,0.00,0.00,0.00,+9999,999*48
$GPNVS,1,155855,031026,A,N,61,N,0x00000,0x03,0x00,1,N*20
$GPNVS,2,155855,031026,0.00,0.00,0.00,0.00,0.00,0.00,0.00,0.00,*61
$GPNVS,3,155855,031026,0.00,0.00,0.00,0.00,,0.00,0,0,1,+38.06,*47
$GPNVS,4,155855,031026,0.00,0.00,,,,,,,*67
$GPNVS,5,155855,031026,5C9,0,0,+38.06,00000,00000,*21
$GPNVS,6,0,A,1,0x00000,0x03,,0x00,00,,0x00000,,*05
$GPNVS,7,155855,031026,A,71,0x00,108,7,7,581355,+4.27,-4.11*5E
$GPNVS,9,+9999999.9930,+2.77211,+10000000.00,15,+0.019,+0.37,,+38.06,50.0,50.3,*68
$GPNVS,10,0,1,0,+35,+35,2,100,0.5,1,10,30,1,-1,1.0,20,+12,0,2,9890,,,,*55
$GPNVS,15,0,0,0000,2400,2400.00,00000000,0.00,0.00,0.00,0.00,+9999,999*48
$GPNVS,1,155856,031026,A,N,60,N,0x00000,0x03,0x00,1,N*22
$GPNVS,2,155856,031026,0.00,0.00,0.00,0.00,0.00,0.00,0.00,0.00,*62
$GPNVS,3,155856,031026,0.00,0.00,0.00,0.00,,0.00,0,0,1,+38.06,*44
$GPNVS,4,155856,031026,0.00,0.00,,,,,,,*64
$GPNVS,5,155856,031026,5C9,0,0,+38.06,00000,00000,*22
$GPNVS,6,0,A,1,0x00000,0x03,,0x00,00,,0x00000,,*05
$GPNVS,7,155856,031026,A,72,0x00,108,8,7,581362,+4.28,-4.11*5A
$GPNVS,9,+9999999.9920,+2.77215,+9999999.900,15,+0.019,+0.37,,+38.06,50.0,49.3,*64
$GPNVS,10,0,1,0,+40,+35,2,100,0.5,1,10,30,1,-1,1.0,20,+12,0,2,9885,,,,*53
$GPNVS,15,0,0,0000,2400,2400.00,00000000,0.00,0.00,0.00,0.00,+9999,999*48
$GPNVS,1,155857,031026,A,N,60,N,0x00000,0x03,0x00,1,N*23
$GPNVS,2,155857,031026,0.00,0.00,0.00,0.00,0.00,0.00,0.00,0.00,*63
$GPNVS,3,155857,031026,0.00,0.00,0.00,0.00,,0.00,0,0,1,+38.06,*45
$GPNVS,4,155857,031026,0.00,0.00,,,,,,,*65
$GPNVS,5,155857,031026,5C9,0,0,+38.06,00000,00000,*23
$GPNVS,6,0,A,1,0x00000,0x03,,0x00,00,,0x00000,,*05
$GPNVS,7,155857,031026,A,72,0x00,108,8,7,581369,+4.27,-4.11*5F
$GPNVS,9,+9999999.9910,+2.77218,+10000000.00,15,+0.019,+0.37,,+38.06,50.0,50.6,*66
$GPNVS,10,0,1,0,+40,+40,2,100,0.5,1,10,30,1,-1,1.0,20,+12,0,2,9880,,,,*54
$GPNVS,15,0,0,0000,2400,2400.00,00000000,0.00,0.00,0.00,0.00,+9999,999*48
$GPNVS,1,155858,031026,A,N,61,N,0x00000,0x03,0x00,1,N*2D
$GPNVS,2,155858,031026,0.00,0.00,0.00,0.00,0.00,0.00,0.00,0.00,*6C
$GPNVS,3,155858,031026,0.00,0.00,0.00,0.00,,0.00,0,0,1,+38.06,*4A
$GPNVS,4,155858,031026,0.00,0.00,,,,,,,*6A
$GPNVS,5,155858,031026,5C9,0,0,+38.06,00000,00000,*2C
$GPNVS,6,0,A,1,0x00000,0x03,,0x00,00,,0x00000,,*05
$GPNVS,7,155858,031026,A,72,0x00,108,7,7,581376,+4.28,-4.11*5E
$GPNVS,9,+9999999.9920,+2.77221,+10000000.05,15,+0.019,+0.37,,+38.06,50.0,50.3,*6F
$GPNVS,10,0,1,0,+35,+35,2,100,0.5,1,10,30,1,-1,1.0,20,+12,0,2,9875,,,,*5E
$GPNVS,15,0,0,0000,2400,2400.00,00000000,0.00,0.00,0.00,0.00,+9999,999*48
$GPNVS,1,155859,031026,A,N,61,N,0x00000,0x03,0x00,1,N*2C
$GPNVS,2,155859,031026,0.00,0.00,0.00,0.00,0.00,0.00,0.00,0.00,*6D
$GPNVS,3,155859,031026,0.00,0.00,0.00,0.00,,0.00,0,0,1,+38.06,*4B
$GPNVS,4,155859,031026,0.00,0.00,,,,,,,*6B
$GPNVS,5,155859,031026,5C9,0,0,+38.06,00000,00000,*2D
$GPNVS,6,0,A,1,0x00000,0x03,,0x00,00,,0x00000,,*05
$GPNVS,7,155859,031026,A,72,0x00,108,7,7,581383,+4.27,-4.11*5A
$GPNVS,9,+9999999.9930,+2.77225,+10000000.00,15,+0.019,+0.37,,+38.06,50.0,50.3,*6F
$GPNVS,10,0,1,0,+35,+35,2,100,0.5,1,10,30,1,-1,1.0,20,+11,0,2,9870,,,,*58
$GPNVS,15,0,0,0000,2400,2400.00,00000000,0.00,0.00,0.00,0.00,+9999,999*48
$GPNVS,1,155900,031026,A,N,61,N,0x00000,0x03,0x00,1,N*21
$GPNVS,2,155900,031026,0.00,0.00,0.00,0.00,0.00,0.00,0.00,0.00,*60
$GPNVS,3,155900,031026,0.00,0.00,0.00,0.00,,0.00,0,0,1,+38.06,*46
$GPNVS,4,155900,031026,0.00,0.00,,,,,,,*66
$GPNVS,5,155900,031026,5C9,0,0,+38.06,00000,00000,*20
$GPNVS,6,0,A,1,0x00000,0x03,,0x00,00,,0x00000,,*05
$GPNVS,7,155900,031026,A,72,0x00,108,7,7,581390,+4.27,-4.11*55
$GPNVS,9,+9999999.9930,+2.77228,+10000000.05,15,+0.019,+0.37,,+38.06,50.0,50.3,*67
$GPNVS,10,0,1,0,+35,+35,2,100,0.5,1,10,30,1,-1,1.0,20,+11,0,2,9865,,,,*5C
$GPNVS,15,0,0,0000,2400,2400.00,00000000,0.00,0.00,0.00,0.00,+9999,999*48
$GPNVS,1,155901,031026,A,N,61,N,0x00000,0x03,0x00,1,N*20
$GPNVS,2,155901,031026,0.00,0.00,0.00,0.00,0.00,0.00,0.00,0.00,*61
$GPNVS,3,155901,031026,0.00,0.00,0.00,0.00,,0.00,0,0,1,+38.06,*47
$GPNVS,4,155901,031026,0.00,0.00,,,,,,,*67
$GPNVS,5,155901,031026,5C9,0,0,+38.06,00000,00000,*21
$GPNVS,6,0,A,1,0x00000,0x03,,0x00,00,,0x00000,,*05
$GPNVS,7,155901,031026,A,72,0x00,108,8,7,581397,+4.27,-4.11*5C
$GPNVS,9,+9999999.9930,+2.77231,+9999999.949,15,+0.019,+0.37,,+38.06,50.0,50.9,*6C
$GPNVS,10,0,1,0,+40,+35,2,100,0.5,1,10,30,1,-1,1.0,20,+11,0,2,9860,,,,*5B
$GPNVS,15,0,0,0000,2400,2400.00,00000000,0.00,0.00,0.00,0.00,+9999,999*48
$GPNVS,1,155902,031026,A,N,61,N,0x00000,0x03,0x00,1,N*23
$GPNVS,2,155902,031026,0.00,0.00,0.00,0.00,0.00,0.00,0.00,0.00,*62
$GPNVS,3,155902,031026,0.00,0.00,0.00,0.00,,0.00,0,0,1,+38.06,*44
$GPNVS,4,155902,031026,0.00,0.00,,,,,,,*64
$GPNVS,5,155902,031026,5C9,0,0,+38.06,00000,00000,*22
$GPNVS,6,0,A,1,0x00000,0x03,,0x00,00,,0x00000,,*05
$GPNVS,7,155902,031026,A,72,0x00,27,8,2,581399,+4.27,-4.11*68
$GPNVS,9,+9999999.9920,+2.77232,+10000000.00,15,+0.019,+0.37,,+38.06,50.0,50.3,*68
$GPNVS,10,0,1,0,+40,+40,2,100,0.5,1,10,30,1,-1,1.0,20,+11,0,2,9855,,,,*5F
$GPNVS,15,0,0,0000,2400,2400.00,00000000,0.00,0.00,0.00,0.00,+9999,999*48
$GPNVS,1,155903,031026,A,N,61,N,0x00000,0x03,0x00,1,N*22
$GPNVS,2,155903,031026,0.00,0.00,0.00,0.00,0.00,0.00,0.00,0.00,*63
$GPNVS,3,155903,031026,0.00,0.00,0.00,0.00,,0.00,0,0,1,+38.06,*45
$GPNVS,4,155903,031026,0.00,0.00,,,,,,,*65
$GPNVS,5,155903,031026,5C9,0,0,+38.06,00000,00000,*23
$GPNVS,6,0,A,1,0x00000,0x03,,0x00,00,,0x00000,,*05
$GPNVS,7,155903,031026,A,72,0x00,27,8,0,581399,+4.27,-4.11*6B
$GPNVS,9,+9999999.9910,+2.77232,+10000000.00,15,+0.019,+0.37,,+38.06,50.0,49.0,*60
$GPNVS,10,1,0,0,+40,+40,2,100,0.5,1,10,30,1,+1,1.0,20,+11,0,2,9850,,,,*5C
$GPNVS,15,0,0,0000,2400,2400.00,00000000,0.00,0.00,0.00,0.00,+9999,999*48
$GPNVS,1,155904,031026,A,N,61,N,0x00000,0x03,0x00,1,N*25
$GPNVS,2,155904,031026,0.00,0.00,0.00,0.00,0.00,0.00,0.00,0.00,*64
$GPNVS,3,155904,031026,0.00,0.00,0.00,0.00,,0.00,0,0,1,+38.06,*42
$GPNVS,4,155904,031026,0.00,0.00,,,,,,,*62
$GPNVS,5,155904,031026,5C9,0,0,+38.06,00000,00000,*24
$GPNVS,6,0,A,1,0x00000,0x03,,0x00,00,,0x00000,,*05
$GPNVS,7,155904,031026,A,72,0x00,27,9,0,581399,+4.27,-4.11*6D
$GPNVS,9,+9999999.9910,+2.77232,+9999999.949,15,+0.019,+0.37,,+38.06,50.0,50.3,*67
$GPNVS,10,1,0,0,+45,+40,2,100,0.5,1,10,30,1,+1,1.0,20,+10,0,2,9845,,,,*5C
$GPNVS,15,0,0,0000,2400,2400.00,00000000,0.00,0.00,0.00,0.00,+9999,999*48
$GPNVS,1,155905,031026,A,N,60,N,0x00000,0x03,0x00,1,N*25
$GPNVS,2,155905,031026,0.00,0.00,0.00,0.00,0.00,0.00,0.00,0.00,*65
$GPNVS,3,155905,031026,0.00,0.00,0.00,0.00,,0.00,0,0,1,+38.06,*43
$GPNVS,4,155905,031026,0.00,0.00,,,,,,,*63
$GPNVS,5,155905,031026,5C9,0,0,+38.06,00000,00000,*25
$GPNVS,6,0,A,1,0x00000,0x03,,0x00,00,,0x00000,,*05
$GPNVS,7,155905,031026,A,72,0x00,27,10,0,581399,+4.27,-4.11*54
$GPNVS,9,+9999999.9910,+2.77232,+10000000.00,15,+0.019,+0.37,,+38.06,50.0,49.3,*63
$GPNVS,10,1,0,0,+50,+45,2,100,0.5,1,10,30,1,+1,1.0,20,-10,0,2,9840,,,,*5E
$GPNVS,15,0,0,0000,2400,2400.00,00000000,0.00,0.00,0.00,0.00,-9999,999*4E
$GPNVS,99,,,*5C
$GPNVS,1,155906,031026,A,N,60,N,0x00000,0x03,0x00,1,N*26
$GPNVS,2,155906,031026,0.00,0.00,0.00,0.00,0.00,0.00,0.00,0.00,*66
$GPNVS,3,155906,031026,0.00,0.00,0.00,0.00,,0.00,0,0,1,+38.06,*40
$GPNVS,4,155906,031026,0.00,0.00,,,,,,,*60
$GPNVS,5,155906,031026,5C9,0,0,+38.06,00000,00000,*26
$GPNVS,6,0,A,1,0x00000,0x03,,0x00,00,,0x00000,,*05
$GPNVS,7,155906,031026,A,72,0x00,27,11,0,581399,+4.27,-4.11*56
$GPNVS,9,+9999999.9890,+2.77232,+9999999.949,15,+0.019,+0.37,,+38.06,50.0,50.6,*6B
$GPNVS,10,1,0,0,+55,+50,2,100,0.5,1,10,30,1,+1,1.0,20,-10,0,2,9835,,,,*5D
$GPNVS,15,0,0,0000,2400,2400.00,00000000,0.00,0.00,0.00,0.00,-9999,999*4E
$GPNVS,1,155907,031026,A,N,60,N,0x00000,0x03,0x00,1,N*27
$GPNVS,2,155907,031026,0.00,0.00,0.00,0.00,0.00,0.00,0.00,0.00,*67
$GPNVS,3,155907,031026,0.00,0.00,0.00,0.00,,0.00,0,0,1,+38.06,*41
$GPNVS,4,155907,031026,0.00,0.00,,,,,,,*61
$GPNVS,5,155907,031026,5C9,0,0,+38.06,00000,00000,*27
$GPNVS,6,0,A,1,0x00000,0x03,,0x00,00,,0x00000,,*05
$GPNVS,7,155907,031026,A,72,0x00,27,10,1,581400,+4.27,-4.11*50
$GPNVS,9,+9999999.9910,+2.77233,+10000000.05,15,+0.019,+0.37,,+38.06,50.0,50.0,*6C
$GPNVS,10,1,0,0,+50,+50,2,100,0.5,1,10,30,1,+2,1.0,20,-10,0,2,9830,,,,*5E
$GPNVS,15,0,0,0000,2400,2400.00,00000000,0.00,0.00,0.00,0.00,-9999,999*4E
$GPNVS,1,155908,031026,A,N,60,N,0x00000,0x03,0x00,1,N*28
$GPNVS,2,155908,031026,0.00,0.00,0.00,0.00,0.00,0.00,0.00,0.00,*68
$GPNVS,3,155908,031026,0.00,0.00,0.00,0.00,,0.00,0,0,1,+38.06,*4E
$GPNVS,4,155908,031026,0.00,0.00,,,,,,,*6E
$GPNVS,5,155908,031026,5C9,0,0,+38.06,00000,00000,*28
$GPNVS,6,0,A,1,0x00000,0x03,,0x00,00,,0x00000,,*05
$GPNVS,7,155908,031026,A,72,0x00,27,10,0,581400,+4.27,-4.11*5E
$GPNVS,9,+9999999.9910,+2.77233,+10000000.00,15,+0.019,+0.37,,+38.06,50.0,49.6,*67
$GPNVS,10,1,0,0,+50,+50,2,100,0.5,1,10,30,1,+3,1.0,20,-10,0,2,9825,,,,*5B
$GPNVS,15,0,0,0000,2400,2400.00,00000000,0.00,0.00,0.00,0.00,-9999,999*4E
$GPNVS,1,155909,031026,A,N,60,N,0x00000,0x03,0x00,1,N*29
$GPNVS,2,155909,031026,0.00,0.00,0.00,0.00,0.00,0.00,0.00,0.00,*69
$GPNVS,3,155909,031026,0.00,0.00,0.00,0.00,,0.00,0,0,1,+38.06,*4F
$GPNVS,4,155909,031026,0.00,0.00,,,,,,,*6F
$GPNVS,5,155909,031026,5C9,0,0,+38.06,00000,00000,*29
$GPNVS,6,0,A,1,0x00000,0x03,,0x00,00,,0x00000,,*05
$GPNVS,7,155909,031026,A,72,0x00,27,11,1,581401,+4.27,-4.11*5E
$GPNVS,9,+9999999.9890,+2.77233,+9999999.949,15,+0.019,+0.37,,+38.06,50.0,49.6,*62
$GPNVS,10,1,0,0,+55,+50,2,100,0.5,1,10,30,1,+3,1.0,20,-10,0,2,9820,,,,*5B
$GPNVS,15,0,0,0000,2400,2400.00,00000000,0.00,0.00,0.00,0.00,-9999,999*4E
$GPNVS,1,155910,031026,A,N,60,N,0x00000,0x03,0x00,1,N*21
$GPNVS,2,155910,031026,0.00,0.00,0.00,0.00,0.00,0.00,0.00,0.00,*61
$GPNVS,3,155910,031026,0.00,0.00,0.00,0.00,,0.00,0,0,1,+38.06,*47
$GPNVS,4,155910,031026,0.00,0.00,,,,,,,*67
$GPNVS,5,155910,031026,5C9,0,0,+38.06,00000,00000,*21
$GPNVS,6,0,A,1,0x00000,0x03,,0x00,00,,0x00000,,*05
$GPNVS,7,155910,031026,A,72,0x00,27,10,1,581402,+4.27,-4.11*54
$GPNVS,9,+9999999.9900,+2.77234,+10000000.05,15,+0.019,+0.37,,+38.06,50.0,49.3,*61
$GPNVS,10,1,0,0,+50,+50,2,100,0.5,1,10,30,1,+3,1.0,20,-9,0,2,9815,,,,*60
$GPNVS,15,0,0,0000,2400,2400.00,00000000,0.00,0.00,0.00,0.00,-9999,999*4E
$GPNVS,1,155911,031026,A,N,60,N,0x00000,0x03,0x00,1,N*20
$GPNVS,2,155911,031026,0.00,0.00,0.00,0.00,0.00,0.00,0.00,0.00,*60
$GPNVS,3,155911,031026,0.00,0.00,0.00,0.00,,0.00,0,0,1,+38.06,*46
$GPNVS,4,155911,031026,0.00,0.00,,,,,,,*66
$GPNVS,5,155911,031026,5C9,0,0,+38.06,00000,00000,*20
$GPNVS,6,0,A,1,0x00000,0x03,,0x00,00,,0x00000,,*05
$GPNVS,7,155911,031026,A,72,0x00,27,8,1,581403,+4.27,-4.11*6D
$GPNVS,9,+9999999.9920,+2.77234,+10000000.05,15,+0.019,+0.37,,+38.06,50.0,49.6,*66
$GPNVS,10,1,0,0,+40,+45,2,100,0.5,1,10,30,1,+3,1.0,20,-9,0,2,9810,,,,*60
$GPNVS,15,0,0,0000,2400,2400.00,00000000,0.00,0.00,0.00,0.00,-9999,999*4E
$GPNVS,1,155912,031026,A,N,60,N,0x00000,0x03,0x00,1,N*23
$GPNVS,2,155912,031026,0.00,0.00,0.00,0.00,0.00,0.00,0.00,0.00,*63
$GPNVS,3,155912,031026,0.00,0.00,0.00,0.00,,0.00,0,0,1,+38.06,*45
$GPNVS,4,155912,031026,0.00,0.00,,,,,,,*65
$GPNVS,5,155912,031026,5C9,0,0,+38.06,00000,00000,*23
$GPNVS,6,0,A,1,0x00000,0x03,,0x00,00,,0x00000,,*05
$GPNVS,7,155912,031026,A,72,0x00,27,9,1,581404,+4.27,-4.11*68
$GPNVS,9,+9999999.9900,+2.77235,+9999999.949,15,+0.019,+0.37,,+38.06,50.0,49.0,*6A
$GPNVS,10,1,0,0,+45,+40,2,100,0.5,1,10,30,1,+3,1.0,20,-9,0,2,9805,,,,*64
$GPNVS,15,0,0,0000,2400,2400.00,00000000,0.00,0.00,0.00,0.00,-9999,999*4E
$GPNVS,1,155913,031026,A,N,60,N,0x00000,0x03,0x00,1,N*22
$GPNVS,2,155913,031026,0.00,0.00,0.00,0.00,0.00,0.00,0.00,0.00,*62
$GPNVS,3,155913,031026,0.00,0.00,0.00,0.00,,0.00,0,0,1,+38.06,*44
$GPNVS,4,155913,031026,0.00,0.00,,,,,,,*64
$GPNVS,5,155913,031026,5C9,0,0,+38.06,00000,00000,*22
$GPNVS,6,0,A,1,0x00000,0x03,,0x00,00,,0x00000,,*05
$GPNVS,7,155913,031026,A,72,0x00,27,8,0,581404,+4.27,-4.11*69
$GPNVS,9,+9999999.9910,+2.77235,+10000000.05,15,+0.019,+0.37,,+38.06,50.0,50.3,*69
$GPNVS,10,1,0,0,+40,+40,2,100,0.5,1,10,30,1,+3,1.0,20,-9,0,2,9800,,,,*64
$GPNVS,15,0,0,0000,2400,2400.00,00000000,0.00,0.00,0.00,0.00,-9999,999*4E
$GPNVS,1,155914,031026,A,N,60,N,0x00000,0x03,0x00,1,N*25
$GPNVS,2,155914,031026,0.00,0.00,0.00,0.00,0.00,0.00,0.00,0.00,*65
$GPNVS,3,155914,031026,0.00,0.00,0.00,0.00,,0.00,0,0,1,+38.06,*43
$GPNVS,4,155914,031026,0.00,0.00,,,,,,,*63
$GPNVS,5,155914,031026,5C9,0,0,+38.06,00000,00000,*25
$GPNVS,6,0,A,1,0x00000,0x03,,0x00,00,,0x00000,,*05
$GPNVS,7,155914,031026,A,72,0x00,27,9,1,581405,+4.27,-4.11*6F
$GPNVS,9,+9999999.9900,+2.77235,+9999999.949,15,+0.019,+0.37,,+38.06,50.0,50.0,*62
$GPNVS,10,1,0,0,+45,+40,2,100,0.5,1,10,30,1,+2,1.0,20,-9,0,2,9795,,,,*63
$GPNVS,15,0,0,0000,2400,2400.00,00000000,0.00,0.00,0.00,0.00,-9999,999*4E
$GPNVS,1,155915,031026,A,N,60,N,0x00000,0x03,0x00,1,N*24
$GPNVS,2,155915,031026,0.00,0.00,0.00,0.00,0.00,0.00,0.00,0.00,*64
$GPNVS,3,155915,031026,0.00,0.00,0.00,0.00,,0.00,0,0,1,+38.06,*42
$GPNVS,4,155915,031026,0.00,0.00,,,,,,,*62
$GPNVS,5,155915,031026,5C9,0,0,+38.06,00000,00000,*24
$GPNVS,6,0,A,1,0x00000,0x03,,0x00,00,,0x00000,,*05
$GPNVS,7,155915,031026,A,72,0x00,27,8,0,581405,+4.27,-4.11*6E
$GPNVS,9,+9999999.9920,+2.77235,+10000000.05,15,+0.019,+0.37,,+38.06,50.0,48.7,*67
$GPNVS,10,1,0,0,+40,+40,2,100,0.5,1,10,30,1,+1,1.0,20,-9,0,2,9790,,,,*60
$GPNVS,15,0,0,0000,2400,2400.00,00000000,0.00,0.00,0.00,0.00,-9999,999*4E
$GPNVS,1,155916,031026,A,N,60,N,0x00000,0x03,0x00,1,N*27
$GPNVS,2,155916,031026,0.00,0.00,0.00,0.00,0.00,0.00,0.00,0.00,*67
$GPNVS,3,155916,031026,0.00,0.00,0.00,0.00,,0.00,0,0,1,+38.06,*41
$GPNVS,4,155916,031026,0.00,0.00,,,,,,,*61
$GPNVS,5,155916,031026,5C9,0,0,+38.06,00000,00000,*27
$GPNVS,6,0,A,1,0x00000,0x03,,0x00,00,,0x00000,,*05
$GPNVS,7,155916,031026,A,72,0x00,27,9,1,581406,+4.27,-4.11*6E
$GPNVS,9,+9999999.9900,+2.77236,+9999999.949,15,+0.019,+0.37,,+38.06,50.0,49.3,*6A
$GPNVS,10,1,0,0,+45,+40,2,100,0.5,1,10,30,1,+1,1.0,20,+8,0,2,9785,,,,*66
$GPNVS,15,0,0,0000,2400,2400.00,00000000,0.00,0.00,0.00,0.00,+9999,999*48
$GPNVS,1,155917,031026,A,N,60,N,0x00000,0x03,0x00,1,N*26
$GPNVS,2,155917,031026,0.00,0.00,0.00,0.00,0.00,0.00,0.00,0.00,*66
$GPNVS,3,155917,031026,0.00,0.00,0.00,0.00,,0.00,0,0,1,+38.06,*40
$GPNVS,4,155917,031026,0.00,0.00,,,,,,,*60
$GPNVS,5,155917,031026,5C9,0,0,+38.06,00000,00000,*26
$GPNVS,6,0,A,1,0x00000,0x03,,0x00,00,,0x00000,,*05
$GPNVS,7,155917,031026,A,72,0x00,3,8,0,581406,+4.27,-4.11*59
$GPNVS,9,+9999999.9900,+2.77236,+10000000.00,15,+0.019,+0.37,,+38.06,50.0,48.7,*63
$GPNVS,10,1,0,0,+40,+40,2,100,0.5,1,10,30,1,+0,1.0,20,+8,0,2,9780,,,,*67
$GPNVS,15,0,0,0000,2400,2400.00,00000000,0.00,0.00,0.00,0.00,+9999,999*48
$GPNVS,1,155918,031026,A,N,60,N,0x00000,0x03,0x00,1,N*29
$GPNVS,2,155918,031026,0.00,0.00,0.00,0.00,0.00,0.00,0.00,0.00,*69
$GPNVS,3,155918,031026,0.00,0.00,0.00,0.00,,0.00,0,0,1,+38.06,*4F
$GPNVS,4,155918,031026,0.00,0.00,,,,,,,*6F
$GPNVS,5,155918,031026,5C9,0,0,+38.06,00000,00000,*29
$GPNVS,6,0,A,1,0x00000,0x03,,0x00,00,,0x00000,,*05
$GPNVS,7,155918,031026,A,72,0x00,3,9,0,581406,+4.28,-4.11*58
$GPNVS,9,+9999999.9890,+2.77236,+9999999.949,15,+0.019,+0.37,,+38.06,50.0,49.3,*62
$GPNVS,10,1,0,0,+45,+40,2,100,0.5,1,10,30,1,+1,1.0,20,+8,0,2,9775,,,,*69
$GPNVS,15,0,0,0000,2400,2400.00,00000000,0.00,0.00,0.00,0.00,+9999,999*48
$GPNVS,1,155919,031026,A,N,60,N,0x00000,0x03,0x00,1,N*28
$GPNVS,2,155919,031026,0.00,0.00,0.00,0.00,0.00,0.00,0.00,0.00,*68
$GPNVS,3,155919,031026,0.00,0.00,0.00,0.00,,0.00,0,0,1,+38.06,*4E
$GPNVS,4,155919,031026,0.00,0.00,,,,,,,*6E
$GPNVS,5,155919,031026,5C9,0,0,+38.06,00000,00000,*28
$GPNVS,6,0,A,1,0x00000,0x03,,0x00,00,,0x00000,,*05
$GPNVS,7,155919,031026,A,72,0x00,3,9,1,581407,+4.27,-4.11*56
$GPNVS,9,+9999999.9890,+2.77236,+10000000.00,15,+0.019,+0.37,,+38.06,50.0,50.0,*65
$GPNVS,10,1,0,0,+45,+45,2,100,0.5,1,10,30,1,+1,1.0,20,+8,0,2,9770,,,,*69
$GPNVS,15,0,0,0000,2400,2400.00,00000000,0.00,0.00,0.00,0.00,+9999,999*48
$GPNVS,1,155920,031026,A,N,60,N,0x00000,0x03,0x00,1,N*22
$GPNVS,2,155920,031026,0.00,0.00,0.00,0.00,0.00,0.00,0.00,0.00,*62
$GPNVS,3,155920,031026,0.00,0.00,0.00,0.00,,0.00,0,0,1,+38.06,*44
$GPNVS,4,155920,031026,0.00,0.00,,,,,,,*64
$GPNVS,5,155920,031026,5C9,0,0,+38.06,00000,00000,*22
$GPNVS,6,0,A,1,0x00000,0x03,,0x00,00,,0x00000,,*05
$GPNVS,7,155920,031026,A,72,0x00,3,10,0,581407,+4.27,-4.11*65
$GPNVS,9,+9999999.9869,+2.77236,+9999999.949,15,+0.019,+0.37,,+38.06,50.0,49.6,*61
$GPNVS,10,1,0,0,+50,+45,2,100,0.5,1,10,30,1,+0,1.0,20,+8,0,2,9765,,,,*68
$GPNVS,15,0,0,0000,2400,2400.00,00000000,0.00,0.00,0.00,0.00,+9999,999*48
$GPNVS,99,,,*5C
$GPNVS,1,155921,031026,A,N,60,N,0x00000,0x03,0x00,1,N*23
$GPNVS,2,155921,031026,0.00,0.00,0.00,0.00,0.00,0.00,0.00,0.00,*63
$GPNVS,3,155921,031026,0.00,0.00,0.00,0.00,,0.00,0,0,1,+38.06,*45
$GPNVS,4,155921,031026,0.00,0.00,,,,,,,*65
$GPNVS,5,155921,031026,5C9,0,0,+38.06,00000,00000,*23
$GPNVS,6,0,A,1,0x00000,0x03,,0x00,00,,0x00000,,*05
$GPNVS,7,155921,031026,A,72,0x00,3,9,0,581407,+4.27,-4.11*5C
$GPNVS,9,+9999999.9879,+2.77236,+10000000.05,15,+0.019,+0.37,,+38.06,50.0,50.0,*67
$GPNVS,10,1,0,0,+45,+45,2,100,0.5,1,10,30,1,-1,1.0,20,+8,0,2,9760,,,,*6E
$GPNVS,15,0,0,0000,2400,2400.00,00000000,0.00,0.00,0.00,0.00,+9999,999*48
$GPNVS,1,155922,031026,A,N,60,N,0x00000,0x03,0x00,1,N*20
$GPNVS,2,155922,031026,0.00,0.00,0.00,0.00,0.00,0.00,0.00,0.00,*60
$GPNVS,3,155922,031026,0.00,0.00,0.00,0.00,,0.00,0,0,1,+38.06,*46
$GPNVS,4,155922,031026,0.00,0.00,,,,,,,*66
$GPNVS,5,155922,031026,5C9,0,0,+38.06,00000,00000,*20
$GPNVS,6,0,A,1,0x00000,0x03,,0x00,00,,0x00000,,*05
$GPNVS,7,155922,031026,A,72,0x00,3,10,1,581408,+4.27,-4.11*69
$GPNVS,9,+9999999.9879,+2.77237,+9999999.949,15,+0.019,+0.37,,+38.06,50.0,50.0,*6F
$GPNVS,10,1,0,0,+50,+45,2,100,0.5,1,10,30,1,-1,1.0,20,+7,0,2,9755,,,,*63
$GPNVS,15,0,0,0000,2400,2400.00,00000000,0.00,0.00,0.00,0.00,+9999,999*48
$GPNVS,1,155923,031026,A,N,60,N,0x00000,0x03,0x00,1,N*21
$GPNVS,2,155923,031026,0.00,0.00,0.00,0.00,0.00,0.00,0.00,0.00,*61
$GPNVS,3,155923,031026,0.00,0.00,0.00,0.00,,0.00,0,0,1,+38.06,*47
$GPNVS,4,155923,031026,0.00,0.00,,,,,,,*67
$GPNVS,5,155923,031026,5C9,0,0,+38.06,00000,00000,*21
$GPNVS,6,0,A,1,0x00000,0x03,,0x00,00,,0x00000,,*05
$GPNVS,7,155923,031026,A,72,0x00,3,10,0,581408,+4.27,-4.11*69
$GPNVS,9,+9999999.9890,+2.77237,+10000000.05,15,+0.019,+0.37,,+38.06,50.0,49.3,*6A
$GPNVS,10,1,0,0,+50,+50,2,100,0.5,1,10,30,1,-1,1.0,20,+7,0,2,9750,,,,*62
$GPNVS,15,0,0,0000,2400,2400.00,00000000,0.00,0.00,0.00,0.00,+9999,999*48
$GPNVS,1,155924,031026,A,N,60,N,0x00000,0x03,0x00,1,N*26
$GPNVS,2,155924,031026,0.00,0.00,0.00,0.00,0.00,0.00,0.00,0.00,*66
$GPNVS,3,155924,031026,0.00,0.00,0.00,0.00,,0.00,0,0,1,+38.06,*40
$GPNVS,4,155924,031026,0.00,0.00,,,,,,,*60
$GPNVS,5,155924,031026,5C9,0,0,+38.06,00000,00000,*26
$GPNVS,6,0,A,1,0x00000,0x03,,0x00,00,,0x00000,,*05
$GPNVS,7,155924,031026,A,72,0x00,3,10,1,581409,+4.27,-4.11*6E
$GPNVS,9,+9999999.9890,+2.77237,+10000000.00,15,+0.019,+0.37,,+38.06,50.0,49.0,*6C
$GPNVS,10,1,0,0,+50,+50,2,100,0.5,1,10,30,1,+0,1.0,20,+7,0,2,9745,,,,*61
$GPNVS,15,0,0,0000,2400,2400.00,00000000,0.00,0.00,0.00,0.00,+9999,999*48
$GPNVS,1,155925,031026,A,N,60,N,0x00000,0x03,0x00,1,N*27
$GPNVS,2,155925,031026,0.00,0.00,0.00,0.00,0.00,0.00,0.00,0.00,*67
$GPNVS,3,155925,031026,0.00,0.00,0.00,0.00,,0.00,0,0,1,+38.06,*41
$GPNVS,4,155925,031026,0.00,0.00,,,,,,,*61
$GPNVS,5,155925,031026,5C9,0,0,+38.06,00000,00000,*27
$GPNVS,6,0,A,1,0x00000,0x03,,0x00,00,,0x00000,,*05
$GPNVS,7,155925,031026,A,72,0x00,3,10,0,581409,+4.27,-4.11*6E
$GPNVS,9,+9999999.9890,+2.77237,+10000000.00,15,+0.019,+0.37,,+38.06,50.0,50.6,*62
$GPNVS,10,1,0,0,+50,+50,2,100,0.5,1,10,30,1,+0,1.0,20,+7,0,2,9740,,,,*64
$GPNVS,15,0,0,0000,2400,2400.00,00000000,0.00,0.00,0.00,0.00,+9999,999*48
$GPNVS,1,155926,031026,A,N,60,N,0x00000,0x03,0x00,1,N*24
$GPNVS,2,155926,031026,0.00,0.00,0.00,0.00,0.00,0.00,0.00,0.00,*64
$GPNVS,3,155926,031026,0.00,0.00,0.00,0.00,,0.00,0,0,1,+38.06,*42
$GPNVS,4,155926,031026,0.00,0.00,,,,,,,*62
$GPNVS,5,155926,031026,5C9,0,0,+38.06,00000,00000,*24
$GPNVS,6,0,A,1,0x00000,0x03,,0x00,00,,0x00000,,*05
$GPNVS,7,155926,031026,A,72,0x00,3,10,1,581410,+4.27,-4.11*64
$GPNVS,9,+9999999.9890,+2.77238,+10000000.00,15,+0.019,+0.37,,+38.06,50.0,50.0,*6B
$GPNVS,10,1,0,0,+50,+50,2,100,0.5,1,10,30,1,+0,1.0,20,+7,0,2,9735,,,,*66
$GPNVS,15,0,0,0000,2400,2400.00,00000000,0.00,0.00,0.00,0.00,+9999,999*48
$GPNVS,1,155927,031026,A,N,60,N,0x00000,0x03,0x00,1,N*25
$GPNVS,2,155927,031026,0.00,0.00,0.00,0.00,0.00,0.00,0.00,0.00,*65
$GPNVS,3,155927,031026,0.00,0.00,0.00,0.00,,0.00,0,0,1,+38.06,*43
$GPNVS,4,155927,031026,0.00,0.00,,,,,,,*63
$GPNVS,5,155927,031026,5C9,0,0,+38.06,00000,00000,*25
$GPNVS,6,0,A,1,0x00000,0x03,,0x00,00,,0x00000,,*05
$GPNVS,7,155927,031026,A,72,0x00,3,10,1,581411,+4.27,-4.11*64
$GPNVS,9,+9999999.9890,+2.77238,+10000000.00,15,+0.019,+0.37,,+38.06,50.0,50.3,*68
$GPNVS,10,1,0,0,+50,+50,2,100,0.5,1,10,30,1,+1,1.0,20,-13,0,2,9730,,,,*51
$GPNVS,15,0,0,0000,2400,2400.00,00000000,0.00,0.00,0.00,0.00,-9999,999*4E
$GPNVS,1,155928,031026,A,N,60,N,0x00000,0x03,0x00,1,N*2A
$GPNVS,2,155928,031026,0.00,0.00,0.00,0.00,0.00,0.00,0.00,0.00,*6A
$GPNVS,3,155928,031026,0.00,0.00,0.00,0.00,,0.00,0,0,1,+38.06,*4C
$GPNVS,4,155928,031026,0.00,0.00,,,,,,,*6C
$GPNVS,5,155928,031026,5C9,0,0,+38.06,00000,00000,*2A
$GPNVS,6,0,A,1,0x00000,0x03,,0x00,00,,0x00000,,*05
$GPNVS,7,155928,031026,A,72,0x00,3,10,0,581411,+4.27,-4.11*6A
$GPNVS,9,+9999999.9900,+2.77238,+10000000.00,15,+0.019,+0.37,,+38.06,50.0,50.0,*63
$GPNVS,10,1,0,0,+50,+50,2,100,0.5,1,10,30,1,+1,1.0,20,-14,0,2,9725,,,,*52
$GPNVS,15,0,0,0000,2400,2400.00,00000000,0.00,0.00,0.00,0.00,-9999,999*4E
$GPNVS,1,155929,031026,A,N,60,N,0x00000,0x03,0x00,1,N*2B
$GPNVS,2,155929,031026,0.00,0.00,0.00,0.00,0.00,0.00,0.00,0.00,*6B
$GPNVS,3,155929,031026,0.00,0.00,0.00,0.00,,0.00,0,0,1,+38.06,*4D
$GPNVS,4,155929,031026,0.00,0.00,,,,,,,*6D
$GPNVS,5,155929,031026,5C9,0,0,+38.06,00000,00000,*2B
$GPNVS,6,0,A,1,0x00000,0x03,,0x00,00,,0x00000,,*05
$GPNVS,7,155929,031026,A,72,0x00,3,11,1,581412,+4.27,-4.11*68
$GPNVS,9,+9999999.9910,+2.77239,+10000000.00,15,+0.019,+0.37,,+38.06,50.0,49.6,*6D
$GPNVS,10,1,0,0,+55,+50,2,100,0.5,1,10,30,1,+1,1.0,20,-14,0,2,9720,,,,*52
$GPNVS,15,0,0,0000,2400,2400.00,00000000,0.00,0.00,0.00,0.00,-9999,999*4E
$GPNVS,1,155930,031026,A,N,60,N,0x00000,0x03,0x00,1,N*23
$GPNVS,2,155930,031026,0.00,0.00,0.00,0.00,0.00,0.00,0.00,0.00,*63
$GPNVS,3,155930,031026,0.00,0.00,0.00,0.00,,0.00,0,0,1,+37.74,*4F
$GPNVS,4,155930,031026,0.00,0.00,,,,,,,*65
$GPNVS,5,155930,031026,5C9,0,0,+37.74,00000,00000,*29
$GPNVS,6,0,A,1,0x00000,0x03,,0x00,00,,0x00000,,*05
$GPNVS,7,155930,031026,A,72,0x00,3,11,1,581413,+4.27,-4.11*61
$GPNVS,9,+9999999.9910,+2.77239,+10000000.00,15,+0.019,+0.37,,+37.74,50.0,50.0,*69
$GPNVS,10,1,0,0,+55,+55,2,100,0.5,1,10,30,1,+2,1.0,20,-14,0,2,9715,,,,*52
$GPNVS,15,0,0,0000,2400,2400.00,00000000,0.00,0.00,0.00,0.00,-9999,999*4E
$GPNVS,1,155931,031026,A,N,60,N,0x00000,0x03,0x00,1,N*22
$GPNVS,2,155931,031026,0.00,0.00,0.00,0.00,0.00,0.00,0.00,0.00,*62
$GPNVS,3,155931,031026,0.00,0.00,0.00,0.00,,0.00,0,0,1,+38.06,*44
$GPNVS,4,155931,031026,0.00,0.00,,,,,,,*64
$GPNVS,5,155931,031026,5C9,0,0,+38.06,00000,00000,*22
$GPNVS,6,0,A,1,0x00000,0x03,,0x00,00,,0x00000,,*05
$GPNVS,7,155931,031026,A,72,0x00,3,10,1,581414,+4.27,-4.11*66
$GPNVS,9,+9999999.9930,+2.77240,+10000000.05,15,+0.019,+0.37,,+38.06,50.0,50.6,*6C
$GPNVS,10,1,0,0,+50,+50,2,100,0.5,1,10,30,1,+1,1.0,20,-14,0,2,9710,,,,*54
$GPNVS,15,0,0,0000,2400,2400.00,00000000,0.00,0.00,0.00,0.00,-9999,999*4E
$GPNVS,1,155932,031026,A,N,60,N,0x00000,0x03,0x00,1,N*21
$GPNVS,2,155932,031026,0.00,0.00,0.00,0.00,0.00,0.00,0.00,0.00,*61
$GPNVS,3,155932,031026,0.00,0.00,0.00,0.00,,0.00,0,0,1,+38.06,*47
$GPNVS,4,155932,031026,0.00,0.00,,,,,,,*67
$GPNVS,5,155932,031026,5C9,0,0,+38.06,00000,00000,*21
$GPNVS,6,0,A,1,0x00000,0x03,,0x00,00,,0x00000,,*05
$GPNVS,7,155932,031026,A,72,0x00,3,11,1,581415,+4.27,-4.11*65
$GPNVS,9,+9999999.9930,+2.77240,+9999999.949,15,+0.019,+0.37,,+38.06,50.0,50.0,*63
$GPNVS,10,1,0,0,+55,+50,2,100,0.5,1,10,30,1,+1,1.0,20,-14,0,2,9705,,,,*55
$GPNVS,15,0,0,0000,2400,2400.00,00000000,0.00,0.00,0.00,0.00,-9999,999*4E
$GPNVS,1,155933,031026,A,N,60,N,0x00000,0x03,0x00,1,N*20
$GPNVS,2,155933,031026,0.00,0.00,0.00,0.00,0.00,0.00,0.00,0.00,*60
$GPNVS,3,155933,031026,0.00,0.00,0.00,0.00,,0.00,0,0,1,+38.06,*46
$GPNVS,4,155933,031026,0.00,0.00,,,,,,,*66
$GPNVS,5,155933,031026,5C9,0,0,+38.06,00000,00000,*20
$GPNVS,6,0,A,1,0x00000,0x03,,0x00,00,,0x00000,,*05
$GPNVS,7,155933,031026,A,72,0x00,3,10,0,581415,+4.28,-4.11*6B
$GPNVS,9,+9999999.9939,+2.77240,+10000000.05,15,+0.019,+0.37,,+38.06,50.0,50.0,*63
$GPNVS,10,1,0,0,+50,+50,2,100,0.5,1,10,30,1,+1,1.0,20,-14,0,2,9700,,,,*55
$GPNVS,15,0,0,0000,2400,2400.00,00000000,0.00,0.00,0.00,0.00,-9999,999*4E
$GPNVS,1,155934,031026,A,N,60,N,0x00000,0x03,0x00,1,N*27
$GPNVS,2,155934,031026,0.00,0.00,0.00,0.00,0.00,0.00,0.00,0.00,*67
$GPNVS,3,155934,031026,0.00,0.00,0.00,0.00,,0.00,0,0,1,+38.06,*41
$GPNVS,4,155934,031026,0.00,0.00,,,,,,,*61
$GPNVS,5,155934,031026,5C9,0,0,+38.06,00000,00000,*27
$GPNVS,6,0,A,1,0x00000,0x03,,0x00,00,,0x00000,,*05
$GPNVS,7,155934,031026,A,72,0x00,3,11,1,581416,+4.28,-4.11*6F
$GPNVS,9,+9999999.9939,+2.77241,+9999999.949,15,+0.019,+0.37,,+38.06,50.0,50.0,*6B
$GPNVS,10,1,0,0,+55,+50,2,100,0.5,1,10,30,1,+2,1.0,20,-13,0,2,9695,,,,*59
$GPNVS,15,0,0,0000,2400,2400.00,00000000,0.00,0.00,0.00,0.00,-9999,999*4E
$GPNVS,1,155935,031026,A,N,60,N,0x00000,0x03,0x00,1,N*26
$GPNVS,2,155935,031026,0.00,0.00,0.00,0.00,0.00,0.00,0.00,0.00,*66
$GPNVS,3,155935,031026,0.00,0.00,0.00,0.00,,0.00,0,0,1,+38.06,*40
$GPNVS,4,155935,031026,0.00,0.00,,,,,,,*60
$GPNVS,5,155935,031026,5C9,0,0,+38.06,00000,00000,*26
$GPNVS,6,0,A,1,0x00000,0x03,,0x00,00,,0x00000,,*05
$GPNVS,7,155935,031026,A,72,0x00,3,9,1,581417,+4.27,-4.11*59
$GPNVS,9,+9999999.9950,+2.77241,+10000000.05,15,+0.019,+0.37,,+38.06,50.0,50.6,*6B
$GPNVS,10,1,0,0,+45,+50,2,100,0.5,1,10,30,1,+2,1.0,20,-13,0,2,9690,,,,*5D
$GPNVS,15,0,0,0000,2400,2400.00,00000000,0.00,0.00,0.00,0.00,-9999,999*4E
$GPNVS,99,,,*5C
$GPNVS,1,155936,031026,A,N,60,N,0x00000,0x03,0x00,1,N*25
$GPNVS,2,155936,031026,0.00,0.00,0.00,0.00,0.00,0.00,0.00,0.00,*65
$GPNVS,3,155936,031026,0.00,0.00,0.00,0.00,,0.00,0,0,1,+38.06,*43
$GPNVS,4,155936,031026,0.00,0.00,,,,,,,*63
$GPNVS,5,155936,031026,5C9,0,0,+38.06,00000,00000,*25
$GPNVS,6,0,A,1,0x00000,0x03,,0x00,00,,0x00000,,*05
$GPNVS,7,155936,031026,A,72,0x00,3,9,1,581418,+4.27,-4.11*55
$GPNVS,9,+9999999.9959,+2.77241,+10000000.00,15,+0.019,+0.37,,+38.06,50.0,50.3,*62
$GPNVS,10,1,0,0,+45,+45,2,100,0.5,1,10,30,1,+1,1.0,20,-13,0,2,9685,,,,*5E
$GPNVS,15,0,0,0000,2400,2400.00,00000000,0.00,0.00,0.00,0.00,-9999,999*4E
$GPNVS,1,155937,031026,A,N,60,N,0x00000,0x03,0x00,1,N*24
$GPNVS,2,155937,031026,0.00,0.00,0.00,0.00,0.00,0.00,0.00,0.00,*64
$GPNVS,3,155937,031026,0.00,0.00,0.00,0.00,,0.00,0,0,1,+38.06,*42
$GPNVS,4,155937,031026,0.00,0.00,,,,,,,*62
$GPNVS,5,155937,031026,5C9,0,0,+38.06,00000,00000,*24
$GPNVS,6,0,A,1,0x00000,0x03,,0x00,00,,0x00000,,*05
$GPNVS,7,155937,031026,A,72,0x00,3,11,1,581419,+4.27,-4.11*6C
$GPNVS,9,+9999999.9939,+2.77242,+9999999.900,15,+0.019,+0.37,,+38.06,50.0,49.3,*6E
$GPNVS,10,1,0,0,+55,+50,2,100,0.5,1,10,30,1,+0,1.0,20,+3,0,2,9680,,,,*68
$GPNVS,15,0,0,0000,2400,2400.00,00000000,0.00,0.00,0.00,0.00,+9999,999*48
$GPNVS,1,155938,031026,A,N,60,N,0x00000,0x03,0x00,1,N*2B
$GPNVS,2,155938,031026,0.00,0.00,0.00,0.00,0.00,0.00,0.00,0.00,*6B
$GPNVS,3,155938,031026,0.00,0.00,0.00,0.00,,0.00,0,0,1,+38.06,*4D
$GPNVS,4,155938,031026,0.00,0.00,,,,,,,*6D
$GPNVS,5,155938,031026,5C9,0,0,+38.06,00000,00000,*2B
$GPNVS,6,0,A,1,0x00000,0x03,,0x00,00,,0x00000,,*05
$GPNVS,7,155938,031026,A,72,0x00,3,11,0,581419,+4.27,-4.11*62
$GPNVS,9,+9999999.9950,+2.77242,+10000000.00,15,+0.019,+0.37,,+38.06,50.0,50.0,*6B
$GPNVS,10,1,0,0,+55,+55,2,100,0.5,1,10,30,1,+1,1.0,20,+3,0,2,9675,,,,*66
$GPNVS,15,0,0,0000,2400,2400.00,00000000,0.00,0.00,0.00,0.00,+9999,999*48
$GPNVS,1,155939,031026,A,N,60,N,0x00000,0x03,0x00,1,N*2A
$GPNVS,2,155939,031026,0.00,0.00,0.00,0.00,0.00,0.00,0.00,0.00,*6A
$GPNVS,3,155939,031026,0.00,0.00,0.00,0.00,,0.00,0,0,1,+38.06,*4C
$GPNVS,4,155939,031026,0.00,0.00,,,,,,,*6C
$GPNVS,5,155939,031026,5C9,0,0,+38.06,00000,00000,*2A
$GPNVS,6,0,A,1,0x00000,0x03,,0x00,00,,0x00000,,*05
$GPNVS,7,155939,031026,A,72,0x00,3,11,1,581420,+4.27,-4.11*68
$GPNVS,9,+9999999.9950,+2.77242,+10000000.00,15,+0.019,+0.37,,+38.06,50.0,49.0,*63
$GPNVS,10,1,0,0,+55,+55,2,100,0.5,1,10,30,1,+1,1.0,20,+3,0,2,9670,,,,*63
$GPNVS,15,0,0,0000,2400,2400.00,00000000,0.00,0.00,0.00,0.00,+9999,999*48
$GPNVS,1,155940,031026,A,N,60,N,0x00000,0x03,0x00,1,N*24
$GPNVS,2,155940,031026,0.00,0.00,0.00,0.00,0.00,0.00,0.00,0.00,*64
$GPNVS,3,155940,031026,0.00,0.00,0.00,0.00,,0.00,0,0,1,+38.06,*42
$GPNVS,4,155940,031026,0.00,0.00,,,,,,,*62
$GPNVS,5,155940,031026,5C9,0,0,+38.06,00000,00000,*24
$GPNVS,6,0,A,1,0x00000,0x03,,0x00,00,,0x00000,,*05
$GPNVS,7,155940,031026,A,72,0x00,3,12,1,581421,+4.27,-4.11*64
$GPNVS,9,+9999999.9939,+2.77243,+9999999.949,15,+0.019,+0.37,,+38.06,50.0,50.3,*6A
$GPNVS,10,1,0,0,+60,+55,2,100,0.5,1,10,30,1,+1,1.0,20,+2,0,2,9665,,,,*60
$GPNVS,15,0,0,0000,2400,2400.00,00000000,0.00,0.00,0.00,0.00,+9999,999*48
$GPNVS,1,155941,031026,A,N,60,N,0x00000,0x03,0x00,1,N*25
$GPNVS,2,155941,031026,0.00,0.00,0.00,0.00,0.00,0.00,0.00,0.00,*65
$GPNVS,3,155941,031026,0.00,0.00,0.00,0.00,,0.00,0,0,1,+38.06,*43
$GPNVS,4,155941,031026,0.00,0.00,,,,,,,*63
$GPNVS,5,155941,031026,5C9,0,0,+38.06,00000,00000,*25
$GPNVS,6,0,A,1,0x00000,0x03,,0x00,00,,0x00000,,*05
$GPNVS,7,155941,031026,A,72,0x00,3,12,0,581421,+4.27,-4.11*64
$GPNVS,9,+9999999.9950,+2.77243,+10000000.05,15,+0.019,+0.37,,+38.06,50.0,49.3,*64
$GPNVS,10,1,0,0,+60,+60,2,100,0.5,1,10,30,1,+1,1.0,20,+2,0,2,9660,,,,*63
$GPNVS,15,0,0,0000,2400,2400.00,00000000,0.00,0.00,0.00,0.00,+9999,999*48
$GPNVS,1,155942,031026,A,N,60,N,0x00000,0x03,0x00,1,N*26
$GPNVS,2,155942,031026,0.00,0.00,0.00,0.00,0.00,0.00,0.00,0.00,*66
$GPNVS,3,155942,031026,0.00,0.00,0.00,0.00,,0.00,0,0,1,+37.74,*4A
$GPNVS,4,155942,031026,0.00,0.00,,,,,,,*60
$GPNVS,5,155942,031026,5C9,0,0,+37.74,00000,00000,*2C
$GPNVS,6,0,A,1,0x00000,0x03,,0x00,00,,0x00000,,*05
$GPNVS,7,155942,031026,A,72,0x00,3,12,1,581422,+4.27,-4.11*65
$GPNVS,9,+9999999.9950,+2.77243,+10000000.00,15,+0.019,+0.37,,+37.74,50.0,49.6,*6E
$GPNVS,10,1,0,0,+60,+60,2,100,0.5,1,10,30,1,+1,1.0,20,+2,0,2,9655,,,,*65
$GPNVS,15,0,0,0000,2400,2400.00,00000000,0.00,0.00,0.00,0.00,+9999,999*48
$GPNVS,1,155943,031026,A,N,60,N,0x00000,0x03,0x00,1,N*27
$GPNVS,2,155943,031026,0.00,0.00,0.00,0.00,0.00,0.00,0.00,0.00,*67
$GPNVS,3,155943,031026,0.00,0.00,0.00,0.00,,0.00,0,0,1,+38.06,*41
$GPNVS,4,155943,031026,0.00,0.00,,,,,,,*61
$GPNVS,5,155943,031026,5C9,0,0,+38.06,00000,00000,*27
$GPNVS,6,0,A,1,0x00000,0x03,,0x00,00,,0x00000,,*05
$GPNVS,7,155943,031026,A,72,0x00,3,13,1,581423,+4.28,-4.11*6B
$GPNVS,9,+9999999.9950,+2.77244,+9999999.949,15,+0.019,+0.37,,+38.06,50.0,50.3,*62
$GPNVS,10,1,0,0,+65,+60,2,100,0.5,1,10,30,1,+2,1.0,20,+2,0,2,9650,,,,*66
$GPNVS,15,0,0,0000,2400,2400.00,00000000,0.00,0.00,0.00,0.00,+9999,999*48
$GPNVS,1,155944,031026,A,N,60,N,0x00000,0x03,0x00,1,N*20
$GPNVS,2,155944,031026,0.00,0.00,0.00,0.00,0.00,0.00,0.00,0.00,*60
$GPNVS,3,155944,031026,0.00,0.00,0.00,0.00,,0.00,0,0,1,+37.74,*4C
$GPNVS,4,155944,031026,0.00,0.00,,,,,,,*66
$GPNVS,5,155944,031026,5C9,0,0,+37.74,00000,00000,*2A
$GPNVS,6,0,A,1,0x00000,0x03,,0x00,00,,0x00000,,*05
$GPNVS,7,155944,031026,A,72,0x00,3,12,1,581424,+4.28,-4.11*6A
$GPNVS,9,+9999999.9959,+2.77244,+10000000.05,15,+0.019,+0.37,,+37.74,50.0,49.6,*65
$GPNVS,10,1,0,0,+60,+60,2,100,0.5,1,10,30,1,+2,1.0,20,+2,0,2,9645,,,,*67
$GPNVS,15,0,0,0000,2400,2400.00,00000000,0.00,0.00,0.00,0.00,+9999,999*48
$GPNVS,1,155945,031026,A,N,60,N,0x00000,0x03,0x00,1,N*21
$GPNVS,2,155945,031026,0.00,0.00,0.00,0.00,0.00,0.00,0.00,0.00,*61
$GPNVS,3,155945,031026,0.00,0.00,0.00,0.00,,0.00,0,0,1,+38.06,*47
$GPNVS,4,155945,031026,0.00,0.00,,,,,,,*67
$GPNVS,5,155945,031026,5C9,0,0,+38.06,00000,00000,*21
$GPNVS,6,0,A,1,0x00000,0x03,,0x00,00,,0x00000,,*05
$GPNVS,7,155945,031026,A,72,0x00,3,12,1,581425,+4.28,-4.11*6A
$GPNVS,9,+9999999.9959,+2.77245,+10000000.00,15,+0.019,+0.37,,+38.06,50.0,50.3,*66
$GPNVS,10,1,0,0,+60,+60,2,100,0.5,1,10,30,1,+2,1.0,20,+2,1,2,9640,,,,*63
$GPNVS,15,0,0,0000,2400,2400.00,00000000,0.00,0.00,0.00,0.00,+9999,999*48
$GPNVS,1,155946,031026,A,N,60,N,0x00000,0x03,0x00,1,N*22
$GPNVS,2,155946,031026,0.00,0.00,0.00,0.00,0.00,0.00,0.00,0.00,*62
$GPNVS,3,155946,031026,0.00,0.00,0.00,0.00,,0.00,0,0,1,+38.06,*44
$GPNVS,4,155946,031026,0.00,0.00,,,,,,,*64
$GPNVS,5,155946,031026,5C9,0,0,+38.06,00000,00000,*22
$GPNVS,6,0,A,1,0x00000,0x03,,0x00,00,,0x00000,,*05
$GPNVS,7,155946,031026,A,72,0x00,3,12,2,581427,+4.28,-4.11*68
$GPNVS,9,+9999999.9979,+2.77246,+10000000.00,15,+0.019,+0.37,,+38.06,50.0,50.0,*64
$GPNVS,10,1,0,0,+60,+60,2,100,0.5,1,10,30,1,+2,1.0,20,+2,1,2,9635,,,,*61
$GPNVS,15,0,0,0000,2400,2400.00,00000000,0.00,0.00,0.00,0.00,+9999,999*48
$GPNVS,1,155947,031026,A,N,60,N,0x00000,0x03,0x00,1,N*23
$GPNVS,2,155947,031026,0.00,0.00,0.00,0.00,0.00,0.00,0.00,0.00,*63
$GPNVS,3,155947,031026,0.00,0.00,0.00,0.00,,0.00,0,0,1,+38.06,*45
$GPNVS,4,155947,031026,0.00,0.00,,,,,,,*65
$GPNVS,5,155947,031026,5C9,0,0,+38.06,00000,00000,*23
$GPNVS,6,0,A,1,0x00000,0x03,,0x00,00,,0x00000,,*05
$GPNVS,7,155947,031026,A,72,0x00,3,12,1,581428,+4.28,-4.11*65
$GPNVS,9,+9999999.9979,+2.77246,+10000000.00,15,+0.019,+0.37,,+38.06,50.0,50.6,*62
$GPNVS,10,1,0,0,+60,+60,2,100,0.5,1,10,30,1,+1,1.0,20,+2,1,2,9630,,,,*67
$GPNVS,15,0,0,0000,2400,2400.00,00000000,0.00,0.00,0.00,0.00,+9999,999*48
$GPNVS,1,155948,031026,A,N,60,N,0x00000,0x03,0x00,1,N*2C
$GPNVS,2,155948,031026,0.00,0.00,0.00,0.00,0.00,0.00,0.00,0.00,*6C
$GPNVS,3,155948,031026,0.00,0.00,0.00,0.00,,0.00,0,0,1,+37.74,*40
$GPNVS,4,155948,031026,0.00,0.00,,,,,,,*6A
$GPNVS,5,155948,031026,5C9,0,0,+37.74,00000,00000,*26
$GPNVS,6,0,A,1,0x00000,0x03,,0x00,00,,0x00000,,*05
$GPNVS,7,155948,031026,A,72,0x00,3,12,1,581429,+4.27,-4.11*64
$GPNVS,9,+9999999.9969,+2.77247,+10000000.00,15,+0.019,+0.37,,+37.74,50.0,49.6,*60
$GPNVS,10,1,0,0,+60,+60,2,100,0.5,1,10,30,1,+1,1.0,20,-18,1,2,9625,,,,*5E
$GPNVS,15,0,0,0000,2400,2400.00,00000000,0.00,0.00,0.00,0.00,-9999,999*4E
$GPNVS,1,155949,031026,A,N,60,N,0x00000,0x03,0x00,1,N*2D
$GPNVS,2,155949,031026,0.00,0.00,0.00,0.00,0.00,0.00,0.00,0.00,*6D
$GPNVS,3,155949,031026,0.00,0.00,0.00,0.00,,0.00,0,0,1,+37.74,*41
$GPNVS,4,155949,031026,0.00,0.00,,,,,,,*6B
$GPNVS,5,155949,031026,5C9,0,0,+37.74,00000,00000,*27
$GPNVS,6,0,A,1,0x00000,0x03,,0x00,00,,0x00000,,*05
$GPNVS,7,155949,031026,A,72,0x00,3,12,1,581430,+4.27,-4.11*6D
$GPNVS,9,+9999999.9969,+2.77247,+10000000.00,15,+0.019,+0.37,,+37.74,50.0,49.0,*66
$GPNVS,10,1,0,0,+60,+60,2,100,0.5,1,10,30,1,+2,1.0,20,-18,1,2,9620,,,,*58
$GPNVS,15,0,0,0000,2400,2400.00,00000000,0.00,0.00,0.00,0.00,-9999,999*4E
$GPNVS,1,155950,031026,A,N,60,N,0x00000,0x03,0x00,1,N*25
$GPNVS,2,155950,031026,0.00,0.00,0.00,0.00,0.00,0.00,0.00,0.00,*65
$GPNVS,3,155950,031026,0.00,0.00,0.00,0.00,,0.00,0,0,1,+37.74,*49
$GPNVS,4,155950,031026,0.00,0.00,,,,,,,*63
$GPNVS,5,155950,031026,5C9,0,0,+37.74,00000,00000,*2F
$GPNVS,6,0,A,1,0x00000,0x03,,0x00,00,,0x00000,,*05
$GPNVS,7,155950,031026,A,72,0x00,3,12,1,581431,+4.27,-4.11*64
$GPNVS,9,+9999999.9959,+2.77248,+10000000.00,15,+0.019,+0.37,,+37.74,50.0,50.6,*64
$GPNVS,10,1,0,0,+60,+60,2,100,0.5,1,10,30,1,+2,1.0,20,-18,1,2,9615,,,,*5E
$GPNVS,15,0,0,0000,2400,2400.00,00000000,0.00,0.00,0.00,0.00,-9999,999*4E
$GPNVS,99,,,*5C
$GPNVS,1,155951,031026,A,N,60,N,0x00000,0x03,0x00,1,N*24
$GPNVS,2,155951,031026,0.00,0.00,0.00,0.00,0.00,0.00,0.00,0.00,*64
$GPNVS,3,155951,031026,0.00,0.00,0.00,0.00,,0.00,0,0,1,+37.74,*48
$GPNVS,4,155951,031026,0.00,0.00,,,,,,,*62
$GPNVS,5,155951,031026,5C9,0,0,+37.74,00000,00000,*2E
$GPNVS,6,0,A,1,0x00000,0x03,,0x00,00,,0x00000,,*05
$GPNVS,7,155951,031026,A,72,0x00,3,12,2,581433,+4.27,-4.11*64
$GPNVS,9,+9999999.9969,+2.77249,+10000000.00,15,+0.019,+0.37,,+37.74,50.0,50.0,*60
$GPNVS,10,1,0,0,+60,+60,2,100,0.5,1,10,30,1,+1,1.0,20,-18,1,2,9610,,,,*58
$GPNVS,15,0,0,0000,2400,2400.00,00000000,0.00,0.00,0.00,0.00,-9999,999*4E
$GPNVS,1,155952,031026,A,N,60,N,0x00000,0x03,0x00,1,N*27
$GPNVS,2,155952,031026,0.00,0.00,0.00,0.00,0.00,0.00,0.00,0.00,*67
$GPNVS,3,155952,031026,0.00,0.00,0.00,0.00,,0.00,0,0,1,+38.06,*41
$GPNVS,4,155952,031026,0.00,0.00,,,,,,,*61
$GPNVS,5,155952,031026,5C9,0,0,+38.06,00000,00000,*27
$GPNVS,6,0,A,1,0x00000,0x03,,0x00,00,,0x00000,,*05
$GPNVS,7,155952,031026,A,72,0x00,3,11,1,581434,+4.27,-4.11*60
$GPNVS,9,+9999999.9979,+2.77249,+10000000.05,15,+0.019,+0.37,,+38.06,50.0,49.0,*66
$GPNVS,10,1,0,0,+55,+55,2,100,0.5,1,10,30,1,+1,1.0,20,-18,1,2,9605,,,,*5C
$GPNVS,15,0,0,0000,2400,2400.00,00000000,0.00,0.00,0.00,0.00,-9999,999*4E
$GPNVS,1,155953,031026,A,N,60,N,0x00000,0x03,0x00,1,N*26
$GPNVS,2,155953,031026,0.00,0.00,0.00,0.00,0.00,0.00,0.00,0.00,*66
$GPNVS,3,155953,031026,0.00,0.00,0.00,0.00,,0.00,0,0,1,+37.74,*4A
$GPNVS,4,155953,031026,0.00,0.00,,,,,,,*60
$GPNVS,5,155953,031026,5C9,0,0,+37.74,00000,00000,*2C
$GPNVS,6,0,A,1,0x00000,0x03,,0x00,00,,0x00000,,*05
$GPNVS,7,155953,031026,A,72,0x00,3,11,1,581435,+4.28,-4.11*6F
$GPNVS,9,+9999999.9979,+2.77250,+10000000.00,15,+0.019,+0.37,,+37.74,50.0,50.3,*6A
$GPNVS,10,1,0,0,+55,+55,2,100,0.5,1,10,30,1,+1,1.0,20,-18,1,2,9600,,,,*59
$GPNVS,15,0,0,0000,2400,2400.00,00000000,0.00,0.00,0.00,0.00,-9999,999*4E
$GPNVS,1,155954,031026,A,N,60,N,0x00000,0x03,0x00,1,N*21
$GPNVS,2,155954,031026,0.00,0.00,0.00,0.00,0.00,0.00,0.00,0.00,*61
$GPNVS,3,155954,031026,0.00,0.00,0.00,0.00,,0.00,0,0,1,+38.06,*47
$GPNVS,4,155954,031026,0.00,0.00,,,,,,,*67
$GPNVS,5,155954,031026,5C9,0,0,+38.06,00000,00000,*21
$GPNVS,6,0,A,1,0x00000,0x03,,0x00,00,,0x00000,,*05
$GPNVS,7,155954,031026,A,72,0x00,3,12,0,581435,+4.27,-4.11*65
$GPNVS,9,+9999999.9979,+2.77250,+9999999.949,15,+0.019,+0.37,,+38.06,50.0,49.0,*67
$GPNVS,10,1,0,0,+60,+55,2,100,0.5,1,10,30,1,+1,1.0,20,-18,1,2,9595,,,,*50
$GPNVS,15,0,0,0000,2400,2400.00,00000000,0.00,0.00,0.00,0.00,-9999,999*4E
$GPNVS,1,155955,031026,A,N,60,N,0x00000,0x03,0x00,1,N*20
$GPNVS,2,155955,031026,0.00,0.00,0.00,0.00,0.00,0.00,0.00,0.00,*60
$GPNVS,3,155955,031026,0.00,0.00,0.00,0.00,,0.00,0,0,1,+38.06,*46
$GPNVS,4,155955,031026,0.00,0.00,,,,,,,*66
$GPNVS,5,155955,031026,5C9,0,0,+38.06,00000,00000,*20
$GPNVS,6,0,A,1,0x00000,0x03,,0x00,00,,0x00000,,*05
$GPNVS,7,155955,031026,A,72,0x00,3,11,1,581436,+4.27,-4.11*65
$GPNVS,9,+9999999.9989,+2.77250,+10000000.05,15,+0.019,+0.37,,+38.06,50.0,49.0,*61
$GPNVS,10,1,0,0,+55,+55,2,100,0.5,1,10,30,1,+1,1.0,20,-18,1,2,9590,,,,*53
$GPNVS,15,0,0,0000,2400,2400.00,00000000,0.00,0.00,0.00,0.00,-9999,999*4E
$GPNVS,1,155956,031026,A,N,60,N,0x00000,0x03,0x00,1,N*23
$GPNVS,2,155956,031026,0.00,0.00,0.00,0.00,0.00,0.00,0.00,0.00,*63
$GPNVS,3,155956,031026,0.00,0.00,0.00,0.00,,0.00,0,0,1,+38.06,*45
$GPNVS,4,155956,031026,0.00,0.00,,,,,,,*65
$GPNVS,5,155956,031026,5C9,0,0,+38.06,00000,00000,*23
$GPNVS,6,0,A,1,0x00000,0x03,,0x00,00,,0x00000,,*05
$GPNVS,7,155956,031026,A,72,0x00,3,10,1,581437,+4.27,-4.11*66
$GPNVS,9,+10000000.001,+2.77251,+10000000.05,15,+0.019,+0.37,,+38.06,50.0,50.3,*63
$GPNVS,10,1,0,0,+50,+50,2,100,0.5,1,10,30,1,-1,1.0,20,-18,1,2,9585,,,,*51
$GPNVS,15,0,0,0000,2400,2400.00,00000000,0.00,0.00,0.00,0.00,-9999,999*4E
$GPNVS,1,155957,031026,A,N,60,N,0x00000,0x03,0x00,1,N*22
$GPNVS,2,155957,031026,0.00,0.00,0.00,0.00,0.00,0.00,0.00,0.00,*62
$GPNVS,3,155957,031026,0.00,0.00,0.00,0.00,,0.00,0,0,1,+37.74,*4E
$GPNVS,4,155957,031026,0.00,0.00,,,,,,,*64
$GPNVS,5,155957,031026,5C9,0,0,+37.74,00000,00000,*28
$GPNVS,6,0,A,1,0x00000,0x03,,0x00,00,,0x00000,,*05
$GPNVS,7,155957,031026,A,72,0x00,3,11,1,581438,+4.27,-4.11*69
$GPNVS,9,+9999999.9989,+2.77251,+9999999.949,15,+0.019,+0.37,,+37.74,50.0,49.3,*60
$GPNVS,10,1,0,0,+55,+50,2,100,0.5,1,10,30,1,-1,1.0,20,-18,1,2,9580,,,,*51
$GPNVS,15,0,0,0000,2400,2400.00,00000000,0.00,0.00,0.00,0.00,-9999,999*4E
$GPNVS,1,155958,031026,A,N,60,N,0x00000,0x03,0x00,1,N*2D
$GPNVS,2,155958,031026,0.00,0.00,0.00,0.00,0.00,0.00,0.00,0.00,*6D
$GPNVS,3,155958,031026,0.00,0.00,0.00,0.00,,0.00,0,0,1,+37.74,*41
$GPNVS,4,155958,031026,0.00,0.00,,,,,,,*6B
$GPNVS,5,155958,031026,5C9,0,0,+37.74,00000,00000,*27
$GPNVS,6,0,A,1,0x00000,0x03,,0x00,00,,0x00000,,*05
$GPNVS,7,155958,031026,A,72,0x00,3,12,1,581439,+4.28,-4.11*6B
$GPNVS,9,+9999999.9979,+2.77251,+9999999.949,15,+0.019,+0.37,,+37.74,50.0,49.6,*6A
$GPNVS,10,1,0,0,+60,+55,2,100,0.5,1,10,30,1,-1,1.0,20,-18,1,2,9575,,,,*58
$GPNVS,15,0,0,0000,2400,2400.00,00000000,0.00,0.00,0.00,0.00,-9999,999*4E
$GPNVS,1,155959,031026,A,N,60,N,0x00000,0x03,0x00,1,N*2C
$GPNVS,2,155959,031026,0.00,0.00,0.00,0.00,0.00,0.00,0.00,0.00,*6C
$GPNVS,3,155959,031026,0.00,0.00,0.00,0.00,,0.00,0,0,1,+37.74,*40
$GPNVS,4,155959,031026,0.00,0.00,,,,,,,*6A
$GPNVS,5,155959,031026,5C9,0,0,+37.74,00000,00000,*26
$GPNVS,6,0,A,1,0x00000,0x03,,0x00,00,,0x00000,,*05
$GPNVS,7,155959,031026,A,72,0x00,3,11,0,581439,+4.28,-4.11*68
$GPNVS,9,+10000000.000,+2.77251,+10000000.05,15,+0.019,+0.37,,+37.74,50.0,49.3,*60
$GPNVS,10,1,0,0,+55,+55,2,100,0.5,1,10,30,1,-1,1.0,20,+18,1,2,9570,,,,*5D
$GPNVS,15,0,0,0000,2400,2400.00,00000000,0.00,0.00,0.00,0.00,+9999,999*48
$GPNVS,1,160000,031026,A,N,60,N,0x00000,0x03,0x00,1,N*2F
$GPNVS,2,160000,031026,0.00,0.00,0.00,0.00,0.00,0.00,0.00,0.00,*6F
$GPNVS,3,160000,031026,0.00,0.00,0.00,0.00,,0.00,0,0,1,+37.74,*43
$GPNVS,4,160000,031026,0.00,0.00,,,,,,,*69
$GPNVS,5,160000,031026,5C9,0,0,+37.74,00000,00000,*25
$GPNVS,6,0,A,1,0x00000,0x03,,0x00,00,,0x00000,,*05
$GPNVS,7,160000,031026,A,72,0x00,3,11,1,581440,+4.27,-4.11*6B
$GPNVS,9,+9999999.9989,+2.77252,+10000000.00,15,+0.019,+0.37,,+37.74,50.0,49.0,*6C
$GPNVS,10,1,0,0,+55,+55,2,100,0.5,1,10,30,1,-1,1.0,20,+18,1,2,9565,,,,*59
$GPNVS,15,0,0,0000,2400,2400.00,00000000,0.00,0.00,0.00,0.00,+9999,999*48
$GPNVS,1,160001,031026,A,N,60,N,0x00000,0x03,0x00,1,N*2E
$GPNVS,2,160001,031026,0.00,0.00,0.00,0.00,0.00,0.00,0.00,0.00,*6E
$GPNVS,3,160001,031026,0.00,0.00,0.00,0.00,,0.00,0,0,1,+38.06,*48
$GPNVS,4,160001,031026,0.00,0.00,,,,,,,*68
$GPNVS,5,160001,031026,5C9,0,0,+38.06,00000,00000,*2E
$GPNVS,6,0,A,1,0x00000,0x03,,0x00,00,,0x00000,,*05
$GPNVS,7,160001,031026,A,72,0x00,3,10,1,581441,+4.28,-4.11*65
$GPNVS,9,+9999999.9989,+2.77252,+10000000.05,15,+0.019,+0.37,,+38.06,50.0,50.3,*68
$GPNVS,10,1,0,0,+50,+50,2,100,0.5,1,10,30,1,-1,1.0,20,+18,1,2,9560,,,,*5C
$GPNVS,15,0,0,0000,2400,2400.00,00000000,0.00,0.00,0.00,0.00,+9999,999*48
$GPNVS,1,160002,031026,A,N,60,N,0x00000,0x03,0x00,1,N*2D
$GPNVS,2,160002,031026,0.00,0.00,0.00,0.00,0.00,0.00,0.00,0.00,*6D
$GPNVS,3,160002,031026,0.00,0.00,0.00,0.00,,0.00,0,0,1,+37.74,*41
$GPNVS,4,160002,031026,0.00,0.00,,,,,,,*6B
$GPNVS,5,160002,031026,5C9,0,0,+37.74,00000,00000,*27
$GPNVS,6,0,A,1,0x00000,0x03,,0x00,00,,0x00000,,*05
$GPNVS,7,160002,031026,A,72,0x00,-3,11,0,581441,+4.27,-4.11*44
$GPNVS,9,+9999999.9989,+2.77252,+9999999.949,15,+0.019,+0.37,,+37.74,50.0,49.3,*63
$GPNVS,10,1,0,0,+55,+50,2,100,0.5,1,10,30,1,-1,1.0,20,+18,1,2,9555,,,,*5F
$GPNVS,15,0,0,0000,2400,2400.00,00000000,0.00,0.00,0.00,0.00,+9999,999*48
$GPNVS,1,160003,031026,A,N,60,N,0x00000,0x03,0x00,1,N*2C
$GPNVS,2,160003,031026,0.00,0.00,0.00,0.00,0.00,0.00,0.00,0.00,*6C
$GPNVS,3,160003,031026,0.00,0.00,0.00,0.00,,0.00,0,0,1,+37.74,*40
$GPNVS,4,160003,031026,0.00,0.00,,,,,,,*6A
$GPNVS,5,160003,031026,5C9,0,0,+37.74,00000,00000,*26
$GPNVS,6,0,A,1,0x00000,0x03,,0x00,00,,0x00000,,*05
$GPNVS,7,160003,031026,A,72,0x00,-3,12,1,581442,+4.28,-4.11*4B
$GPNVS,9,+9999999.9969,+2.77253,+9999999.949,15,+0.019,+0.37,,+37.74,50.0,49.3,*6C
$GPNVS,10,1,0,0,+60,+55,2,100,0.5,1,10,30,1,-1,1.0,20,+18,1,2,9550,,,,*59
$GPNVS,15,0,0,0000,2400,2400.00,00000000,0.00,0.00,0.00,0.00,+9999,999*48
$GPNVS,1,160004,031026,A,N,60,N,0x00000,0x03,0x00,1,N*2B
$GPNVS,2,160004,031026,0.00,0.00,0.00,0.00,0.00,0.00,0.00,0.00,*6B
$GPNVS,3,160004,031026,0.00,0.00,0.00,0.00,,0.00,0,0,1,+37.74,*47
$GPNVS,4,160004,031026,0.00,0.00,,,,,,,*6D
$GPNVS,5,160004,031026,5C9,0,0,+37.74,00000,00000,*21
$GPNVS,6,0,A,1,0x00000,0x03,,0x00,00,,0x00000,,*05
$GPNVS,7,160004,031026,A,72,0x00,-3,11,1,581443,+4.27,-4.11*41
$GPNVS,9,+9999999.9989,+2.77253,+10000000.05,15,+0.019,+0.37,,+37.74,50.0,49.6,*6E
$GPNVS,10,1,0,0,+55,+55,2,100,0.5,1,10,30,1,-1,1.0,20,+18,1,2,9545,,,,*5B
$GPNVS,15,0,0,0000,2400,2400.00,00000000,0.00,0.00,0.00,0.00,+9999,999*48
$GPNVS,1,160005,031026,A,N,60,N,0x00000,0x03,0x00,1,N*2A
$GPNVS,2,160005,031026,0.00,0.00,0.00,0.00,0.00,0.00,0.00,0.00,*6A
$GPNVS,3,160005,031026,0.00,0.00,0.00,0.00,,0.00,0,0,1,+38.06,*4C
$GPNVS,4,160005,031026,0.00,0.00,,,,,,,*6C
$GPNVS,5,160005,031026,5C9,0,0,+38.06,00000,00000,*2A
$GPNVS,6,0,A,1,0x00000,0x03,,0x00,00,,0x00000,,*05
$GPNVS,7,160005,031026,A,72,0x00,-3,12,0,581443,+4.27,-4.11*42
$GPNVS,9,+9999999.9969,+2.77253,+9999999.949,15,+0.019,+0.37,,+38.06,50.0,49.6,*63
$GPNVS,10,1,0,0,+60,+55,2,100,0.5,1,10,30,1,-1,1.0,20,+18,1,2,9540,,,,*58
$GPNVS,15,0,0,0000,2400,2400.00,00000000,0.00,0.00,0.00,0.00,+9999,999*48
$GPNVS,99,,,*5C
$GPNVS,1,160006,031026,A,N,60,N,0x00000,0x03,0x00,1,N*29
$GPNVS,2,160006,031026,0.00,0.00,0.00,0.00,0.00,0.00,0.00,0.00,*69
$GPNVS,3,160006,031026,0.00,0.00,0.00,0.00,,0.00,0,0,1,+38.06,*4F
$GPNVS,4,160006,031026,0.00,0.00,,,,,,,*6F
$GPNVS,5,160006,031026,5C9,0,0,+38.06,00000,00000,*29
$GPNVS,6,0,A,1,0x00000,0x03,,0x00,00,,0x00000,,*05
$GPNVS,7,160006,031026,A,72,0x00,-3,12,1,581444,+4.27,-4.11*47
$GPNVS,9,+9999999.9979,+2.77254,+10000000.00,15,+0.019,+0.37,,+38.06,50.0,50.0,*67
$GPNVS,10,1,0,0,+60,+60,2,100,0.5,1,10,30,1,-1,1.0,20,+18,1,2,9535,,,,*5C
$GPNVS,15,0,0,0000,2400,2400.00,00000000,0.00,0.00,0.00,0.00,+9999,999*48
$GPNVS,1,160007,031026,A,N,60,N,0x00000,0x03,0x00,1,N*28
$GPNVS,2,160007,031026,0.00,0.00,0.00,0.00,0.00,0.00,0.00,0.00,*68
$GPNVS,3,160007,031026,0.00,0.00,0.00,0.00,,0.00,0,0,1,+38.06,*4E
$GPNVS,4,160007,031026,0.00,0.00,,,,,,,*6E
$GPNVS,5,160007,031026,5C9,0,0,+38.06,00000,00000,*28
$GPNVS,6,0,A,1,0x00000,0x03,,0x00,00,,0x00000,,*05
$GPNVS,7,160007,031026,A,72,0x00,-3,13,0,581444,+4.27,-4.11*46
$GPNVS,9,+9999999.9969,+2.77254,+9999999.949,15,+0.019,+0.37,,+38.06,50.0,50.0,*6A
$GPNVS,10,1,0,0,+65,+60,2,100,0.5,1,10,30,1,+0,1.0,20,+18,1,2,9530,,,,*5B
$GPNVS,15,0,0,0000,2400,2400.00,00000000,0.00,0.00,0.00,0.00,+9999,999*48
$GPNVS,1,160008,031026,A,N,60,N,0x00000,0x03,0x00,1,N*27
$GPNVS,2,160008,031026,0.00,0.00,0.00,0.00,0.00,0.00,0.00,0.00,*67
$GPNVS,3,160008,031026,0.00,0.00,0.00,0.00,,0.00,0,0,1,+37.74,*4B
$GPNVS,4,160008,031026,0.00,0.00,,,,,,,*61
$GPNVS,5,160008,031026,5C9,0,0,+37.74,00000,00000,*2D
$GPNVS,6,0,A,1,0x00000,0x03,,0x00,00,,0x00000,,*05
$GPNVS,7,160008,031026,A,72,0x00,-3,13,1,581445,+4.28,-4.11*46
$GPNVS,9,+9999999.9979,+2.77254,+10000000.00,15,+0.019,+0.37,,+37.74,50.0,49.0,*65
$GPNVS,10,1,0,0,+65,+65,2,100,0.5,1,10,30,1,+0,1.0,20,+18,1,2,9525,,,,*5A
$GPNVS,15,0,0,0000,2400,2400.00,00000000,0.00,0.00,0.00,0.00,+9999,999*48
$GPNVS,1,160009,031026,A,N,60,N,0x00000,0x03,0x00,1,N*26
$GPNVS,2,160009,031026,0.00,0.00,0.00,0.00,0.00,0.00,0.00,0.00,*66
$GPNVS,3,160009,031026,0.00,0.00,0.00,0.00,,0.00,0,0,1,+37.74,*4A
$GPNVS,4,160009,031026,0.00,0.00,,,,,,,*60
$GPNVS,5,160009,031026,5C9,0,0,+37.74,00000,00000,*2C
$GPNVS,6,0,A,1,0x00000,0x03,,0x00,00,,0x00000,,*05
$GPNVS,7,160009,031026,A,72,0x00,-3,13,1,581446,+4.28,-4.11*44
$GPNVS,9,+9999999.9979,+2.77255,+10000000.00,15,+0.019,+0.37,,+37.74,50.0,50.0,*6C
$GPNVS,10,1,0,0,+65,+65,2,100,0.5,1,10,30,1,+1,1.0,20,+18,1,2,9520,,,,*5E
$GPNVS,15,0,0,0000,2400,2400.00,00000000,0.00,0.00,0.00,0.00,-9999,999*4E
$GPNVS,1,160010,031026,A,N,60,N,0x00000,0x03,0x00,1,N*2E
$GPNVS,2,160010,031026,0.00,0.00,0.00,0.00,0.00,0.00,0.00,0.00,*6E
$GPNVS,3,160010,031026,0.00,0.00,0.00,0.00,,0.00,0,0,1,+37.74,*42
$GPNVS,4,160010,031026,0.00,0.00,,,,,,,*68
$GPNVS,5,160010,031026,5C9,0,0,+37.74,00000,00000,*24
$GPNVS,6,0,A,1,0x00000,0x03,,0x00,00,,0x00000,,*05
$GPNVS,7,160010,031026,A,72,0x00,-3,13,1,581447,+4.27,-4.11*42
$GPNVS,9,+9999999.9989,+2.77255,+10000000.00,15,+0.019,+0.37,,+37.74,50.0,49.3,*68
$GPNVS,10,1,0,0,+65,+65,2,100,0.5,1,10,30,1,+2,1.0,20,-2,1,2,9515,,,,*66
$GPNVS,15,0,0,0000,2400,2400.00,00000000,0.00,0.00,0.00,0.00,-9999,999*4E
$GPNVS,1,160011,031026,A,N,60,N,0x00000,0x03,0x00,1,N*2F
$GPNVS,2,160011,031026,0.00,0.00,0.00,0.00,0.00,0.00,0.00,0.00,*6F
$GPNVS,3,160011,031026,0.00,0.00,0.00,0.00,,0.00,0,0,1,+37.74,*43
$GPNVS,4,160011,031026,0.00,0.00,,,,,,,*69
$GPNVS,5,160011,031026,5C9,0,0,+37.74,00000,00000,*25
$GPNVS,6,0,A,1,0x00000,0x03,,0x00,00,,0x00000,,*05
$GPNVS,7,160011,031026,A,72,0x00,-3,12,1,581448,+4.28,-4.11*42
$GPNVS,9,+9999999.9989,+2.77256,+10000000.05,15,+0.019,+0.37,,+37.74,50.0,49.6,*6B
$GPNVS,10,1,0,0,+60,+60,2,100,0.5,1,10,30,1,+2,1.0,20,-2,1,2,9510,,,,*63
$GPNVS,15,0,0,0000,2400,2400.00,00000000,0.00,0.00,0.00,0.00,-9999,999*4E
$GPNVS,1,160012,031026,A,N,60,N,0x00000,0x03,0x00,1,N*2C
$GPNVS,2,160012,031026,0.00,0.00,0.00,0.00,0.00,0.00,0.00,0.00,*6C
$GPNVS,3,160012,031026,0.00,0.00,0.00,0.00,,0.00,0,0,1,+37.74,*40
$GPNVS,4,160012,031026,0.00,0.00,,,,,,,*6A
$GPNVS,5,160012,031026,5C9,0,0,+37.74,00000,00000,*26
$GPNVS,6,0,A,1,0x00000,0x03,,0x00,00,,0x00000,,*05
$GPNVS,7,160012,031026,A,72,0x00,-3,13,1,581449,+4.28,-4.11*41
$GPNVS,9,+9999999.9989,+2.77256,+9999999.949,15,+0.019,+0.37,,+37.74,50.0,49.3,*67
$GPNVS,10,1,0,0,+65,+60,2,100,0.5,1,10,30,1,+2,1.0,20,-2,1,2,9505,,,,*62
$GPNVS,15,0,0,0000,2400,2400.00,00000000,0.00,0.00,0.00,0.00,-9999,999*4E
$GPNVS,1,160013,031026,A,N,60,N,0x00000,0x03,0x00,1,N*2D
$GPNVS,2,160013,031026,0.00,0.00,0.00,0.00,0.00,0.00,0.00,0.00,*6D
$GPNVS,3,160013,031026,0.00,0.00,0.00,0.00,,0.00,0,0,1,+37.74,*41
$GPNVS,4,160013,031026,0.00,0.00,,,,,,,*6B
$GPNVS,5,160013,031026,5C9,0,0,+37.74,00000,00000,*27
$GPNVS,6,0,A,1,0x00000,0x03,,0x00,00,,0x00000,,*05
$GPNVS,7,160013,031026,A,72,0x00,-3,13,1,581450,+4.27,-4.11*47
$GPNVS,9,+9999999.9979,+2.77257,+10000000.00,15,+0.019,+0.37,,+37.74,50.0,50.3,*6D
$GPNVS,10,1,0,0,+65,+65,2,100,0.5,1,10,30,1,+2,1.0,20,-2,1,2,9500,,,,*62
$GPNVS,15,0,0,0000,2400,2400.00,00000000,0.00,0.00,0.00,0.00,-9999,999*4E
$GPNVS,1,160014,031026,A,N,60,N,0x00000,0x03,0x00,1,N*2A
$GPNVS,2,160014,031026,0.00,0.00,0.00,0.00,0.00,0.00,0.00,0.00,*6A
$GPNVS,3,160014,031026,0.00,0.00,0.00,0.00,,0.00,0,0,1,+37.74,*46
$GPNVS,4,160014,031026,0.00,0.00,,,,,,,*6C
$GPNVS,5,160014,031026,5C9,0,0,+37.74,00000,00000,*20
$GPNVS,6,0,A,1,0x00000,0x03,,0x00,00,,0x00000,,*05
$GPNVS,7,160014,031026,A,72,0x00,-3,12,1,581451,+4.27,-4.11*40
$GPNVS,9,+9999999.9989,+2.77257,+10000000.05,15,+0.019,+0.37,,+37.74,50.0,50.3,*67
$GPNVS,10,1,0,0,+60,+60,2,100,0.5,1,10,30,1,+2,1.0,20,-2,1,2,9495,,,,*6F
$GPNVS,15,0,0,0000,2400,2400.00,00000000,0.00,0.00,0.00,0.00,-9999,999*4E
$GPNVS,1,160015,031026,A,N,60,N,0x00000,0x03,0x00,1,N*2B
$GPNVS,2,160015,031026,0.00,0.00,0.00,0.00,0.00,0.00,0.00,0.00,*6B
$GPNVS,3,160015,031026,0.00,0.00,0.00,0.00,,0.00,0,0,1,+37.74,*47
$GPNVS,4,160015,031026,0.00,0.00,,,,,,,*6D
$GPNVS,5,160015,031026,5C9,0,0,+37.74,00000,00000,*21
$GPNVS,6,0,A,1,0x00000,0x03,,0x00,00,,0x00000,,*05
$GPNVS,7,160015,031026,A,72,0x00,-3,13,1,581452,+4.27,-4.11*43
$GPNVS,9,+9999999.9979,+2.77258,+9999999.949,15,+0.019,+0.37,,+37.74,50.0,50.6,*6B
$GPNVS,10,1,0,0,+65,+60,2,100,0.5,1,10,30,1,+2,1.0,20,-2,1,2,9490,,,,*6F
$GPNVS,15,0,0,0000,2400,2400.00,00000000,0.00,0.00,0.00,0.00,-9999,999*4E
$GPNVS,1,160016,031026,A,N,60,N,0x00000,0x03,0x00,1,N*28
$GPNVS,2,160016,031026,0.00,0.00,0.00,0.00,0.00,0.00,0.00,0.00,*68
$GPNVS,3,160016,031026,0.00,0.00,0.00,0.00,,0.00,0,0,1,+37.74,*44
$GPNVS,4,160016,031026,0.00,0.00,,,,,,,*6E
$GPNVS,5,160016,031026,5C9,0,0,+37.74,00000,00000,*22
$GPNVS,6,0,A,1,0x00000,0x03,,0x00,00,,0x00000,,*05
$GPNVS,7,160016,031026,A,72,0x00,-3,12,1,581453,+4.27,-4.11*40
$GPNVS,9,+9999999.9989,+2.77258,+10000000.05,15,+0.019,+0.37,,+37.74,50.0,49.6,*65
$GPNVS,10,1,0,0,+60,+60,2,100,0.5,1,10,30,1,+2,1.0,20,-2,1,2,9485,,,,*6E
$GPNVS,15,0,0,0000,2400,2400.00,00000000,0.00,0.00,0.00,0.00,-9999,999*4E
$GPNVS,1,160017,031026,A,N,60,N,0x00000,0x03,0x00,1,N*29
$GPNVS,2,160017,031026,0.00,0.00,0.00,0.00,0.00,0.00,0.00,0.00,*69
$GPNVS,3,160017,031026,0.00,0.00,0.00,0.00,,0.00,0,0,1,+38.06,*4F
$GPNVS,4,160017,031026,0.00,0.00,,,,,,,*6F
$GPNVS,5,160017,031026,5C9,0,0,+38.06,00000,00000,*29
$GPNVS,6,0,A,1,0x00000,0x03,,0x00,00,,0x00000,,*05
$GPNVS,7,160017,031026,A,72,0x00,3,12,1,581454,+4.27,-4.11*6B
$GPNVS,9,+9999999.9989,+2.77259,+10000000.00,15,+0.019,+0.37,,+38.06,50.0,50.3,*66
$GPNVS,10,1,0,0,+60,+60,2,100,0.5,1,10,30,1,+1,1.0,20,-2,1,2,9480,,,,*68
$GPNVS,15,0,0,0000,2400,2400.00,00000000,0.00,0.00,0.00,0.00,-9999,999*4E
$GPNVS,1,160018,031026,A,N,60,N,0x00000,0x03,0x00,1,N*26
$GPNVS,2,160018,031026,0.00,0.00,0.00,0.00,0.00,0.00,0.00,0.00,*66
$GPNVS,3,160018,031026,0.00,0.00,0.00,0.00,,0.00,0,0,1,+37.74,*4A
$GPNVS,4,160018,031026,0.00,0.00,,,,,,,*60
$GPNVS,5,160018,031026,5C9,0,0,+37.74,00000,00000,*2C
$GPNVS,6,0,A,1,0x00000,0x03,,0x00,00,,0x00000,,*05
$GPNVS,7,160018,031026,A,72,0x00,3,13,0,581454,+4.27,-4.11*64
$GPNVS,9,+9999999.9979,+2.77259,+9999999.949,15,+0.019,+0.37,,+37.74,50.0,49.3,*67
$GPNVS,10,1,0,0,+65,+60,2,100,0.5,1,10,30,1,+2,1.0,20,-2,1,2,9475,,,,*64
$GPNVS,15,0,0,0000,2400,2400.00,00000000,0.00,0.00,0.00,0.00,-9999,999*4E
$GPNVS,1,160019,031026,A,N,60,N,0x00000,0x03,0x00,1,N*27
$GPNVS,2,160019,031026,0.00,0.00,0.00,0.00,0.00,0.00,0.00,0.00,*67
$GPNVS,3,160019,031026,0.00,0.00,0.00,0.00,,0.00,0,0,1,+38.06,*41
$GPNVS,4,160019,031026,0.00,0.00,,,,,,,*61
$GPNVS,5,160019,031026,5C9,0,0,+38.06,00000,00000,*27
$GPNVS,6,0,A,1,0x00000,0x03,,0x00,00,,0x00000,,*05
$GPNVS,7,160019,031026,A,72,0x00,3,12,1,581455,+4.27,-4.11*64
$GPNVS,9,+9999999.9989,+2.77259,+10000000.05,15,+0.019,+0.37,,+38.06,50.0,50.6,*66
$GPNVS,10,1,0,0,+60,+60,2,100,0.5,1,10,30,1,+1,1.0,20,-2,1,2,9470,,,,*67
$GPNVS,15,0,0,0000,2400,2400.00,00000000,0.00,0.00,0.00,0.00,-9999,999*4E
$GPNVS,1,160020,031026,A,N,60,N,0x00000,0x03,0x00,1,N*2D
$GPNVS,2,160020,031026,0.00,0.00,0.00,0.00,0.00,0.00,0.00,0.00,*6D
$GPNVS,3,160020,031026,0.00,0.00,0.00,0.00,,0.00,0,0,1,+38.06,*4B
$GPNVS,4,160020,031026,0.00,0.00,,,,,,,*6B
$GPNVS,5,160020,031026,5C9,0,0,+38.06,00000,00000,*2D
$GPNVS,6,0,A,1,0x00000,0x03,,0x00,00,,0x00000,,*05
$GPNVS,7,160020,031026,A,72,0x00,3,12,1,581456,+4.27,-4.11*6D
$GPNVS,9,+9999999.9989,+2.77260,+10000000.00,15,+0.019,+0.37,,+38.06,50.0,50.0,*6F
$GPNVS,10,1,0,0,+60,+60,2,100,0.5,1,10,30,1,+0,1.0,20,+14,1,2,9465,,,,*53
$GPNVS,15,0,0,0000,2400,2400.00,00000000,0.00,0.00,0.00,0.00,+9999,999*48
$GPNVS,99,,,*5C
$GPNVS,1,160021,031026,A,N,60,N,0x00000,0x03,0x00,1,N*2C
$GPNVS,2,160021,031026,0.00,0.00,0.00,0.00,0.00,0.00,0.00,0.00,*6C
$GPNVS,3,160021,031026,0.00,0.00,0.00,0.00,,0.00,0,0,1,+38.06,*4A
$GPNVS,4,160021,031026,0.00,0.00,,,,,,,*6A
$GPNVS,5,160021,031026,5C9,0,0,+38.06,00000,00000,*2C
$GPNVS,6,0,A,1,0x00000,0x03,,0x00,00,,0x00000,,*05
$GPNVS,7,160021,031026,A,72,0x00,3,13,1,581457,+4.27,-4.11*6C
$GPNVS,9,+9999999.9969,+2.77260,+9999999.949,15,+0.019,+0.37,,+38.06,50.0,51.6,*6A
$GPNVS,10,1,0,0,+65,+60,2,100,0.5,1,10,30,1,+0,1.0,20,+14,1,2,9460,,,,*53
$GPNVS,15,0,0,0000,2400,2400.00,00000000,0.00,0.00,0.00,0.00,+9999,999*48
$GPNVS,1,160022,031026,A,N,60,N,0x00000,0x03,0x00,1,N*2F
$GPNVS,2,160022,031026,0.00,0.00,0.00,0.00,0.00,0.00,0.00,0.00,*6F
$GPNVS,3,160022,031026,0.00,0.00,0.00,0.00,,0.00,0,0,1,+37.74,*43
$GPNVS,4,160022,031026,0.00,0.00,,,,,,,*69
$GPNVS,5,160022,031026,5C9,0,0,+37.74,00000,00000,*25
$GPNVS,6,0,A,1,0x00000,0x03,,0x00,00,,0x00000,,*05
$GPNVS,7,160022,031026,A,72,0x00,3,12,1,581458,+4.28,-4.11*6E
$GPNVS,9,+9999999.9989,+2.77261,+10000000.05,15,+0.019,+0.37,,+37.74,50.0,50.6,*67
$GPNVS,10,1,0,0,+60,+60,2,100,0.5,1,10,30,1,+0,1.0,20,+14,1,2,9455,,,,*50
$GPNVS,15,0,0,0000,2400,2400.00,00000000,0.00,0.00,0.00,0.00,+9999,999*48
$GPNVS,1,160023,031026,A,N,60,N,0x00000,0x03,0x00,1,N*2E
$GPNVS,2,160023,031026,0.00,0.00,0.00,0.00,0.00,0.00,0.00,0.00,*6E
$GPNVS,3,160023,031026,0.00,0.00,0.00,0.00,,0.00,0,0,1,+37.74,*42
$GPNVS,4,160023,031026,0.00,0.00,,,,,,,*68
$GPNVS,5,160023,031026,5C9,0,0,+37.74,00000,00000,*24
$GPNVS,6,0,A,1,0x00000,0x03,,0x00,00,,0x00000,,*05
$GPNVS,7,160023,031026,A,72,0x00,3,12,0,581458,+4.27,-4.11*61
$GPNVS,9,+9999999.9979,+2.77261,+10000000.00,15,+0.019,+0.37,,+37.74,50.0,49.3,*60
$GPNVS,10,1,0,0,+60,+60,2,100,0.5,1,10,30,1,-1,1.0,20,+14,1,2,9450,,,,*52
$GPNVS,15,0,0,0000,2400,2400.00,00000000,0.00,0.00,0.00,0.00,+9999,999*48
$GPNVS,1,160024,031026,A,N,60,N,0x00000,0x03,0x00,1,N*29
$GPNVS,2,160024,031026,0.00,0.00,0.00,0.00,0.00,0.00,0.00,0.00,*69
$GPNVS,3,160024,031026,0.00,0.00,0.00,0.00,,0.00,0,0,1,+38.06,*4F
$GPNVS,4,160024,031026,0.00,0.00,,,,,,,*6F
$GPNVS,5,160024,031026,5C9,0,0,+38.06,00000,00000,*29
$GPNVS,6,0,A,1,0x00000,0x03,,0x00,00,,0x00000,,*05
$GPNVS,7,160024,031026,A,72,0x00,3,13,1,581459,+4.27,-4.11*67
$GPNVS,9,+9999999.9979,+2.77261,+9999999.949,15,+0.019,+0.37,,+38.06,50.0,50.6,*6B
$GPNVS,10,1,0,0,+65,+60,2,100,0.5,1,10,30,1,-1,1.0,20,+14,1,2,9445,,,,*53
$GPNVS,15,0,0,0000,2400,2400.00,00000000,0.00,0.00,0.00,0.00,+9999,999*48
$GPNVS,1,160025,031026,A,N,60,N,0x00000,0x03,0x00,1,N*28
$GPNVS,2,160025,031026,0.00,0.00,0.00,0.00,0.00,0.00,0.00,0.00,*68
$GPNVS,3,160025,031026,0.00,0.00,0.00,0.00,,0.00,0,0,1,+37.74,*44
$GPNVS,4,160025,031026,0.00,0.00,,,,,,,*6E
$GPNVS,5,160025,031026,5C9,0,0,+37.74,00000,00000,*22
$GPNVS,6,0,A,1,0x00000,0x03,,0x00,00,,0x00000,,*05
$GPNVS,7,160025,031026,A,72,0x00,3,12,1,581460,+4.27,-4.11*6D
$GPNVS,9,+9999999.9979,+2.77261,+10000000.05,15,+0.019,+0.37,,+37.74,50.0,50.3,*6D
$GPNVS,10,1,0,0,+60,+60,2,100,0.5,1,10,30,1,-1,1.0,20,+14,1,2,9440,,,,*53
$GPNVS,15,0,0,0000,2400,2400.00,00000000,0.00,0.00,0.00,0.00,+9999,999*48
$GPNVS,1,160026,031026,A,N,60,N,0x00000,0x03,0x00,1,N*2B
$GPNVS,2,160026,031026,0.00,0.00,0.00,0.00,0.00,0.00,0.00,0.00,*6B
$GPNVS,3,160026,031026,0.00,0.00,0.00,0.00,,0.00,0,0,1,+37.74,*47
$GPNVS,4,160026,031026,0.00,0.00,,,,,,,*6D
$GPNVS,5,160026,031026,5C9,0,0,+37.74,00000,00000,*21
$GPNVS,6,0,A,1,0x00000,0x03,,0x00,00,,0x00000,,*05
$GPNVS,7,160026,031026,A,72,0x00,3,12,0,581460,+4.28,-4.11*60
$GPNVS,9,+9999999.9979,+2.77261,+10000000.00,15,+0.019,+0.37,,+37.74,50.0,50.3,*68
$GPNVS,10,1,0,0,+60,+60,2,100,0.5,1,10,30,1,-1,1.0,20,+14,1,2,9435,,,,*51
$GPNVS,15,0,0,0000,2400,2400.00,00000000,0.00,0.00,0.00,0.00,+9999,999*48
$GPNVS,1,160027,031026,A,N,60,N,0x00000,0x03,0x00,1,N*2A
$GPNVS,2,160027,031026,0.00,0.00,0.00,0.00,0.00,0.00,0.00,0.00,*6A
$GPNVS,3,160027,031026,0.00,0.00,0.00,0.00,,0.00,0,0,1,+37.74,*46
$GPNVS,4,160027,031026,0.00,0.00,,,,,,,*6C
$GPNVS,5,160027,031026,5C9,0,0,+37.74,00000,00000,*20
$GPNVS,6,0,A,1,0x00000,0x03,,0x00,00,,0x00000,,*05
$GPNVS,7,160027,031026,A,72,0x00,3,13,1,581461,+4.28,-4.11*60
$GPNVS,9,+9999999.9989,+2.77262,+9999999.949,15,+0.019,+0.37,,+37.74,50.0,50.0,*6B
$GPNVS,10,1,0,0,+65,+60,2,100,0.5,1,10,30,1,-1,1.0,20,+14,1,2,9430,,,,*51
$GPNVS,15,0,0,0000,2400,2400.00,00000000,0.00,0.00,0.00,0.00,+9999,999*48
$GPNVS,1,160028,031026,A,N,60,N,0x00000,0x03,0x00,1,N*25
$GPNVS,2,160028,031026,0.00,0.00,0.00,0.00,0.00,0.00,0.00,0.00,*65
$GPNVS,3,160028,031026,0.00,0.00,0.00,0.00,,0.00,0,0,1,+37.74,*49
$GPNVS,4,160028,031026,0.00,0.00,,,,,,,*63
$GPNVS,5,160028,031026,5C9,0,0,+37.74,00000,00000,*2F
$GPNVS,6,0,A,1,0x00000,0x03,,0x00,00,,0x00000,,*05
$GPNVS,7,160028,031026,A,72,0x00,3,12,1,581462,+4.27,-4.11*62
$GPNVS,9,+10000000.000,+2.77262,+10000000.05,15,+0.019,+0.37,,+37.74,50.0,50.0,*6B
$GPNVS,10,1,0,0,+60,+60,2,100,0.5,1,10,30,1,-1,1.0,20,+14,1,2,9425,,,,*50
$GPNVS,15,0,0,0000,2400,2400.00,00000000,0.00,0.00,0.00,0.00,+9999,999*48
$GPNVS,1,160029,031026,A,N,60,N,0x00000,0x03,0x00,1,N*24
$GPNVS,2,160029,031026,0.00,0.00,0.00,0.00,0.00,0.00,0.00,0.00,*64
$GPNVS,3,160029,031026,0.00,0.00,0.00,0.00,,0.00,0,0,1,+37.74,*48
$GPNVS,4,160029,031026,0.00,0.00,,,,,,,*62
$GPNVS,5,160029,031026,5C9,0,0,+37.74,00000,00000,*2E
$GPNVS,6,0,A,1,0x00000,0x03,,0x00,00,,0x00000,,*05
$GPNVS,7,160029,031026,A,72,0x00,3,12,0,581462,+4.27,-4.11*62
$GPNVS,9,+10000000.000,+2.77262,+10000000.00,15,+0.019,+0.37,,+37.74,50.0,50.0,*6E
$GPNVS,10,1,0,0,+60,+60,2,100,0.5,1,10,30,1,-1,1.0,20,+14,1,2,9420,,,,*55
$GPNVS,15,0,0,0000,2400,2400.00,00000000,0.00,0.00,0.00,0.00,+9999,999*48
$GPNVS,1,160030,031026,A,N,60,N,0x00000,0x03,0x00,1,N*2C
$GPNVS,2,160030,031026,0.00,0.00,0.00,0.00,0.00,0.00,0.00,0.00,*6C
$GPNVS,3,160030,031026,0.00,0.00,0.00,0.00,,0.00,0,0,1,+37.74,*40
$GPNVS,4,160030,031026,0.00,0.00,,,,,,,*6A
$GPNVS,5,160030,031026,5C9,0,0,+37.74,00000,00000,*26
$GPNVS,6,0,A,1,0x00000,0x03,,0x00,00,,0x00000,,*05
$GPNVS,7,160030,031026,A,72,0x00,3,13,1,581463,+4.27,-4.11*6B
$GPNVS,9,+10000000.000,+2.77263,+9999999.949,15,+0.019,+0.37,,+37.74,50.0,50.0,*63
$GPNVS,10,1,0,0,+65,+60,2,100,0.5,1,10,30,1,+0,1.0,20,+14,1,2,9415,,,,*51
$GPNVS,15,0,0,0000,2400,2400.00,00000000,0.00,0.00,0.00,0.00,+9999,999*48
$GPNVS,1,160031,031026,A,N,60,N,0x00000,0x03,0x00,1,N*2D
$GPNVS,2,160031,031026,0.00,0.00,0.00,0.00,0.00,0.00,0.00,0.00,*6D
$GPNVS,3,160031,031026,0.00,0.00,0.00,0.00,,0.00,0,0,1,+37.74,*41
$GPNVS,4,160031,031026,0.00,0.00,,,,,,,*6B
$GPNVS,5,160031,031026,5C9,0,0,+37.74,00000,00000,*27
$GPNVS,6,0,A,1,0x00000,0x03,,0x00,00,,0x00000,,*05
$GPNVS,7,160031,031026,A,72,0x00,3,11,0,581463,+4.28,-4.11*66
$GPNVS,9,+10000000.001,+2.77263,+10000000.09,15,+0.019,+0.37,,+37.74,50.0,49.6,*69
$GPNVS,10,1,0,0,+55,+60,2,100,0.5,1,10,30,1,-1,1.0,20,-6,1,2,9410,,,,*65
$GPNVS,15,0,0,0000,2400,2400.00,00000000,0.00,0.00,0.00,0.00,-9999,999*4E
$GPNVS,1,160032,031026,A,N,60,N,0x00000,0x03,0x00,1,N*2E
$GPNVS,2,160032,031026,0.00,0.00,0.00,0.00,0.00,0.00,0.00,0.00,*6E
$GPNVS,3,160032,031026,0.00,0.00,0.00,0.00,,0.00,0,0,1,+37.74,*42
$GPNVS,4,160032,031026,0.00,0.00,,,,,,,*68
$GPNVS,5,160032,031026,5C9,0,0,+37.74,00000,00000,*24
$GPNVS,6,0,A,1,0x00000,0x03,,0x00,00,,0x00000,,*05
$GPNVS,7,160032,031026,A,72,0x00,0,12,1,581464,+4.28,-4.11*63
$GPNVS,9,+10000000.000,+2.77263,+9999999.949,15,+0.019,+0.37,,+37.74,50.0,50.0,*63
$GPNVS,10,1,0,0,+60,+55,2,100,0.5,1,10,30,1,+0,1.0,20,-6,1,2,9405,,,,*66
$GPNVS,15,0,0,0000,2400,2400.00,00000000,0.00,0.00,0.00,0.00,-9999,999*4E
$GPNVS,1,160033,031026,A,N,60,N,0x00000,0x03,0x00,1,N*2F
$GPNVS,2,160033,031026,0.00,0.00,0.00,0.00,0.00,0.00,0.00,0.00,*6F
$GPNVS,3,160033,031026,0.00,0.00,0.00,0.00,,0.00,0,0,1,+37.74,*43
$GPNVS,4,160033,031026,0.00,0.00,,,,,,,*69
$GPNVS,5,160033,031026,5C9,0,0,+37.74,00000,00000,*25
$GPNVS,6,0,A,1,0x00000,0x03,,0x00,00,,0x00000,,*05
$GPNVS,7,160033,031026,A,72,0x00,0,12,0,581464,+4.27,-4.11*6C
$GPNVS,9,+10000000.001,+2.77263,+10000000.00,15,+0.019,+0.37,,+37.74,50.0,50.3,*6D
$GPNVS,10,1,0,0,+60,+60,2,100,0.5,1,10,30,1,+0,1.0,20,-6,1,2,9400,,,,*65
$GPNVS,15,0,0,0000,2400,2400.00,00000000,0.00,0.00,0.00,0.00,-9999,999*4E
$GPNVS,1,160034,031026,A,N,60,N,0x00000,0x03,0x00,1,N*28
$GPNVS,2,160034,031026,0.00,0.00,0.00,0.00,0.00,0.00,0.00,0.00,*68
$GPNVS,3,160034,031026,0.00,0.00,0.00,0.00,,0.00,0,0,1,+37.74,*44
$GPNVS,4,160034,031026,0.00,0.00,,,,,,,*6E
$GPNVS,5,160034,031026,5C9,0,0,+37.74,00000,00000,*22
$GPNVS,6,0,A,1,0x00000,0x03,,0x00,00,,0x00000,,*05
$GPNVS,7,160034,031026,A,72,0x00,0,11,1,581465,+4.28,-4.11*67
$GPNVS,9,+10000000.001,+2.77264,+10000000.05,15,+0.019,+0.37,,+37.74,50.0,49.6,*62
$GPNVS,10,1,0,0,+55,+55,2,100,0.5,1,10,30,1,+0,1.0,20,-6,1,2,9395,,,,*6E
$GPNVS,15,0,0,0000,2400,2400.00,00000000,0.00,0.00,0.00,0.00,-9999,999*4E
$GPNVS,1,160035,031026,A,N,60,N,0x00000,0x03,0x00,1,N*29
$GPNVS,2,160035,031026,0.00,0.00,0.00,0.00,0.00,0.00,0.00,0.00,*69
$GPNVS,3,160035,031026,0.00,0.00,0.00,0.00,,0.00,0,0,1,+38.06,*4F
$GPNVS,4,160035,031026,0.00,0.00,,,,,,,*6F
$GPNVS,5,160035,031026,5C9,0,0,+38.06,00000,00000,*29
$GPNVS,6,0,A,1,0x00000,0x03,,0x00,00,,0x00000,,*05
$GPNVS,7,160035,031026,A,72,0x00,0,12,0,581465,+4.28,-4.11*64
$GPNVS,9,+10000000.000,+2.77264,+9999999.949,15,+0.019,+0.37,,+38.06,50.0,49.3,*65
$GPNVS,10,1,0,0,+60,+55,2,100,0.5,1,10,30,1,+0,1.0,20,-6,1,2,9390,,,,*6D
$GPNVS,15,0,0,0000,2400,2400.00,00000000,0.00,0.00,0.00,0.00,-9999,999*4E
$GPNVS,99,,,*5C
$GPNVS,1,160036,031026,A,N,60,N,0x00000,0x03,0x00,1,N*2A
$GPNVS,2,160036,031026,0.00,0.00,0.00,0.00,0.00,0.00,0.00,0.00,*6A
$GPNVS,3,160036,031026,0.00,0.00,0.00,0.00,,0.00,0,0,1,+37.74,*46
$GPNVS,4,160036,031026,0.00,0.00,,,,,,,*6C
$GPNVS,5,160036,031026,5C9,0,0,+37.74,00000,00000,*20
$GPNVS,6,0,A,1,0x00000,0x03,,0x00,00,,0x00000,,*05
$GPNVS,7,160036,031026,A,72,0x00,0,12,0,581465,+4.27,-4.11*68
$GPNVS,9,+10000000.000,+2.77264,+10000000.00,15,+0.019,+0.37,,+37.74,50.0,50.6,*6E
$GPNVS,10,1,0,0,+60,+60,2,100,0.5,1,10,30,1,+0,1.0,20,-6,1,2,9385,,,,*6F
$GPNVS,15,0,0,0000,2400,2400.00,00000000,0.00,0.00,0.00,0.00,-9999,999*4E
$GPNVS,1,160037,031026,A,N,60,N,0x00000,0x03,0x00,1,N*2B
$GPNVS,2,160037,031026,0.00,0.00,0.00,0.00,0.00,0.00,0.00,0.00,*6B
$GPNVS,3,160037,031026,0.00,0.00,0.00,0.00,,0.00,0,0,1,+38.06,*4D
$GPNVS,4,160037,031026,0.00,0.00,,,,,,,*6D
$GPNVS,5,160037,031026,5C9,0,0,+38.06,00000,00000,*2B
$GPNVS,6,0,A,1,0x00000,0x03,,0x00,00,,0x00000,,*05
$GPNVS,7,160037,031026,A,72,0x00,0,11,1,581466,+4.28,-4.11*67
$GPNVS,9,+10000000.001,+2.77264,+10000000.05,15,+0.019,+0.37,,+38.06,50.0,49.6,*68
$GPNVS,10,1,0,0,+55,+55,2,100,0.5,1,10,30,1,+0,1.0,20,-6,1,2,9380,,,,*6A
$GPNVS,15,0,0,0000,2400,2400.00,00000000,0.00,0.00,0.00,0.00,-9999,999*4E
$GPNVS,1,160038,031026,A,N,60,N,0x00000,0x03,0x00,1,N*24
$GPNVS,2,160038,031026,0.00,0.00,0.00,0.00,0.00,0.00,0.00,0.00,*64
$GPNVS,3,160038,031026,0.00,0.00,0.00,0.00,,0.00,0,0,1,+37.74,*48
$GPNVS,4,160038,031026,0.00,0.00,,,,,,,*62
$GPNVS,5,160038,031026,5C9,0,0,+37.74,00000,00000,*2E
$GPNVS,6,0,A,1,0x00000,0x03,,0x00,00,,0x00000,,*05
$GPNVS,7,160038,031026,A,72,0x00,0,11,0,581466,+4.27,-4.11*66
$GPNVS,9,+10000000.001,+2.77264,+10000000.00,15,+0.019,+0.37,,+37.74,50.0,50.6,*6F
$GPNVS,10,1,0,0,+55,+55,2,100,0.5,1,10,30,1,+0,1.0,20,-6,1,2,9375,,,,*60
$GPNVS,15,0,0,0000,2400,2400.00,00000000,0.00,0.00,0.00,0.00,-9999,999*4E
$GPNVS,1,160039,031026,A,N,60,N,0x00000,0x03,0x00,1,N*25
$GPNVS,2,160039,031026,0.00,0.00,0.00,0.00,0.00,0.00,0.00,0.00,*65
$GPNVS,3,160039,031026,0.00,0.00,0.00,0.00,,0.00,0,0,1,+38.06,*43
$GPNVS,4,160039,031026,0.00,0.00,,,,,,,*63
$GPNVS,5,160039,031026,5C9,0,0,+38.06,00000,00000,*25
$GPNVS,6,0,A,1,0x00000,0x03,,0x00,00,,0x00000,,*05
$GPNVS,7,160039,031026,A,72,0x00,0,12,0,581466,+4.27,-4.11*64
$GPNVS,9,+10000000.000,+2.77264,+9999999.949,15,+0.019,+0.37,,+38.06,50.0,49.3,*65
$GPNVS,10,1,0,0,+60,+55,2,100,0.5,1,10,30,1,+0,1.0,20,-6,1,2,9370,,,,*63
$GPNVS,15,0,0,0000,2400,2400.00,00000000,0.00,0.00,0.00,0.00,-9999,999*4E
$GPNVS,1,160040,031026,A,N,60,N,0x00000,0x03,0x00,1,N*2B
$GPNVS,2,160040,031026,0.00,0.00,0.00,0.00,0.00,0.00,0.00,0.00,*6B
$GPNVS,3,160040,031026,0.00,0.00,0.00,0.00,,0.00,0,0,1,+37.74,*47
$GPNVS,4,160040,031026,0.00,0.00,,,,,,,*6D
$GPNVS,5,160040,031026,5C9,0,0,+37.74,00000,00000,*21
$GPNVS,6,0,A,1,0x00000,0x03,,0x00,00,,0x00000,,*05
$GPNVS,7,160040,031026,A,72,0x00,0,11,1,581467,+4.28,-4.11*66
$GPNVS,9,+10000000.001,+2.77265,+10000000.05,15,+0.019,+0.37,,+37.74,50.0,50.0,*6D
$GPNVS,10,1,0,0,+55,+55,2,100,0.5,1,10,30,1,-1,1.0,20,-6,1,2,9365,,,,*66
$GPNVS,15,0,0,0000,2400,2400.00,00000000,0.00,0.00,0.00,0.00,-9999,999*4E
$GPNVS,1,160041,031026,A,N,60,N,0x00000,0x03,0x00,1,N*2A
$GPNVS,2,160041,031026,0.00,0.00,0.00,0.00,0.00,0.00,0.00,0.00,*6A
$GPNVS,3,160041,031026,0.00,0.00,0.00,0.00,,0.00,0,0,1,+37.74,*46
$GPNVS,4,160041,031026,0.00,0.00,,,,,,,*6C
$GPNVS,5,160041,031026,5C9,0,0,+37.74,00000,00000,*20
$GPNVS,6,0,A,1,0x00000,0x03,,0x00,00,,0x00000,,*05
$GPNVS,7,160041,031026,A,72,0x00,0,11,0,581467,+4.28,-4.11*66
$GPNVS,9,+10000000.001,+2.77265,+10000000.00,15,+0.019,+0.37,,+37.74,50.0,49.6,*66
$GPNVS,10,1,0,0,+55,+55,2,100,0.5,1,10,30,1,-1,1.0,20,-6,1,2,9360,,,,*63
$GPNVS,15,0,0,0000,2400,2400.00,00000000,0.00,0.00,0.00,0.00,-9999,999*4E
$GPNVS,1,160042,031026,A,N,60,N,0x00000,0x03,0x00,1,N*29
$GPNVS,2,160042,031026,0.00,0.00,0.00,0.00,0.00,0.00,0.00,0.00,*69
$GPNVS,3,160042,031026,0.00,0.00,0.00,0.00,,0.00,0,0,1,+37.74,*45
$GPNVS,4,160042,031026,0.00,0.00,,,,,,,*6F
$GPNVS,5,160042,031026,5C9,0,0,+37.74,00000,00000,*23
$GPNVS,6,0,A,1,0x00000,0x03,,0x00,00,,0x00000,,*05
$GPNVS,7,160042,031026,A,72,0x00,0,12,0,581467,+4.27,-4.11*69
$GPNVS,9,+9999999.9989,+2.77265,+9999999.949,15,+0.019,+0.37,,+37.74,50.0,50.6,*6A
$GPNVS,10,1,0,0,+60,+55,2,100,0.5,1,10,30,1,-1,1.0,20,+10,1,2,9355,,,,*52
$GPNVS,15,0,0,0000,2400,2400.00,00000000,0.00,0.00,0.00,0.00,+9999,999*48
$GPNVS,1,160043,031026,A,N,60,N,0x00000,0x03,0x00,1,N*28
$GPNVS,2,160043,031026,0.00,0.00,0.00,0.00,0.00,0.00,0.00,0.00,*68
$GPNVS,3,160043,031026,0.00,0.00,0.00,0.00,,0.00,0,0,1,+37.74,*44
$GPNVS,4,160043,031026,0.00,0.00,,,,,,,*6E
$GPNVS,5,160043,031026,5C9,0,0,+37.74,00000,00000,*22
$GPNVS,6,0,A,1,0x00000,0x03,,0x00,00,,0x00000,,*05
$GPNVS,7,160043,031026,A,72,0x00,0,11,1,581468,+4.28,-4.11*6A
$GPNVS,9,+10000000.000,+2.77265,+10000000.05,15,+0.019,+0.37,,+37.74,50.0,49.6,*62
$GPNVS,10,1,0,0,+55,+55,2,100,0.5,1,10,30,1,-1,1.0,20,+10,1,2,9350,,,,*51
$GPNVS,15,0,0,0000,2400,2400.00,00000000,0.00,0.00,0.00,0.00,+9999,999*48
$GPNVS,1,160044,031026,A,N,60,N,0x00000,0x03,0x00,1,N*2F
$GPNVS,2,160044,031026,0.00,0.00,0.00,0.00,0.00,0.00,0.00,0.00,*6F
$GPNVS,3,160044,031026,0.00,0.00,0.00,0.00,,0.00,0,0,1,+37.74,*43
$GPNVS,4,160044,031026,0.00,0.00,,,,,,,*69
$GPNVS,5,160044,031026,5C9,0,0,+37.74,00000,00000,*25
$GPNVS,6,0,A,1,0x00000,0x03,,0x00,00,,0x00000,,*05
$GPNVS,7,160044,031026,A,72,0x00,0,11,0,581468,+4.27,-4.11*63
$GPNVS,9,+10000000.001,+2.77265,+10000000.00,15,+0.019,+0.37,,+37.74,50.0,50.0,*68
$GPNVS,10,1,0,0,+55,+55,2,100,0.5,1,10,30,1,-1,1.0,20,+10,1,2,9345,,,,*55
$GPNVS,15,0,0,0000,2400,2400.00,00000000,0.00,0.00,0.00,0.00,+9999,999*48
$GPNVS,1,160045,031026,A,N,60,N,0x00000,0x03,0x00,1,N*2E
$GPNVS,2,160045,031026,0.00,0.00,0.00,0.00,0.00,0.00,0.00,0.00,*6E
$GPNVS,3,160045,031026,0.00,0.00,0.00,0.00,,0.00,0,0,1,+37.74,*42
$GPNVS,4,160045,031026,0.00,0.00,,,,,,,*68
$GPNVS,5,160045,031026,5C9,0,0,+37.74,00000,00000,*24
$GPNVS,6,0,A,1,0x00000,0x03,,0x00,00,,0x00000,,*05
$GPNVS,7,160045,031026,A,72,0x00,0,12,0,581468,+4.28,-4.11*6E
$GPNVS,9,+9999999.9989,+2.77265,+9999999.949,15,+0.019,+0.37,,+37.74,50.0,49.3,*67
$GPNVS,10,1,0,0,+60,+55,2,100,0.5,1,10,30,1,-1,1.0,20,+10,1,2,9340,,,,*56
$GPNVS,15,0,0,0000,2400,2400.00,00000000,0.00,0.00,0.00,0.00,+9999,999*48
$GPNVS,1,160046,031026,A,N,60,N,0x00000,0x03,0x00,1,N*2D
$GPNVS,2,160046,031026,0.00,0.00,0.00,0.00,0.00,0.00,0.00,0.00,*6D
$GPNVS,3,160046,031026,0.00,0.00,0.00,0.00,,0.00,0,0,1,+37.74,*41
$GPNVS,4,160046,031026,0.00,0.00,,,,,,,*6B
$GPNVS,5,160046,031026,5C9,0,0,+37.74,00000,00000,*27
$GPNVS,6,0,A,1,0x00000,0x03,,0x00,00,,0x00000,,*05
$GPNVS,7,160046,031026,A,72,0x00,0,11,0,581468,+4.27,-4.11*61
$GPNVS,9,+9999999.9989,+2.77265,+10000000.05,15,+0.019,+0.37,,+37.74,50.0,49.6,*6B
$GPNVS,10,1,0,0,+55,+55,2,100,0.5,1,10,30,1,-1,1.0,20,+10,1,2,9335,,,,*52
$GPNVS,15,0,0,0000,2400,2400.00,00000000,0.00,0.00,0.00,0.00,+9999,999*48
$GPNVS,1,160047,031026,A,N,60,N,0x00000,0x03,0x00,1,N*2C
$GPNVS,2,160047,031026,0.00,0.00,0.00,0.00,0.00,0.00,0.00,0.00,*6C
$GPNVS,3,160047,031026,0.00,0.00,0.00,0.00,,0.00,0,0,1,+37.74,*40
$GPNVS,4,160047,031026,0.00,0.00,,,,,,,*6A
$GPNVS,5,160047,031026,5C9,0,0,+37.74,00000,00000,*26
$GPNVS,6,0,A,1,0x00000,0x03,,0x00,00,,0x00000,,*05
$GPNVS,7,160047,031026,A,72,0x00,0,12,0,581468,+4.27,-4.11*63
$GPNVS,9,+9999999.9989,+2.77265,+9999999.949,15,+0.019,+0.37,,+37.74,50.0,50.0,*6C
$GPNVS,10,1,0,0,+60,+55,2,100,0.5,1,10,30,1,-1,1.0,20,+10,1,2,9330,,,,*51
$GPNVS,15,0,0,0000,2400,2400.00,00000000,0.00,0.00,0.00,0.00,+9999,999*48
$GPNVS,1,160048,031026,A,N,60,N,0x00000,0x03,0x00,1,N*23
$GPNVS,2,160048,031026,0.00,0.00,0.00,0.00,0.00,0.00,0.00,0.00,*63
$GPNVS,3,160048,031026,0.00,0.00,0.00,0.00,,0.00,0,0,1,+37.74,*4F
$GPNVS,4,160048,031026,0.00,0.00,,,,,,,*65
$GPNVS,5,160048,031026,5C9,0,0,+37.74,00000,00000,*29
$GPNVS,6,0,A,1,0x00000,0x03,,0x00,00,,0x00000,,*05
$GPNVS,7,160048,031026,A,72,0x00,0,13,0,581468,+4.27,-4.11*6D
$GPNVS,9,+9999999.9989,+2.77265,+9999999.949,15,+0.019,+0.37,,+37.74,50.0,49.6,*62
$GPNVS,10,1,0,0,+65,+60,2,100,0.5,1,10,30,1,+0,1.0,20,+10,1,2,9325,,,,*51
$GPNVS,15,0,0,0000,2400,2400.00,00000000,0.00,0.00,0.00,0.00,+9999,999*48
$GPNVS,1,160049,031026,A,N,60,N,0x00000,0x03,0x00,1,N*22
$GPNVS,2,160049,031026,0.00,0.00,0.00,0.00,0.00,0.00,0.00,0.00,*62
$GPNVS,3,160049,031026,0.00,0.00,0.00,0.00,,0.00,0,0,1,+37.74,*4E
$GPNVS,4,160049,031026,0.00,0.00,,,,,,,*64
$GPNVS,5,160049,031026,5C9,0,0,+37.74,00000,00000,*28
$GPNVS,6,0,A,1,0x00000,0x03,,0x00,00,,0x00000,,*05
$GPNVS,7,160049,031026,A,72,0x00,0,12,1,581469,+4.28,-4.11*62
$GPNVS,9,+9999999.9989,+2.77266,+10000000.05,15,+0.019,+0.37,,+37.74,50.0,49.3,*6D
$GPNVS,10,1,0,0,+60,+60,2,100,0.5,1,10,30,1,+0,1.0,20,+10,1,2,9320,,,,*51
$GPNVS,15,0,0,0000,2400,2400.00,00000000,0.00,0.00,0.00,0.00,+9999,999*48
$GPNVS,1,160050,031026,A,N,60,N,0x00000,0x03,0x00,1,N*2A
$GPNVS,2,160050,031026,0.00,0.00,0.00,0.00,0.00,0.00,0.00,0.00,*6A
$GPNVS,3,160050,031026,0.00,0.00,0.00,0.00,,0.00,0,0,1,+37.74,*46
$GPNVS,4,160050,031026,0.00,0.00,,,,,,,*6C
$GPNVS,5,160050,031026,5C9,0,0,+37.74,00000,00000,*20
$GPNVS,6,0,A,1,0x00000,0x03,,0x00,00,,0x00000,,*05
$GPNVS,7,160050,031026,A,72,0x00,0,13,0,581469,+4.28,-4.11*6A
$GPNVS,9,+9999999.9979,+2.77266,+9999999.949,15,+0.019,+0.37,,+37.74,50.0,50.0,*60
$GPNVS,10,1,0,0,+65,+60,2,100,0.5,1,10,30,1,+0,1.0,20,+10,1,2,9315,,,,*52
$GPNVS,15,0,0,0000,2400,2400.00,00000000,0.00,0.00,0.00,0.00,+9999,999*48
$GPNVS,99,,,*5C
$GPNVS,1,160051,031026,A,N,60,N,0x00000,0x03,0x00,1,N*2B
$GPNVS,2,160051,031026,0.00,0.00,0.00,0.00,0.00,0.00,0.00,0.00,*6B
$GPNVS,3,160051,031026,0.00,0.00,0.00,0.00,,0.00,0,0,1,+37.74,*47
$GPNVS,4,160051,031026,0.00,0.00,,,,,,,*6D
$GPNVS,5,160051,031026,5C9,0,0,+37.74,00000,00000,*21
$GPNVS,6,0,A,1,0x00000,0x03,,0x00,00,,0x00000,,*05
$GPNVS,7,160051,031026,A,72,0x00,0,14,0,581469,+4.27,-4.11*63
$GPNVS,9,+9999999.9959,+2.77266,+9999999.949,15,+0.019,+0.37,,+37.74,50.0,50.6,*64
$GPNVS,10,1,0,0,+70,+65,2,100,0.5,1,10,30,1,+0,1.0,20,+10,1,2,9310,,,,*56
$GPNVS,15,0,0,0000,2400,2400.00,00000000,0.00,0.00,0.00,0.00,+9999,999*48
$GPNVS,1,160052,031026,A,N,60,N,0x00000,0x03,0x00,1,N*28
$GPNVS,2,160052,031026,0.00,0.00,0.00,0.00,0.00,0.00,0.00,0.00,*68
$GPNVS,3,160052,031026,0.00,0.00,0.00,0.00,,0.00,0,0,1,+37.74,*44
$GPNVS,4,160052,031026,0.00,0.00,,,,,,,*6E
$GPNVS,5,160052,031026,5C9,0,0,+37.74,00000,00000,*22
$GPNVS,6,0,A,1,0x00000,0x03,,0x00,00,,0x00000,,*05
$GPNVS,7,160052,031026,A,72,0x00,0,13,1,581470,+4.28,-4.11*61
$GPNVS,9,+9999999.9979,+2.77266,+10000000.05,15,+0.019,+0.37,,+37.74,50.0,49.3,*62
$GPNVS,10,1,0,0,+65,+65,2,100,0.5,1,10,30,1,+1,1.0,20,+10,1,2,9305,,,,*57
$GPNVS,15,0,0,0000,2400,2400.00,00000000,0.00,0.00,0.00,0.00,-9999,999*4E
$GPNVS,1,160053,031026,A,N,60,N,0x00000,0x03,0x00,1,N*29
$GPNVS,2,160053,031026,0.00,0.00,0.00,0.00,0.00,0.00,0.00,0.00,*69
$GPNVS,3,160053,031026,0.00,0.00,0.00,0.00,,0.00,0,0,1,+37.74,*45
$GPNVS,4,160053,031026,0.00,0.00,,,,,,,*6F
$GPNVS,5,160053,031026,5C9,0,0,+37.74,00000,00000,*23
$GPNVS,6,0,A,1,0x00000,0x03,,0x00,00,,0x00000,,*05
$GPNVS,7,160053,031026,A,72,0x00,0,13,1,581471,+4.27,-4.11*6E
$GPNVS,9,+9999999.9989,+2.77267,+10000000.00,15,+0.019,+0.37,,+37.74,50.0,50.3,*61
$GPNVS,10,1,0,0,+65,+65,2,100,0.5,1,10,30,1,+2,1.0,20,-10,1,2,9300,,,,*57
$GPNVS,15,0,0,0000,2400,2400.00,00000000,0.00,0.00,0.00,0.00,-9999,999*4E
$GPNVS,1,160054,031026,A,N,60,N,0x00000,0x03,0x00,1,N*2E
$GPNVS,2,160054,031026,0.00,0.00,0.00,0.00,0.00,0.00,0.00,0.00,*6E
$GPNVS,3,160054,031026,0.00,0.00,0.00,0.00,,0.00,0,0,1,+37.74,*42
$GPNVS,4,160054,031026,0.00,0.00,,,,,,,*68
$GPNVS,5,160054,031026,5C9,0,0,+37.74,00000,00000,*24
$GPNVS,6,0,A,1,0x00000,0x03,,0x00,00,,0x00000,,*05
$GPNVS,7,160054,031026,A,72,0x00,0,12,0,581471,+4.28,-4.11*66
$GPNVS,9,+9999999.9989,+2.77267,+10000000.05,15,+0.019,+0.37,,+37.74,50.0,50.9,*6E
$GPNVS,10,1,0,0,+60,+60,2,100,0.5,1,10,30,1,+2,1.0,20,-10,1,2,9295,,,,*5A
$GPNVS,15,0,0,0000,2400,2400.00,00000000,0.00,0.00,0.00,0.00,-9999,999*4E
$GPNVS,1,160055,031026,A,N,60,N,0x00000,0x03,0x00,1,N*2F
$GPNVS,2,160055,031026,0.00,0.00,0.00,0.00,0.00,0.00,0.00,0.00,*6F
$GPNVS,3,160055,031026,0.00,0.00,0.00,0.00,,0.00,0,0,1,+38.06,*49
$GPNVS,4,160055,031026,0.00,0.00,,,,,,,*69
$GPNVS,5,160055,031026,5C9,0,0,+38.06,00000,00000,*2F
$GPNVS,6,0,A,1,0x00000,0x03,,0x00,00,,0x00000,,*05
$GPNVS,7,160055,031026,A,72,0x00,0,13,1,581472,+4.27,-4.11*6B
$GPNVS,9,+9999999.9989,+2.77267,+9999999.949,15,+0.019,+0.37,,+38.06,50.0,50.6,*62
$GPNVS,10,1,0,0,+65,+60,2,100,0.5,1,10,30,1,+2,1.0,20,-10,1,2,9290,,,,*5A
$GPNVS,15,0,0,0000,2400,2400.00,00000000,0.00,0.00,0.00,0.00,-9999,999*4E
$GPNVS,1,160056,031026,A,N,60,N,0x00000,0x03,0x00,1,N*2C
$GPNVS,2,160056,031026,0.00,0.00,0.00,0.00,0.00,0.00,0.00,0.00,*6C
$GPNVS,3,160056,031026,0.00,0.00,0.00,0.00,,0.00,0,0,1,+37.74,*40
$GPNVS,4,160056,031026,0.00,0.00,,,,,,,*6A
$GPNVS,5,160056,031026,5C9,0,0,+37.74,00000,00000,*26
$GPNVS,6,0,A,1,0x00000,0x03,,0x00,00,,0x00000,,*05
$GPNVS,7,160056,031026,A,72,0x00,0,13,0,581472,+4.27,-4.11*69
$GPNVS,9,+9999999.9989,+2.77267,+10000000.00,15,+0.019,+0.37,,+37.74,50.0,50.0,*62
$GPNVS,10,1,0,0,+65,+65,2,100,0.5,1,10,30,1,+2,1.0,20,-10,1,2,9285,,,,*5B
$GPNVS,15,0,0,0000,2400,2400.00,00000000,0.00,0.00,0.00,0.00,-9999,999*4E
$GPNVS,1,160057,031026,A,N,62,N,0x00000,0x03,0x00,1,N*2F
$GPNVS,2,160057,031026,0.00,0.00,0.00,0.00,0.00,0.00,0.00,0.00,*6D
$GPNVS,3,160057,031026,0.00,0.00,0.00,0.00,,0.00,0,0,1,+37.74,*41
$GPNVS,4,160057,031026,0.00,0.00,,,,,,,*6B
$GPNVS,5,160057,031026,5C9,0,0,+37.74,00000,00000,*27
$GPNVS,6,0,A,1,0x00000,0x03,,0x00,00,,0x00000,,*05
$GPNVS,7,160057,031026,A,72,0x00,0,12,1,581473,+4.27,-4.11*69
$GPNVS,9,+10000000.001,+2.77268,+10000000.05,15,+0.019,+0.37,,+37.74,50.0,50.6,*66
$GPNVS,10,1,0,0,+60,+60,2,100,0.5,1,10,30,1,+2,1.0,20,-10,1,2,9280,,,,*5E
$GPNVS,15,0,0,0000,2400,2400.00,00000000,0.00,0.00,0.00,0.00,-9999,999*4E
$GPNVS,1,160058,031026,A,N,60,N,0x00000,0x03,0x00,1,N*22
$GPNVS,2,160058,031026,0.00,0.00,0.00,0.00,0.00,0.00,0.00,0.00,*62
$GPNVS,3,160058,031026,0.00,0.00,0.00,0.00,,0.00,0,0,1,+38.06,*44
$GPNVS,4,160058,031026,0.00,0.00,,,,,,,*64
$GPNVS,5,160058,031026,5C9,0,0,+38.06,00000,00000,*22
$GPNVS,6,0,A,1,0x00000,0x03,,0x00,00,,0x00000,,*05
$GPNVS,7,160058,031026,A,72,0x00,0,13,1,581474,+4.28,-4.11*6F
$GPNVS,9,+10000000.000,+2.77268,+9999999.949,15,+0.019,+0.37,,+38.06,50.0,49.6,*6C
$GPNVS,10,1,0,0,+65,+60,2,100,0.5,1,10,30,1,+2,1.0,20,-10,1,2,9275,,,,*51
$GPNVS,15,0,0,0000,2400,2400.00,00000000,0.00,0.00,0.00,0.00,-9999,999*4E
$GPNVS,1,160059,031026,A,N,60,N,0x00000,0x03,0x00,1,N*23
$GPNVS,2,160059,031026,0.00,0.00,0.00,0.00,0.00,0.00,0.00,0.00,*63
$GPNVS,3,160059,031026,0.00,0.00,0.00,0.00,,0.00,0,0,1,+37.74,*4F
$GPNVS,4,160059,031026,0.00,0.00,,,,,,,*65
$GPNVS,5,160059,031026,5C9,0,0,+37.74,00000,00000,*29
$GPNVS,6,0,A,1,0x00000,0x03,,0x00,00,,0x00000,,*05
$GPNVS,7,160059,031026,A,73,0x00,0,12,0,581474,+4.28,-4.11*6F
$GPNVS,9,+10000000.001,+2.77268,+10000000.05,15,+0.019,+0.37,,+37.74,50.0,50.3,*63
$GPNVS,10,1,0,0,+60,+60,2,100,0.5,1,10,30,1,+2,1.0,20,-10,1,2,9270,,,,*51
$GPNVS,15,0,0,0000,2400,2400.00,00000000,0.00,0.00,0.00,0.00,-9999,999*4E
$GPNVS,1,160100,031026,A,N,60,N,0x00000,0x03,0x00,1,N*2E
$GPNVS,2,160100,031026,0.00,0.00,0.00,0.00,0.00,0.00,0.00,0.00,*6E
$GPNVS,3,160100,031026,0.00,0.00,0.00,0.00,,0.00,0,0,1,+37.74,*42
$GPNVS,4,160100,031026,0.00,0.00,,,,,,,*68
$GPNVS,5,160100,031026,5C9,0,0,+37.74,00000,00000,*24
$GPNVS,6,0,A,1,0x00000,0x03,,0x00,00,,0x00000,,*05
$GPNVS,7,160100,031026,A,72,0x00,0,12,1,581475,+4.28,-4.11*63
$GPNVS,9,+10000000.001,+2.77269,+10000000.00,15,+0.019,+0.37,,+37.74,50.0,50.3,*67
$GPNVS,10,1,0,0,+60,+60,2,100,0.5,1,10,30,1,+1,1.0,20,-10,1,2,9265,,,,*56
$GPNVS,15,0,0,0000,2400,2400.00,00000000,0.00,0.00,0.00,0.00,-9999,999*4E
$GPNVS,1,160101,031026,A,N,60,N,0x00000,0x03,0x00,1,N*2F
$GPNVS,2,160101,031026,0.00,0.00,0.00,0.00,0.00,0.00,0.00,0.00,*6F
$GPNVS,3,160101,031026,0.00,0.00,0.00,0.00,,0.00,0,0,1,+38.06,*49
$GPNVS,4,160101,031026,0.00,0.00,,,,,,,*69
$GPNVS,5,160101,031026,5C9,0,0,+38.06,00000,00000,*2F
$GPNVS,6,0,A,1,0x00000,0x03,,0x00,00,,0x00000,,*05
$GPNVS,7,160101,031026,A,72,0x00,0,13,0,581475,+4.27,-4.11*6D
$GPNVS,9,+9999999.9989,+2.77269,+9999999.949,15,+0.019,+0.37,,+38.06,50.0,50.0,*6A
$GPNVS,10,1,0,0,+65,+60,2,100,0.5,1,10,30,1,+1,1.0,20,-10,1,2,9260,,,,*56
$GPNVS,15,0,0,0000,2400,2400.00,00000000,0.00,0.00,0.00,0.00,-9999,999*4E
$GPNVS,1,160102,031026,A,N,60,N,0x00000,0x03,0x00,1,N*2C
$GPNVS,2,160102,031026,0.00,0.00,0.00,0.00,0.00,0.00,0.00,0.00,*6C
$GPNVS,3,160102,031026,0.00,0.00,0.00,0.00,,0.00,0,0,1,+38.06,*4A
$GPNVS,4,160102,031026,0.00,0.00,,,,,,,*6A
$GPNVS,5,160102,031026,5C9,0,0,+38.06,00000,00000,*2C
$GPNVS,6,0,A,1,0x00000,0x03,,0x00,00,,0x00000,,*05
$GPNVS,7,160102,031026,A,72,0x00,0,12,1,581476,+4.27,-4.11*6D
$GPNVS,9,+10000000.001,+2.77269,+10000000.05,15,+0.019,+0.37,,+38.06,50.0,50.0,*6B
$GPNVS,10,1,0,0,+60,+60,2,100,0.5,1,10,30,1,+0,1.0,20,-10,1,2,9255,,,,*54
$GPNVS,15,0,0,0000,2400,2400.00,00000000,0.00,0.00,0.00,0.00,-9999,999*4E
$GPNVS,1,160103,031026,A,N,60,N,0x00000,0x03,0x00,1,N*2D
$GPNVS,2,160103,031026,0.00,0.00,0.00,0.00,0.00,0.00,0.00,0.00,*6D
$GPNVS,3,160103,031026,0.00,0.00,0.00,0.00,,0.00,0,0,1,+38.06,*4B
$GPNVS,4,160103,031026,0.00,0.00,,,,,,,*6B
$GPNVS,5,160103,031026,5C9,0,0,+38.06,00000,00000,*2D
$GPNVS,6,0,A,1,0x00000,0x03,,0x00,00,,0x00000,,*05
$GPNVS,7,160103,031026,A,72,0x00,0,12,0,581476,+4.28,-4.11*62
$GPNVS,9,+10000000.001,+2.77269,+10000000.00,15,+0.019,+0.37,,+38.06,50.0,49.3,*65
$GPNVS,10,1,0,0,+60,+60,2,100,0.5,1,10,30,1,+0,1.0,20,+6,1,2,9250,,,,*60
$GPNVS,15,0,0,0000,2400,2400.00,00000000,0.00,0.00,0.00,0.00,+9999,999*48
$GPNVS,1,160104,031026,A,N,60,N,0x00000,0x03,0x00,1,N*2A
$GPNVS,2,160104,031026,0.00,0.00,0.00,0.00,0.00,0.00,0.00,0.00,*6A
$GPNVS,3,160104,031026,0.00,0.00,0.00,0.00,,0.00,0,0,1,+38.06,*4C
$GPNVS,4,160104,031026,0.00,0.00,,,,,,,*6C
$GPNVS,5,160104,031026,5C9,0,0,+38.06,00000,00000,*2A
$GPNVS,6,0,A,1,0x00000,0x03,,0x00,00,,0x00000,,*05
$GPNVS,7,160104,031026,A,72,0x00,0,13,0,581476,+4.27,-4.11*6B
$GPNVS,9,+9999999.9989,+2.77269,+9999999.949,15,+0.019,+0.37,,+38.06,50.0,48.3,*60
$GPNVS,10,1,0,0,+65,+60,2,100,0.5,1,10,30,1,+0,1.0,20,+6,1,2,9245,,,,*61
$GPNVS,15,0,0,0000,2400,2400.00,00000000,0.00,0.00,0.00,0.00,+9999,999*48
$GPNVS,1,160105,031026,A,N,60,N,0x00000,0x03,0x00,1,N*2B
$GPNVS,2,160105,031026,0.00,0.00,0.00,0.00,0.00,0.00,0.00,0.00,*6B
$GPNVS,3,160105,031026,0.00,0.00,0.00,0.00,,0.00,0,0,1,+38.06,*4D
$GPNVS,4,160105,031026,0.00,0.00,,,,,,,*6D
$GPNVS,5,160105,031026,5C9,0,0,+38.06,00000,00000,*2B
$GPNVS,6,0,A,1,0x00000,0x03,,0x00,00,,0x00000,,*05
$GPNVS,7,160105,031026,A,72,0x00,0,12,1,581477,+4.27,-4.11*6B
$GPNVS,9,+10000000.001,+2.77270,+10000000.05,15,+0.019,+0.37,,+38.06,50.0,50.6,*65
$GPNVS,10,1,0,0,+60,+60,2,100,0.5,1,10,30,1,-1,1.0,20,+6,1,2,9240,,,,*66
$GPNVS,15,0,0,0000,2400,2400.00,00000000,0.00,0.00,0.00,0.00,+9999,999*48
$GPNVS,99,,,*5C
$GPNVS,1,160106,031026,A,N,60,N,0x00000,0x03,0x00,1,N*28
$GPNVS,2,160106,031026,0.00,0.00,0.00,0.00,0.00,0.00,0.00,0.00,*68
$GPNVS,3,160106,031026,0.00,0.00,0.00,0.00,,0.00,0,0,1,+38.06,*4E
$GPNVS,4,160106,031026,0.00,0.00,,,,,,,*6E
$GPNVS,5,160106,031026,5C9,0,0,+38.06,00000,00000,*28
$GPNVS,6,0,A,1,0x00000,0x03,,0x00,00,,0x00000,,*05
$GPNVS,7,160106,031026,A,72,0x00,0,12,0,581477,+4.28,-4.11*66
$GPNVS,9,+10000000.000,+2.77270,+10000000.00,15,+0.019,+0.37,,+38.06,50.0,50.9,*6E
$GPNVS,10,1,0,0,+60,+60,2,100,0.5,1,10,30,1,-1,1.0,20,+6,1,2,9235,,,,*64
$GPNVS,15,0,0,0000,2400,2400.00,00000000,0.00,0.00,0.00,0.00,+9999,999*48
$GPNVS,1,160107,031026,A,N,60,N,0x00000,0x03,0x00,1,N*29
$GPNVS,2,160107,031026,0.00,0.00,0.00,0.00,0.00,0.00,0.00,0.00,*69
$GPNVS,3,160107,031026,0.00,0.00,0.00,0.00,,0.00,0,0,1,+38.06,*4F
$GPNVS,4,160107,031026,0.00,0.00,,,,,,,*6F
$GPNVS,5,160107,031026,5C9,0,0,+38.06,00000,00000,*29
$GPNVS,6,0,A,1,0x00000,0x03,,0x00,00,,0x00000,,*05
$GPNVS,7,160107,031026,A,72,0x00,0,13,0,581477,+4.27,-4.11*69
$GPNVS,9,+9999999.9989,+2.77270,+9999999.949,15,+0.019,+0.37,,+38.06,50.0,49.6,*6C
$GPNVS,10,1,0,0,+65,+60,2,100,0.5,1,10,30,1,-1,1.0,20,+6,1,2,9230,,,,*64
$GPNVS,15,0,0,0000,2400,2400.00,00000000,0.00,0.00,0.00,0.00,+9999,999*48
$GPNVS,1,160108,031026,A,N,60,N,0x00000,0x03,0x00,1,N*26
$GPNVS,2,160108,031026,0.00,0.00,0.00,0.00,0.00,0.00,0.00,0.00,*66
$GPNVS,3,160108,031026,0.00,0.00,0.00,0.00,,0.00,0,0,1,+38.06,*40
$GPNVS,4,160108,031026,0.00,0.00,,,,,,,*60
$GPNVS,5,160108,031026,5C9,0,0,+38.06,00000,00000,*26
$GPNVS,6,0,A,1,0x00000,0x03,,0x00,00,,0x00000,,*05
$GPNVS,7,160108,031026,A,72,0x00,0,12,1,581478,+4.28,-4.11*66
$GPNVS,9,+10000000.001,+2.77270,+10000000.05,15,+0.019,+0.37,,+38.06,50.0,50.6,*65
$GPNVS,10,1,0,0,+60,+60,2,100,0.5,1,10,30,1,-1,1.0,20,+6,1,2,9225,,,,*65
$GPNVS,15,0,0,0000,2400,2400.00,00000000,0.00,0.00,0.00,0.00,+9999,999*48
$GPNVS,1,160109,031026,A,N,60,N,0x00000,0x03,0x00,1,N*27
$GPNVS,2,160109,031026,0.00,0.00,0.00,0.00,0.00,0.00,0.00,0.00,*67
$GPNVS,3,160109,031026,0.00,0.00,0.00,0.00,,0.00,0,0,1,+38.06,*41
$GPNVS,4,160109,031026,0.00,0.00,,,,,,,*61
$GPNVS,5,160109,031026,5C9,0,0,+38.06,00000,00000,*27
$GPNVS,6,0,A,1,0x00000,0x03,,0x00,00,,0x00000,,*05
$GPNVS,7,160109,031026,A,72,0x00,0,12,0,581478,+4.27,-4.11*69
$GPNVS,9,+10000000.000,+2.77270,+10000000.00,15,+0.019,+0.37,,+38.06,50.0,49.0,*6F
$GPNVS,10,1,0,0,+60,+60,2,100,0.5,1,10,30,1,-1,1.0,20,+6,1,2,9220,,,,*60
$GPNVS,15,0,0,0000,2400,2400.00,00000000,0.00,0.00,0.00,0.00,+9999,999*48
$GPNVS,1,160110,031026,A,N,60,N,0x00000,0x03,0x00,1,N*2F
$GPNVS,2,160110,031026,0.00,0.00,0.00,0.00,0.00,0.00,0.00,0.00,*6F
$GPNVS,3,160110,031026,0.00,0.00,0.00,0.00,,0.00,0,0,1,+38.06,*49
$GPNVS,4,160110,031026,0.00,0.00,,,,,,,*69
$GPNVS,5,160110,031026,5C9,0,0,+38.06,00000,00000,*2F
$GPNVS,6,0,A,1,0x00000,0x03,,0x00,00,,0x00000,,*05
$GPNVS,7,160110,031026,A,72,0x00,0,13,0,581478,+4.28,-4.11*6F
$GPNVS,9,+9999999.9989,+2.77270,+9999999.949,15,+0.019,+0.37,,+38.06,50.0,50.6,*64
$GPNVS,10,1,0,0,+65,+60,2,100,0.5,1,10,30,1,-1,1.0,20,+6,1,2,9215,,,,*63
$GPNVS,15,0,0,0000,2400,2400.00,00000000,0.00,0.00,0.00,0.00,+9999,999*48
$GPNVS,1,160111,031026,A,N,60,N,0x00000,0x03,0x00,1,N*2E
$GPNVS,2,160111,031026,0.00,0.00,0.00,0.00,0.00,0.00,0.00,0.00,*6E
$GPNVS,3,160111,031026,0.00,0.00,0.00,0.00,,0.00,0,0,1,+37.74,*42
$GPNVS,4,160111,031026,0.00,0.00,,,,,,,*68
$GPNVS,5,160111,031026,5C9,0,0,+37.74,00000,00000,*24
$GPNVS,6,0,A,1,0x00000,0x03,,0x00,00,,0x00000,,*05
$GPNVS,7,160111,031026,A,72,0x00,0,12,1,581479,+4.27,-4.11*60
$GPNVS,9,+10000000.001,+2.77271,+10000000.05,15,+0.019,+0.37,,+37.74,50.0,50.0,*68
$GPNVS,10,1,0,0,+60,+60,2,100,0.5,1,10,30,1,-1,1.0,20,+6,1,2,9210,,,,*63
$GPNVS,15,0,0,0000,2400,2400.00,00000000,0.00,0.00,0.00,0.00,+9999,999*48
$GPNVS,1,160112,031026,A,N,60,N,0x00000,0x03,0x00,1,N*2D
$GPNVS,2,160112,031026,0.00,0.00,0.00,0.00,0.00,0.00,0.00,0.00,*6D
$GPNVS,3,160112,031026,0.00,0.00,0.00,0.00,,0.00,0,0,1,+38.06,*4B
$GPNVS,4,160112,031026,0.00,0.00,,,,,,,*6B
$GPNVS,5,160112,031026,5C9,0,0,+38.06,00000,00000,*2D
$GPNVS,6,0,A,1,0x00000,0x03,,0x00,00,,0x00000,,*05
$GPNVS,7,160112,031026,A,72,0x00,0,12,0,581479,+4.28,-4.11*6D
$GPNVS,9,+10000000.000,+2.77271,+10000000.00,15,+0.019,+0.37,,+38.06,50.0,50.0,*66
$GPNVS,10,1,0,0,+60,+60,2,100,0.5,1,10,30,1,-1,1.0,20,+6,1,2,9205,,,,*67
$GPNVS,15,0,0,0000,2400,2400.00,00000000,0.00,0.00,0.00,0.00,+9999,999*48
$GPNVS,1,160113,031026,A,N,60,N,0x00000,0x03,0x00,1,N*2C
$GPNVS,2,160113,031026,0.00,0.00,0.00,0.00,0.00,0.00,0.00,0.00,*6C
$GPNVS,3,160113,031026,0.00,0.00,0.00,0.00,,0.00,0,0,1,+38.06,*4A
$GPNVS,4,160113,031026,0.00,0.00,,,,,,,*6A
$GPNVS,5,160113,031026,5C9,0,0,+38.06,00000,00000,*2C
$GPNVS,6,0,A,1,0x00000,0x03,,0x00,00,,0x00000,,*05
$GPNVS,7,160113,031026,A,72,0x00,0,12,0,581479,+4.27,-4.11*63
$GPNVS,9,+10000000.000,+2.77271,+10000000.00,15,+0.019,+0.37,,+38.06,50.0,50.3,*65
$GPNVS,10,1,0,0,+60,+60,2,100,0.5,1,10,30,1,+0,1.0,20,+6,1,2,9200,,,,*65
$GPNVS,15,0,0,0000,2400,2400.00,00000000,0.00,0.00,0.00,0.00,+9999,999*48
$GPNVS,1,160114,031026,A,N,60,N,0x00000,0x03,0x00,1,N*2B
$GPNVS,2,160114,031026,0.00,0.00,0.00,0.00,0.00,0.00,0.00,0.00,*6B
$GPNVS,3,160114,031026,0.00,0.00,0.00,0.00,,0.00,0,0,1,+38.06,*4D
$GPNVS,4,160114,031026,0.00,0.00,,,,,,,*6D
$GPNVS,5,160114,031026,5C9,0,0,+38.06,00000,00000,*2B
$GPNVS,6,0,A,1,0x00000,0x03,,0x00,00,,0x00000,,*05
$GPNVS,7,160114,031026,A,72,0x00,0,11,1,581480,+4.27,-4.11*60
$GPNVS,9,+10000000.002,+2.77271,+10000000.05,15,+0.019,+0.37,,+38.06,50.0,49.6,*6F
$GPNVS,10,1,0,0,+55,+55,2,100,0.5,1,10,30,1,-1,1.0,20,-14,1,2,9195,,,,*58
$GPNVS,15,0,0,0000,2400,2400.00,00000000,0.00,0.00,0.00,0.00,-9999,999*4E
$GPNVS,1,160115,031026,A,N,60,N,0x00000,0x03,0x00,1,N*2A
$GPNVS,2,160115,031026,0.00,0.00,0.00,0.00,0.00,0.00,0.00,0.00,*6A
$GPNVS,3,160115,031026,0.00,0.00,0.00,0.00,,0.00,0,0,1,+38.06,*4C
$GPNVS,4,160115,031026,0.00,0.00,,,,,,,*6C
$GPNVS,5,160115,031026,5C9,0,0,+38.06,00000,00000,*2A
$GPNVS,6,0,A,1,0x00000,0x03,,0x00,00,,0x00000,,*05
$GPNVS,7,160115,031026,A,72,0x00,0,12,0,581480,+4.27,-4.11*63
$GPNVS,9,+10000000.000,+2.77271,+9999999.949,15,+0.019,+0.37,,+38.06,50.0,48.7,*64
$GPNVS,10,1,0,0,+60,+55,2,100,0.5,1,10,30,1,+0,1.0,20,-14,1,2,9190,,,,*5C
$GPNVS,15,0,0,0000,2400,2400.00,00000000,0.00,0.00,0.00,0.00,-9999,999*4E
$GPNVS,1,160116,031026,A,N,62,N,0x00000,0x03,0x00,1,N*2B
$GPNVS,2,160116,031026,0.00,0.00,0.00,0.00,0.00,0.00,0.00,0.00,*69
$GPNVS,3,160116,031026,0.00,0.00,0.00,0.00,,0.00,0,0,1,+38.06,*4F
$GPNVS,4,160116,031026,0.00,0.00,,,,,,,*6F
$GPNVS,5,160116,031026,5C9,0,0,+38.06,00000,00000,*29
$GPNVS,6,0,A,1,0x00000,0x03,,0x00,00,,0x00000,,*05
$GPNVS,7,160116,031026,A,72,0x00,0,11,0,581480,+4.27,-4.11*63
$GPNVS,9,+10000000.001,+2.77271,+10000000.05,15,+0.019,+0.37,,+38.06,50.0,50.9,*6B
$GPNVS,10,1,0,0,+55,+55,2,100,0.5,1,10,30,1,+0,1.0,20,-14,1,2,9185,,,,*5E
$GPNVS,15,0,0,0000,2400,2400.00,00000000,0.00,0.00,0.00,0.00,-9999,999*4E
$GPNVS,1,160117,031026,A,N,60,N,0x00000,0x03,0x00,1,N*28
$GPNVS,2,160117,031026,0.00,0.00,0.00,0.00,0.00,0.00,0.00,0.00,*68
$GPNVS,3,160117,031026,0.00,0.00,0.00,0.00,,0.00,0,0,1,+38.06,*4E
$GPNVS,4,160117,031026,0.00,0.00,,,,,,,*6E
$GPNVS,5,160117,031026,5C9,0,0,+38.06,00000,00000,*28
$GPNVS,6,0,A,1,0x00000,0x03,,0x00,00,,0x00000,,*05
$GPNVS,7,160117,031026,A,72,0x00,0,12,0,581480,+4.27,-4.11*61
$GPNVS,9,+10000000.001,+2.77271,+9999999.949,15,+0.019,+0.37,,+38.06,50.0,50.0,*6B
$GPNVS,10,1,0,0,+60,+55,2,100,0.5,1,9,30,1,+0,1.0,20,-14,1,2,9180,,,,*65
$GPNVS,15,0,0,0000,2400,2400.00,00000000,0.00,0.00,0.00,0.00,-9999,999*4E
$GPNVS,1,160118,031026,A,N,60,N,0x00000,0x03,0x00,1,N*27
$GPNVS,2,160118,031026,0.00,0.00,0.00,0.00,0.00,0.00,0.00,0.00,*67
$GPNVS,3,160118,031026,0.00,0.00,0.00,0.00,,0.00,0,0,1,+38.06,*41
$GPNVS,4,160118,031026,0.00,0.00,,,,,,,*61
$GPNVS,5,160118,031026,5C9,0,0,+38.06,00000,00000,*27
$GPNVS,6,0,A,1,0x00000,0x03,,0x00,00,,0x00000,,*05
$GPNVS,7,160118,031026,A,73,0x00,0,12,0,581480,+4.27,-4.11*6F
$GPNVS,9,+10000000.000,+2.77271,+10000000.00,15,+0.019,+0.37,,+38.06,50.0,51.6,*61
$GPNVS,10,1,0,0,+60,+60,2,100,0.5,1,9,30,1,+0,1.0,20,-14,1,2,9175,,,,*69
$GPNVS,15,0,0,0000,2400,2400.00,00000000,0.00,0.00,0.00,0.00,-9999,999*4E
$GPNVS,1,160119,031026,A,N,60,N,0x00000,0x03,0x00,1,N*26
$GPNVS,2,160119,031026,0.00,0.00,0.00,0.00,0.00,0.00,0.00,0.00,*66
$GPNVS,3,160119,031026,0.00,0.00,0.00,0.00,,0.00,0,0,1,+38.06,*40
$GPNVS,4,160119,031026,0.00,0.00,,,,,,,*60
$GPNVS,5,160119,031026,5C9,0,0,+38.06,00000,00000,*26
$GPNVS,6,0,A,1,0x00000,0x03,,0x00,00,,0x00000,,*05
$GPNVS,7,160119,031026,A,72,0x00,0,11,1,581481,+4.27,-4.11*6C
$GPNVS,9,+10000000.001,+2.77272,+10000000.05,15,+0.019,+0.37,,+38.06,50.0,50.3,*62
$GPNVS,10,1,0,0,+55,+55,2,100,0.5,1,9,30,1,+0,1.0,20,-14,1,2,9170,,,,*6C
$GPNVS,15,0,0,0000,2400,2400.00,00000000,0.00,0.00,0.00,0.00,-9999,999*4E
$GPNVS,1,160120,031026,A,N,60,N,0x00000,0x03,0x00,1,N*2C
$GPNVS,2,160120,031026,0.00,0.00,0.00,0.00,0.00,0.00,0.00,0.00,*6C
$GPNVS,3,160120,031026,0.00,0.00,0.00,0.00,,0.00,0,0,1,+38.06,*4A
$GPNVS,4,160120,031026,0.00,0.00,,,,,,,*6A
$GPNVS,5,160120,031026,5C9,0,0,+38.06,00000,00000,*2C
$GPNVS,6,0,A,1,0x00000,0x03,,0x00,00,,0x00000,,*05
$GPNVS,7,160120,031026,A,72,0x00,0,12,0,581481,+4.27,-4.11*64
$GPNVS,9,+10000000.001,+2.77272,+9999999.949,15,+0.019,+0.37,,+38.06,50.0,49.6,*66
$GPNVS,10,1,0,0,+60,+55,2,100,0.5,1,9,30,1,+0,1.0,20,-14,1,2,9165,,,,*6E
$GPNVS,15,0,0,0000,2400,2400.00,00000000,0.00,0.00,0.00,0.00,-9999,999*4E
$GPNVS,99,,,*5C
$GPNVS,1,160121,031026,A,N,60,N,0x00000,0x03,0x00,1,N*2D
$GPNVS,2,160121,031026,0.00,0.00,0.00,0.00,0.00,0.00,0.00,0.00,*6D
$GPNVS,3,160121,031026,0.00,0.00,0.00,0.00,,0.00,0,0,1,+38.06,*4B
$GPNVS,4,160121,031026,0.00,0.00,,,,,,,*6B
$GPNVS,5,160121,031026,5C9,0,0,+38.06,00000,00000,*2D
$GPNVS,6,0,A,1,0x00000,0x03,,0x00,00,,0x00000,,*05
$GPNVS,7,160121,031026,A,72,0x00,0,11,0,581481,+4.28,-4.11*69
$GPNVS,9,+10000000.000,+2.77272,+10000000.05,15,+0.019,+0.37,,+38.06,50.0,49.3,*6B
$GPNVS,10,1,0,0,+55,+55,2,100,0.5,1,9,30,1,+0,1.0,20,-14,1,2,9160,,,,*6D
$GPNVS,15,0,0,0000,2400,2400.00,00000000,0.00,0.00,0.00,0.00,-9999,999*4E
$GPNVS,1,160122,031026,A,N,60,N,0x00000,0x03,0x00,1,N*2E
$GPNVS,2,160122,031026,0.00,0.00,0.00,0.00,0.00,0.00,0.00,0.00,*6E
$GPNVS,3,160122,031026,0.00,0.00,0.00,0.00,,0.00,0,0,1,+38.06,*48
$GPNVS,4,160122,031026,0.00,0.00,,,,,,,*68
$GPNVS,5,160122,031026,5C9,0,0,+38.06,00000,00000,*2E
$GPNVS,6,0,A,1,0x00000,0x03,,0x00,00,,0x00000,,*05
$GPNVS,7,160122,031026,A,72,0x00,0,11,0,581481,+4.27,-4.11*65
$GPNVS,9,+10000000.001,+2.77272,+10000000.00,15,+0.019,+0.37,,+38.06,50.0,50.6,*62
$GPNVS,10,1,0,0,+55,+55,2,100,0.5,1,9,30,1,-1,1.0,20,-14,1,2,9155,,,,*6C
$GPNVS,15,0,0,0000,2400,2400.00,00000000,0.00,0.00,0.00,0.00,-9999,999*4E
$GPNVS,1,160123,031026,A,N,60,N,0x00000,0x03,0x00,1,N*2F
$GPNVS,2,160123,031026,0.00,0.00,0.00,0.00,0.00,0.00,0.00,0.00,*6F
$GPNVS,3,160123,031026,0.00,0.00,0.00,0.00,,0.00,0,0,1,+38.06,*49
$GPNVS,4,160123,031026,0.00,0.00,,,,,,,*69
$GPNVS,5,160123,031026,5C9,0,0,+38.06,00000,00000,*2F
$GPNVS,6,0,A,1,0x00000,0x03,,0x00,00,,0x00000,,*05
$GPNVS,7,160123,031026,A,72,0x00,0,12,0,581481,+4.28,-4.11*68
$GPNVS,9,+10000000.000,+2.77272,+9999999.949,15,+0.019,+0.37,,+38.06,50.0,50.0,*69
$GPNVS,10,1,0,0,+60,+55,2,100,0.5,1,9,30,1,+0,1.0,20,-14,1,2,9150,,,,*68
$GPNVS,15,0,0,0000,2400,2400.00,00000000,0.00,0.00,0.00,0.00,-9999,999*4E
$GPNVS,1,160124,031026,A,N,60,N,0x00000,0x03,0x00,1,N*28
$GPNVS,2,160124,031026,0.00,0.00,0.00,0.00,0.00,0.00,0.00,0.00,*68
$GPNVS,3,160124,031026,0.00,0.00,0.00,0.00,,0.00,0,0,1,+38.06,*4E
$GPNVS,4,160124,031026,0.00,0.00,,,,,,,*6E
$GPNVS,5,160124,031026,5C9,0,0,+38.06,00000,00000,*28
$GPNVS,6,0,A,1,0x00000,0x03,,0x00,00,,0x00000,,*05
$GPNVS,7,160124,031026,A,72,0x00,0,11,0,581481,+4.28,-4.11*6C
$GPNVS,9,+10000000.000,+2.77272,+10000000.05,15,+0.019,+0.37,,+38.06,50.0,50.0,*60
$GPNVS,10,1,0,0,+55,+55,2,100,0.5,1,9,30,1,-1,1.0,20,-14,1,2,9145,,,,*6D
$GPNVS,15,0,0,0000,2400,2400.00,00000000,0.00,0.00,0.00,0.00,-9999,999*4E
$GPNVS,1,160125,031026,A,N,60,N,0x00000,0x03,0x00,1,N*29
$GPNVS,2,160125,031026,0.00,0.00,0.00,0.00,0.00,0.00,0.00,0.00,*69
$GPNVS,3,160125,031026,0.00,0.00,0.00,0.00,,0.00,0,0,1,+38.06,*4F
$GPNVS,4,160125,031026,0.00,0.00,,,,,,,*6F
$GPNVS,5,160125,031026,5C9,0,0,+38.06,00000,00000,*29
$GPNVS,6,0,A,1,0x00000,0x03,,0x00,00,,0x00000,,*05
$GPNVS,7,160125,031026,A,72,0x00,0,12,0,581481,+4.28,-4.11*6E
$GPNVS,9,+10000000.000,+2.77272,+9999999.949,15,+0.019,+0.37,,+38.06,50.0,50.0,*69
$GPNVS,10,1,0,0,+60,+55,2,100,0.5,1,9,30,1,-1,1.0,20,+2,1,2,9140,,,,*5F
$GPNVS,15,0,0,0000,2400,2400.00,00000000,0.00,0.00,0.00,0.00,+9999,999*48
$GPNVS,1,160126,031026,A,N,60,N,0x00000,0x03,0x00,1,N*2A
$GPNVS,2,160126,031026,0.00,0.00,0.00,0.00,0.00,0.00,0.00,0.00,*6A
$GPNVS,3,160126,031026,0.00,0.00,0.00,0.00,,0.00,0,0,1,+38.06,*4C
$GPNVS,4,160126,031026,0.00,0.00,,,,,,,*6C
$GPNVS,5,160126,031026,5C9,0,0,+38.06,00000,00000,*2A
$GPNVS,6,0,A,1,0x00000,0x03,,0x00,00,,0x00000,,*05
$GPNVS,7,160126,031026,A,72,0x00,0,11,0,581481,+4.28,-4.11*6E
$GPNVS,9,+10000000.001,+2.77272,+10000000.05,15,+0.019,+0.37,,+38.06,50.0,50.0,*61
$GPNVS,10,1,0,0,+55,+55,2,100,0.5,1,9,30,1,-1,1.0,20,+2,1,2,9135,,,,*5B
$GPNVS,15,0,0,0000,2400,2400.00,00000000,0.00,0.00,0.00,0.00,+9999,999*48
$GPNVS,1,160127,031026,A,N,60,N,0x00000,0x03,0x00,1,N*2B
$GPNVS,2,160127,031026,0.00,0.00,0.00,0.00,0.00,0.00,0.00,0.00,*6B
$GPNVS,3,160127,031026,0.00,0.00,0.00,0.00,,0.00,0,0,1,+37.74,*47
$GPNVS,4,160127,031026,0.00,0.00,,,,,,,*6D
$GPNVS,5,160127,031026,5C9,0,0,+37.74,00000,00000,*21
$GPNVS,6,0,A,1,0x00000,0x03,,0x00,00,,0x00000,,*05
$GPNVS,7,160127,031026,A,72,0x00,0,11,0,581481,+4.27,-4.11*60
$GPNVS,9,+10000000.000,+2.77272,+10000000.00,15,+0.019,+0.37,,+37.74,50.0,49.6,*61
$GPNVS,10,1,0,0,+55,+55,2,100,0.5,1,9,30,1,-1,1.0,20,+2,1,2,9130,,,,*5E
$GPNVS,15,0,0,0000,2400,2400.00,00000000,0.00,0.00,0.00,0.00,+9999,999*48
$GPNVS,1,160128,031026,A,N,60,N,0x00000,0x03,0x00,1,N*24
$GPNVS,2,160128,031026,0.00,0.00,0.00,0.00,0.00,0.00,0.00,0.00,*64
$GPNVS,3,160128,031026,0.00,0.00,0.00,0.00,,0.00,0,0,1,+37.74,*48
$GPNVS,4,160128,031026,0.00,0.00,,,,,,,*62
$GPNVS,5,160128,031026,5C9,0,0,+37.74,00000,00000,*2E
$GPNVS,6,0,A,1,0x00000,0x03,,0x00,00,,0x00000,,*05
$GPNVS,7,160128,031026,A,72,0x00,0,10,0,581481,+4.27,-4.11*6E
$GPNVS,9,+10000000.001,+2.77272,+10000000.05,15,+0.019,+0.37,,+37.74,50.0,49.3,*60
$GPNVS,10,1,0,0,+50,+50,2,100,0.5,1,9,30,1,-1,1.0,20,+2,1,2,9125,,,,*5A
$GPNVS,15,0,0,0000,2400,2400.00,00000000,0.00,0.00,0.00,0.00,+9999,999*48
$GPNVS,1,160129,031026,A,N,60,N,0x00000,0x03,0x00,1,N*25
$GPNVS,2,160129,031026,0.00,0.00,0.00,0.00,0.00,0.00,0.00,0.00,*65
$GPNVS,3,160129,031026,0.00,0.00,0.00,0.00,,0.00,0,0,1,+37.74,*49
$GPNVS,4,160129,031026,0.00,0.00,,,,,,,*63
$GPNVS,5,160129,031026,5C9,0,0,+37.74,00000,00000,*2F
$GPNVS,6,0,A,1,0x00000,0x03,,0x00,00,,0x00000,,*05
$GPNVS,7,160129,031026,A,72,0x00,0,11,0,581481,+4.28,-4.11*61
$GPNVS,9,+10000000.001,+2.77272,+9999999.949,15,+0.019,+0.37,,+37.74,50.0,49.6,*6C
$GPNVS,10,1,0,0,+55,+50,2,100,0.5,1,9,30,1,-1,1.0,20,+2,1,2,9120,,,,*5A
$GPNVS,15,0,0,0000,2400,2400.00,00000000,0.00,0.00,0.00,0.00,+9999,999*48
$GPNVS,1,160130,031026,A,N,60,N,0x00000,0x03,0x00,1,N*2D
$GPNVS,2,160130,031026,0.00,0.00,0.00,0.00,0.00,0.00,0.00,0.00,*6D
$GPNVS,3,160130,031026,0.00,0.00,0.00,0.00,,0.00,0,0,1,+37.74,*41
$GPNVS,4,160130,031026,0.00,0.00,,,,,,,*6B
$GPNVS,5,160130,031026,5C9,0,0,+37.74,00000,00000,*27
$GPNVS,6,0,A,1,0x00000,0x03,,0x00,00,,0x00000,,*05
$GPNVS,7,160130,031026,A,72,0x00,0,12,1,581482,+4.27,-4.11*67
$GPNVS,9,+9999999.9989,+2.77272,+9999999.949,15,+0.019,+0.37,,+37.74,50.0,49.6,*64
$GPNVS,10,1,0,0,+60,+55,2,100,0.5,1,9,30,1,-1,1.0,20,+2,1,2,9115,,,,*5F
$GPNVS,15,0,0,0000,2400,2400.00,00000000,0.00,0.00,0.00,0.00,+9999,999*48
$GPNVS,1,160131,031026,A,N,60,N,0x00000,0x03,0x00,1,N*2C
$GPNVS,2,160131,031026,0.00,0.00,0.00,0.00,0.00,0.00,0.00,0.00,*6C
$GPNVS,3,160131,031026,0.00,0.00,0.00,0.00,,0.00,0,0,1,+38.06,*4A
$GPNVS,4,160131,031026,0.00,0.00,,,,,,,*6A
$GPNVS,5,160131,031026,5C9,0,0,+38.06,00000,00000,*2C
$GPNVS,6,0,A,1,0x00000,0x03,,0x00,00,,0x00000,,*05
$GPNVS,7,160131,031026,A,72,0x00,0,11,0,581482,+4.27,-4.11*64
$GPNVS,9,+10000000.000,+2.77272,+10000000.05,15,+0.019,+0.37,,+38.06,50.0,50.0,*60
$GPNVS,10,1,0,0,+55,+55,2,100,0.5,1,9,30,1,-1,1.0,20,+2,1,2,9110,,,,*5C
$GPNVS,15,0,0,0000,2400,2400.00,00000000,0.00,0.00,0.00,0.00,+9999,999*48
$GPNVS,1,160132,031026,A,N,60,N,0x00000,0x03,0x00,1,N*2F
$GPNVS,2,160132,031026,0.00,0.00,0.00,0.00,0.00,0.00,0.00,0.00,*6F
$GPNVS,3,160132,031026,0.00,0.00,0.00,0.00,,0.00,0,0,1,+38.06,*49
$GPNVS,4,160132,031026,0.00,0.00,,,,,,,*69
$GPNVS,5,160132,031026,5C9,0,0,+38.06,00000,00000,*2F
$GPNVS,6,0,A,1,0x00000,0x03,,0x00,00,,0x00000,,*05
$GPNVS,7,160132,031026,A,72,0x00,0,12,0,581482,+4.28,-4.11*6B
$GPNVS,9,+10000000.000,+2.77272,+9999999.949,15,+0.019,+0.37,,+38.06,50.0,49.3,*62
$GPNVS,10,1,0,0,+60,+55,2,100,0.5,1,9,30,1,-1,1.0,20,+2,1,2,9105,,,,*5E
$GPNVS,15,0,0,0000,2400,2400.00,00000000,0.00,0.00,0.00,0.00,+9999,999*48
$GPNVS,1,160133,031026,A,N,60,N,0x00000,0x03,0x00,1,N*2E
$GPNVS,2,160133,031026,0.00,0.00,0.00,0.00,0.00,0.00,0.00,0.00,*6E
$GPNVS,3,160133,031026,0.00,0.00,0.00,0.00,,0.00,0,0,1,+38.06,*48
$GPNVS,4,160133,031026,0.00,0.00,,,,,,,*68
$GPNVS,5,160133,031026,5C9,0,0,+38.06,00000,00000,*2E
$GPNVS,6,0,A,1,0x00000,0x03,,0x00,00,,0x00000,,*05
$GPNVS,7,160133,031026,A,72,0x00,0,11,0,581482,+4.27,-4.11*66
$GPNVS,9,+10000000.000,+2.77272,+10000000.05,15,+0.019,+0.37,,+38.06,50.0,50.0,*60
$GPNVS,10,1,0,0,+55,+55,2,100,0.5,1,9,30,1,-1,1.0,20,+2,1,2,9100,,,,*5D
$GPNVS,15,0,0,0000,2400,2400.00,00000000,0.00,0.00,0.00,0.00,+9999,999*48
$GPNVS,1,160134,031026,A,N,60,N,0x00000,0x03,0x00,1,N*29
$GPNVS,2,160134,031026,0.00,0.00,0.00,0.00,0.00,0.00,0.00,0.00,*69
$GPNVS,3,160134,031026,0.00,0.00,0.00,0.00,,0.00,0,0,1,+38.06,*4F
$GPNVS,4,160134,031026,0.00,0.00,,,,,,,*6F
$GPNVS,5,160134,031026,5C9,0,0,+38.06,00000,00000,*29
$GPNVS,6,0,A,1,0x00000,0x03,,0x00,00,,0x00000,,*05
$GPNVS,7,160134,031026,A,72,0x00,0,11,0,581482,+4.28,-4.11*6E
$GPNVS,9,+10000000.000,+2.77272,+10000000.00,15,+0.019,+0.37,,+38.06,50.0,50.0,*65
$GPNVS,10,1,0,0,+55,+55,2,100,0.5,1,9,30,1,-1,1.0,20,+2,1,2,9095,,,,*50
$GPNVS,15,0,0,0000,2400,2400.00,00000000,0.00,0.00,0.00,0.00,+9999,999*48
$GPNVS,1,160135,031026,A,N,60,N,0x00000,0x03,0x00,1,N*28
$GPNVS,2,160135,031026,0.00,0.00,0.00,0.00,0.00,0.00,0.00,0.00,*68
$GPNVS,3,160135,031026,0.00,0.00,0.00,0.00,,0.00,0,0,1,+38.06,*4E
$GPNVS,4,160135,031026,0.00,0.00,,,,,,,*6E
$GPNVS,5,160135,031026,5C9,0,0,+38.06,00000,00000,*28
$GPNVS,6,0,A,1,0x00000,0x03,,0x00,00,,0x00000,,*05
$GPNVS,7,160135,031026,A,72,0x00,0,11,0,581482,+4.28,-4.11*6F
$GPNVS,9,+10000000.001,+2.77272,+10000000.00,15,+0.019,+0.37,,+38.06,50.0,50.3,*67
$GPNVS,10,1,0,0,+55,+55,2,100,0.5,1,9,30,1,+0,1.0,20,+2,1,2,9090,,,,*52
$GPNVS,15,0,0,0000,2400,2400.00,00000000,0.00,0.00,0.00,0.00,-9999,999*4E
$GPNVS,99,,,*5C
$GPNVS,1,160136,031026,A,N,60,N,0x00000,0x03,0x00,1,N*2B
$GPNVS,2,160136,031026,0.00,0.00,0.00,0.00,0.00,0.00,0.00,0.00,*6B
$GPNVS,3,160136,031026,0.00,0.00,0.00,0.00,,0.00,0,0,1,+38.06,*4D
$GPNVS,4,160136,031026,0.00,0.00,,,,,,,*6D
$GPNVS,5,160136,031026,5C9,0,0,+38.06,00000,00000,*2B
$GPNVS,6,0,A,1,0x00000,0x03,,0x00,00,,0x00000,,*05
$GPNVS,7,160136,031026,A,72,0x00,0,11,0,581482,+4.27,-4.11*63
$GPNVS,9,+10000000.000,+2.77272,+10000000.00,15,+0.019,+0.37,,+38.06,50.0,50.0,*65
$GPNVS,10,1,0,0,+55,+55,2,100,0.5,1,9,30,1,-1,1.0,20,-18,1,2,9085,,,,*6C
$GPNVS,15,0,0,0000,2400,2400.00,00000000,0.00,0.00,0.00,0.00,-9999,999*4E
$GPNVS,1,160137,031026,A,N,60,N,0x00000,0x03,0x00,1,N*2A
$GPNVS,2,160137,031026,0.00,0.00,0.00,0.00,0.00,0.00,0.00,0.00,*6A
$GPNVS,3,160137,031026,0.00,0.00,0.00,0.00,,0.00,0,0,1,+38.06,*4C
$GPNVS,4,160137,031026,0.00,0.00,,,,,,,*6C
$GPNVS,5,160137,031026,5C9,0,0,+38.06,00000,00000,*2A
$GPNVS,6,0,A,1,0x00000,0x03,,0x00,00,,0x00000,,*05
$GPNVS,7,160137,031026,A,72,0x00,0,11,0,581482,+4.28,-4.11*6D
$GPNVS,9,+10000000.001,+2.77272,+10000000.00,15,+0.019,+0.37,,+38.06,50.0,50.6,*62
$GPNVS,10,1,0,0,+55,+55,2,100,0.5,1,9,30,1,+0,1.0,20,-18,1,2,9080,,,,*6E
$GPNVS,15,0,0,0000,2400,2400.00,00000000,0.00,0.00,0.00,0.00,-9999,999*4E
$GPNVS,1,160138,031026,A,N,60,N,0x00000,0x03,0x00,1,N*25
$GPNVS,2,160138,031026,0.00,0.00,0.00,0.00,0.00,0.00,0.00,0.00,*65
$GPNVS,3,160138,031026,0.00,0.00,0.00,0.00,,0.00,0,0,1,+38.06,*43
$GPNVS,4,160138,031026,0.00,0.00,,,,,,,*63
$GPNVS,5,160138,031026,5C9,0,0,+38.06,00000,00000,*25
$GPNVS,6,0,A,1,0x00000,0x03,,0x00,00,,0x00000,,*05
$GPNVS,7,160138,031026,A,72,0x00,0,11,0,581482,+4.27,-4.11*6D
$GPNVS,9,+10000000.002,+2.77272,+10000000.00,15,+0.019,+0.37,,+38.06,50.0,50.3,*64
$GPNVS,10,1,0,0,+55,+55,2,100,0.5,1,9,30,1,+0,1.0,20,-18,1,2,9075,,,,*64
$GPNVS,15,0,0,0000,2400,2400.00,00000000,0.00,0.00,0.00,0.00,-9999,999*4E
$GPNVS,1,160139,031026,A,N,60,N,0x00000,0x03,0x00,1,N*24
$GPNVS,2,160139,031026,0.00,0.00,0.00,0.00,0.00,0.00,0.00,0.00,*64
$GPNVS,3,160139,031026,0.00,0.00,0.00,0.00,,0.00,0,0,1,+38.06,*42
$GPNVS,4,160139,031026,0.00,0.00,,,,,,,*62
$GPNVS,5,160139,031026,5C9,0,0,+38.06,00000,00000,*24
$GPNVS,6,0,A,1,0x00000,0x03,,0x00,00,,0x00000,,*05
$GPNVS,7,160139,031026,A,72,0x00,0,11,0,581482,+4.27,-4.11*6C
$GPNVS,9,+10000000.001,+2.77272,+10000000.00,15,+0.019,+0.37,,+38.06,50.0,50.6,*62
$GPNVS,10,1,0,0,+55,+55,2,100,0.5,1,9,30,1,+0,1.0,20,-18,1,2,9070,,,,*61
$GPNVS,15,0,0,0000,2400,2400.00,00000000,0.00,0.00,0.00,0.00,-9999,999*4E
$GPNVS,1,160140,031026,A,N,60,N,0x00000,0x03,0x00,1,N*2A
$GPNVS,2,160140,031026,0.00,0.00,0.00,0.00,0.00,0.00,0.00,0.00,*6A
$GPNVS,3,160140,031026,0.00,0.00,0.00,0.00,,0.00,0,0,1,+38.06,*4C
$GPNVS,4,160140,031026,0.00,0.00,,,,,,,*6C
$GPNVS,5,160140,031026,5C9,0,0,+38.06,00000,00000,*2A
$GPNVS,6,0,A,1,0x00000,0x03,,0x00,00,,0x00000,,*05
$GPNVS,7,160140,031026,A,72,0x00,0,11,0,581482,+4.27,-4.11*62
$GPNVS,9,+10000000.002,+2.77272,+10000000.00,15,+0.019,+0.37,,+38.06,50.0,49.6,*69
$GPNVS,10,1,0,0,+55,+55,2,100,0.5,1,9,30,1,+0,1.0,20,-18,1,2,9065,,,,*65
$GPNVS,15,0,0,0000,2400,2400.00,00000000,0.00,0.00,0.00,0.00,-9999,999*4E
$GPNVS,1,160141,031026,A,N,60,N,0x00000,0x03,0x00,1,N*2B
$GPNVS,2,160141,031026,0.00,0.00,0.00,0.00,0.00,0.00,0.00,0.00,*6B
$GPNVS,3,160141,031026,0.00,0.00,0.00,0.00,,0.00,0,0,1,+38.06,*4D
$GPNVS,4,160141,031026,0.00,0.00,,,,,,,*6D
$GPNVS,5,160141,031026,5C9,0,0,+38.06,00000,00000,*2B
$GPNVS,6,0,A,1,0x00000,0x03,,0x00,00,,0x00000,,*05
$GPNVS,7,160141,031026,A,72,0x00,0,11,-1,581481,+4.27,-4.11*4C
$GPNVS,9,+10000000.003,+2.77272,+10000000.00,15,+0.019,+0.37,,+38.06,50.0,50.0,*66
$GPNVS,10,1,0,0,+55,+55,2,100,0.5,1,9,30,1,+0,1.0,20,-18,1,2,9060,,,,*60
$GPNVS,15,0,0,0000,2400,2400.00,00000000,0.00,0.00,0.00,0.00,-9999,999*4E
$GPNVS,1,160142,031026,A,N,60,N,0x00000,0x03,0x00,1,N*28
$GPNVS,2,160142,031026,0.00,0.00,0.00,0.00,0.00,0.00,0.00,0.00,*68
$GPNVS,3,160142,031026,0.00,0.00,0.00,0.00,,0.00,0,0,1,+38.06,*4E
$GPNVS,4,160142,031026,0.00,0.00,,,,,,,*6E
$GPNVS,5,160142,031026,5C9,0,0,+38.06,00000,00000,*28
$GPNVS,6,0,A,1,0x00000,0x03,,0x00,00,,0x00000,,*05
$GPNVS,7,160142,031026,A,72,0x00,0,10,0,581481,+4.27,-4.11*62
$GPNVS,9,+10000000.003,+2.77272,+10000000.05,15,+0.019,+0.37,,+38.06,50.0,50.0,*63
$GPNVS,10,1,0,0,+50,+50,2,100,0.5,1,9,30,1,+0,1.0,20,-18,1,2,9055,,,,*66
$GPNVS,15,0,0,0000,2400,2400.00,00000000,0.00,0.00,0.00,0.00,-9999,999*4E
$GPNVS,1,160143,031026,A,N,60,N,0x00000,0x03,0x00,1,N*29
$GPNVS,2,160143,031026,0.00,0.00,0.00,0.00,0.00,0.00,0.00,0.00,*69
$GPNVS,3,160143,031026,0.00,0.00,0.00,0.00,,0.00,0,0,1,+38.06,*4F
$GPNVS,4,160143,031026,0.00,0.00,,,,,,,*6F
$GPNVS,5,160143,031026,5C9,0,0,+38.06,00000,00000,*29
$GPNVS,6,0,A,1,0x00000,0x03,,0x00,00,,0x00000,,*05
$GPNVS,7,160143,031026,A,72,0x00,0,11,0,581481,+4.28,-4.11*6D
$GPNVS,9,+10000000.002,+2.77272,+9999999.949,15,+0.019,+0.37,,+38.06,50.0,50.0,*6B
$GPNVS,10,1,0,0,+55,+50,2,100,0.5,1,9,30,1,+0,1.0,20,-18,1,2,9050,,,,*66
$GPNVS,15,0,0,0000,2400,2400.00,00000000,0.00,0.00,0.00,0.00,-9999,999*4E
$GPNVS,1,160144,031026,A,N,60,N,0x00000,0x03,0x00,1,N*2E
$GPNVS,2,160144,031026,0.00,0.00,0.00,0.00,0.00,0.00,0.00,0.00,*6E
$GPNVS,3,160144,031026,0.00,0.00,0.00,0.00,,0.00,0,0,1,+38.06,*48
$GPNVS,4,160144,031026,0.00,0.00,,,,,,,*68
$GPNVS,5,160144,031026,5C9,0,0,+38.06,00000,00000,*2E
$GPNVS,6,0,A,1,0x00000,0x03,,0x00,00,,0x00000,,*05
$GPNVS,7,160144,031026,A,72,0x00,0,10,0,581481,+4.28,-4.11*6B
$GPNVS,9,+10000000.002,+2.77272,+10000000.05,15,+0.019,+0.37,,+38.06,50.0,50.0,*62
$GPNVS,10,1,0,0,+50,+50,2,100,0.5,1,9,30,1,+0,1.0,20,-18,1,2,9045,,,,*67
$GPNVS,15,0,0,0000,2400,2400.00,00000000,0.00,0.00,0.00,0.00,-9999,999*4E
$GPNVS,1,160145,031026,A,N,60,N,0x00000,0x03,0x00,1,N*2F
$GPNVS,2,160145,031026,0.00,0.00,0.00,0.00,0.00,0.00,0.00,0.00,*6F
$GPNVS,3,160145,031026,0.00,0.00,0.00,0.00,,0.00,0,0,1,+38.06,*49
$GPNVS,4,160145,031026,0.00,0.00,,,,,,,*69
$GPNVS,5,160145,031026,5C9,0,0,+38.06,00000,00000,*2F
$GPNVS,6,0,A,1,0x00000,0x03,,0x00,00,,0x00000,,*05
$GPNVS,7,160145,031026,A,72,0x00,0,11,0,581481,+4.27,-4.11*64
$GPNVS,9,+10000000.002,+2.77272,+9999999.949,15,+0.019,+0.37,,+38.06,50.0,50.9,*62
$GPNVS,10,1,0,0,+55,+50,2,100,0.5,1,9,30,1,+0,1.0,20,-18,1,2,9040,,,,*67
$GPNVS,15,0,0,0000,2400,2400.00,00000000,0.00,0.00,0.00,0.00,-9999,999*4E
$GPNVS,1,160146,031026,A,N,60,N,0x00000,0x03,0x00,1,N*2C
$GPNVS,2,160146,031026,0.00,0.00,0.00,0.00,0.00,0.00,0.00,0.00,*6C
$GPNVS,3,160146,031026,0.00,0.00,0.00,0.00,,0.00,0,0,1,+38.06,*4A
$GPNVS,4,160146,031026,0.00,0.00,,,,,,,*6A
$GPNVS,5,160146,031026,5C9,0,0,+38.06,00000,00000,*2C
$GPNVS,6,0,A,1,0x00000,0x03,,0x00,00,,0x00000,,*05
$GPNVS,7,160146,031026,A,72,0x00,0,11,0,581481,+4.27,-4.11*67
$GPNVS,9,+10000000.002,+2.77272,+10000000.00,15,+0.019,+0.37,,+38.06,50.0,50.6,*61
$GPNVS,10,1,0,0,+55,+55,2,100,0.5,1,9,30,1,+0,1.0,20,+18,1,2,9035,,,,*66
$GPNVS,15,0,0,0000,2400,2400.00,00000000,0.00,0.00,0.00,0.00,+9999,999*48
$GPNVS,1,160147,031026,A,N,60,N,0x00000,0x03,0x00,1,N*2D
$GPNVS,2,160147,031026,0.00,0.00,0.00,0.00,0.00,0.00,0.00,0.00,*6D
$GPNVS,3,160147,031026,0.00,0.00,0.00,0.00,,0.00,0,0,1,+38.06,*4B
$GPNVS,4,160147,031026,0.00,0.00,,,,,,,*6B
$GPNVS,5,160147,031026,5C9,0,0,+38.06,00000,00000,*2D
$GPNVS,6,0,A,1,0x00000,0x03,,0x00,00,,0x00000,,*05
$GPNVS,7,160147,031026,A,72,0x00,-12,10,0,581481,+4.27,-4.11*79
$GPNVS,9,+10000000.002,+2.77272,+10000000.05,15,+0.019,+0.37,,+38.06,50.0,50.9,*6B
$GPNVS,10,1,0,0,+50,+50,2,100,0.5,1,9,30,1,+0,1.0,20,+18,1,2,9030,,,,*63
$GPNVS,15,0,0,0000,2400,2400.00,00000000,0.00,0.00,0.00,0.00,+9999,999*48
$GPNVS,1,160148,031026,A,N,60,N,0x00000,0x03,0x00,1,N*22
$GPNVS,2,160148,031026,0.00,0.00,0.00,0.00,0.00,0.00,0.00,0.00,*62
$GPNVS,3,160148,031026,0.00,0.00,0.00,0.00,,0.00,0,0,1,+38.06,*44
$GPNVS,4,160148,031026,0.00,0.00,,,,,,,*64
$GPNVS,5,160148,031026,5C9,0,0,+38.06,00000,00000,*22
$GPNVS,6,0,A,1,0x00000,0x03,,0x00,00,,0x00000,,*05
$GPNVS,7,160148,031026,A,72,0x00,-12,9,0,581481,+4.28,-4.11*41
$GPNVS,9,+10000000.004,+2.77272,+10000000.05,15,+0.019,+0.37,,+38.06,50.0,50.3,*67
$GPNVS,10,1,0,0,+45,+45,2,100,0.5,1,9,30,1,-1,1.0,20,+18,1,2,9025,,,,*60
$GPNVS,15,0,0,0000,2400,2400.00,00000000,0.00,0.00,0.00,0.00,+9999,999*48
$GPNVS,1,160149,031026,A,N,60,N,0x00000,0x03,0x00,1,N*23
$GPNVS,2,160149,031026,0.00,0.00,0.00,0.00,0.00,0.00,0.00,0.00,*63
$GPNVS,3,160149,031026,0.00,0.00,0.00,0.00,,0.00,0,0,1,+38.06,*45
$GPNVS,4,160149,031026,0.00,0.00,,,,,,,*65
$GPNVS,5,160149,031026,5C9,0,0,+38.06,00000,00000,*23
$GPNVS,6,0,A,1,0x00000,0x03,,0x00,00,,0x00000,,*05
$GPNVS,7,160149,031026,A,72,0x00,-12,11,0,581481,+4.27,-4.11*76
$GPNVS,9,+10000000.001,+2.77272,+9999999.900,15,+0.019,+0.37,,+38.06,50.0,50.3,*66
$GPNVS,10,1,0,0,+55,+50,2,100,0.5,1,9,30,1,+0,1.0,20,+18,1,2,9020,,,,*67
$GPNVS,15,0,0,0000,2400,2400.00,00000000,0.00,0.00,0.00,0.00,+9999,999*48
$GPNVS,1,160150,031026,A,N,60,N,0x00000,0x03,0x00,1,N*2B
$GPNVS,2,160150,031026,0.00,0.00,0.00,0.00,0.00,0.00,0.00,0.00,*6B
$GPNVS,3,160150,031026,0.00,0.00,0.00,0.00,,0.00,0,0,1,+38.06,*4D
$GPNVS,4,160150,031026,0.00,0.00,,,,,,,*6D
$GPNVS,5,160150,031026,5C9,0,0,+38.06,00000,00000,*2B
$GPNVS,6,0,A,1,0x00000,0x03,,0x00,00,,0x00000,,*05
$GPNVS,7,160150,031026,A,72,0x00,-12,11,0,581481,+4.27,-4.11*7E
$GPNVS,9,+10000000.001,+2.77272,+10000000.00,15,+0.019,+0.37,,+38.06,50.0,50.0,*64
$GPNVS,10,1,0,0,+55,+55,2,100,0.5,1,9,30,1,+0,1.0,20,+18,1,2,9015,,,,*64
$GPNVS,15,0,0,0000,2400,2400.00,00000000,0.00,0.00,0.00,0.00,+9999,999*48
$GPNVS,99,,,*5C
$GPNVS,1,160151,031026,A,N,62,N,0x00000,0x03,0x00,1,N*28
$GPNVS,2,160151,031026,0.00,0.00,0.00,0.00,0.00,0.00,0.00,0.00,*6A
$GPNVS,3,160151,031026,0.00,0.00,0.00,0.00,,0.00,0,0,1,+38.06,*4C
$GPNVS,4,160151,031026,0.00,0.00,,,,,,,*6C
$GPNVS,5,160151,031026,5C9,0,0,+38.06,00000,00000,*2A
$GPNVS,6,0,A,1,0x00000,0x03,,0x00,00,,0x00000,,*05
$GPNVS,7,160151,031026,A,72,0x00,-12,11,0,581481,+4.27,-4.11*7F
$GPNVS,9,+10000000.002,+2.77272,+10000000.00,15,+0.019,+0.37,,+38.06,50.0,50.0,*67
$GPNVS,10,1,0,0,+55,+55,2,100,0.5,1,9,30,1,+0,1.0,20,+18,1,2,9010,,,,*61
$GPNVS,15,0,0,0000,2400,2400.00,00000000,0.00,0.00,0.00,0.00,+9999,999*48
$GPNVS,1,160152,031026,A,N,62,N,0x00000,0x03,0x00,1,N*2B
$GPNVS,2,160152,031026,0.00,0.00,0.00,0.00,0.00,0.00,0.00,0.00,*69
$GPNVS,3,160152,031026,0.00,0.00,0.00,0.00,,0.00,0,0,1,+38.06,*4F
$GPNVS,4,160152,031026,0.00,0.00,,,,,,,*6F
$GPNVS,5,160152,031026,5C9,0,0,+38.06,00000,00000,*29
$GPNVS,6,0,A,1,0x00000,0x03,,0x00,00,,0x00000,,*05
$GPNVS,7,160152,031026,A,72,0x00,-12,13,0,581481,+4.27,-4.11*7E
$GPNVS,9,+9999999.9989,+2.77272,+9999999.900,15,+0.019,+0.37,,+38.06,50.0,50.3,*6E
$GPNVS,10,1,0,0,+65,+60,2,100,0.5,1,9,30,1,+0,1.0,20,+18,1,2,9005,,,,*60
$GPNVS,15,0,0,0000,2400,2400.00,00000000,0.00,0.00,0.00,0.00,+9999,999*48
$GPNVS,1,160153,031026,A,N,62,N,0x00000,0x03,0x00,1,N*2A
$GPNVS,2,160153,031026,0.00,0.00,0.00,0.00,0.00,0.00,0.00,0.00,*68
$GPNVS,3,160153,031026,0.00,0.00,0.00,0.00,,0.00,0,0,1,+38.06,*4E
$GPNVS,4,160153,031026,0.00,0.00,,,,,,,*6E
$GPNVS,5,160153,031026,5C9,0,0,+38.06,00000,00000,*28
$GPNVS,6,0,A,1,0x00000,0x03,,0x00,00,,0x00000,,*05
$GPNVS,7,160153,031026,A,73,0x00,-12,12,0,581481,+4.28,-4.11*70
$GPNVS,9,+10000000.000,+2.77272,+10000000.05,15,+0.019,+0.37,,+38.06,50.0,50.0,*60
$GPNVS,10,1,0,0,+60,+60,2,100,0.5,1,9,30,1,+0,1.0,20,+18,1,2,9000,,,,*60
$GPNVS,15,0,0,0000,2400,2400.00,00000000,0.00,0.00,0.00,0.00,+9999,999*48
$GPNVS,1,160154,031026,A,N,62,N,0x00000,0x03,0x00,1,N*2D
$GPNVS,2,160154,031026,0.00,0.00,0.00,0.00,0.00,0.00,0.00,0.00,*6F
$GPNVS,3,160154,031026,0.00,0.00,0.00,0.00,,0.00,0,0,1,+38.06,*49
$GPNVS,4,160154,031026,0.00,0.00,,,,,,,*69
$GPNVS,5,160154,031026,5C9,0,0,+38.06,00000,00000,*2F
$GPNVS,6,0,A,1,0x00000,0x03,,0x00,00,,0x00000,,*05
$GPNVS,7,160154,031026,A,73,0x00,-12,12,0,581481,+4.28,-4.11*77
$GPNVS,9,+10000000.001,+2.77272,+10000000.00,15,+0.019,+0.37,,+38.06,50.0,50.3,*67
$GPNVS,10,1,0,0,+60,+60,2,100,0.5,1,9,30,1,+0,1.0,20,+18,1,2,8995,,,,*64
$GPNVS,15,0,0,0000,2400,2400.00,00000000,0.00,0.00,0.00,0.00,+9999,999*48
$GPNVS,1,160155,031026,A,N,62,N,0x00000,0x03,0x00,1,N*2C
$GPNVS,2,160155,031026,0.00,0.00,0.00,0.00,0.00,0.00,0.00,0.00,*6E
$GPNVS,3,160155,031026,0.00,0.00,0.00,0.00,,0.00,0,0,1,+38.06,*48
$GPNVS,4,160155,031026,0.00,0.00,,,,,,,*68
$GPNVS,5,160155,031026,5C9,0,0,+38.06,00000,00000,*2E
$GPNVS,6,0,A,1,0x00000,0x03,,0x00,00,,0x00000,,*05
$GPNVS,7,160155,031026,A,73,0x00,-12,12,0,581481,+4.27,-4.11*79
$GPNVS,9,+10000000.000,+2.77272,+10000000.00,15,+0.019,+0.37,,+38.06,50.0,50.0,*65
$GPNVS,10,1,0,0,+60,+60,2,100,0.5,1,9,30,1,+1,1.0,20,+18,1,2,8990,,,,*60
$GPNVS,15,0,0,0000,2400,2400.00,00000000,0.00,0.00,0.00,0.00,+9999,999*48
$GPNVS,1,160156,031026,A,N,62,N,0x00000,0x03,0x00,1,N*2F
$GPNVS,2,160156,031026,0.00,0.00,0.00,0.00,0.00,0.00,0.00,0.00,*6D
$GPNVS,3,160156,031026,0.00,0.00,0.00,0.00,,0.00,0,0,1,+38.06,*4B
$GPNVS,4,160156,031026,0.00,0.00,,,,,,,*6B
$GPNVS,5,160156,031026,5C9,0,0,+38.06,00000,00000,*2D
$GPNVS,6,0,A,1,0x00000,0x03,,0x00,00,,0x00000,,*05
$GPNVS,7,160156,031026,A,73,0x00,-12,13,0,581481,+4.28,-4.11*74
$GPNVS,9,+9999999.9989,+2.77272,+9999999.949,15,+0.019,+0.37,,+38.06,50.0,50.6,*66
$GPNVS,10,1,0,0,+65,+60,2,100,0.5,1,9,30,1,+1,1.0,20,+18,1,2,8985,,,,*61
$GPNVS,15,0,0,0000,2400,2400.00,00000000,0.00,0.00,0.00,0.00,+9999,999*48
$GPNVS,1,160157,031026,A,N,62,N,0x00000,0x03,0x00,1,N*2E
$GPNVS,2,160157,031026,0.00,0.00,0.00,0.00,0.00,0.00,0.00,0.00,*6C
$GPNVS,3,160157,031026,0.00,0.00,0.00,0.00,,0.00,0,0,1,+38.06,*4A
$GPNVS,4,160157,031026,0.00,0.00,,,,,,,*6A
$GPNVS,5,160157,031026,5C9,0,0,+38.06,00000,00000,*2C
$GPNVS,6,0,A,1,0x00000,0x03,,0x00,00,,0x00000,,*05
$GPNVS,7,160157,031026,A,73,0x00,-12,12,1,581482,+4.27,-4.11*79
$GPNVS,9,+10000000.001,+2.77272,+10000000.05,15,+0.019,+0.37,,+38.06,50.0,49.3,*6A
$GPNVS,10,1,0,0,+60,+60,2,100,0.5,1,9,30,1,+1,1.0,20,-2,1,2,8980,,,,*5C
$GPNVS,15,0,0,0000,2400,2400.00,00000000,0.00,0.00,0.00,0.00,-9999,999*4E
$GPNVS,1,160158,031026,A,N,62,N,0x00000,0x03,0x00,1,N*21
$GPNVS,2,160158,031026,0.00,0.00,0.00,0.00,0.00,0.00,0.00,0.00,*63
$GPNVS,3,160158,031026,0.00,0.00,0.00,0.00,,0.00,0,0,1,+38.06,*45
$GPNVS,4,160158,031026,0.00,0.00,,,,,,,*65
$GPNVS,5,160158,031026,5C9,0,0,+38.06,00000,00000,*23
$GPNVS,6,0,A,1,0x00000,0x03,,0x00,00,,0x00000,,*05
$GPNVS,7,160158,031026,A,73,0x00,-12,13,0,581482,+4.27,-4.11*76
$GPNVS,9,+9999999.9989,+2.77272,+9999999.949,15,+0.019,+0.37,,+38.06,50.0,50.3,*63
$GPNVS,10,1,0,0,+65,+60,2,100,0.5,1,9,30,1,+1,1.0,20,-2,1,2,8975,,,,*53
$GPNVS,15,0,0,0000,2400,2400.00,00000000,0.00,0.00,0.00,0.00,-9999,999*4E
$GPNVS,1,160159,031026,A,N,62,N,0x00000,0x03,0x00,1,N*20
$GPNVS,2,160159,031026,0.00,0.00,0.00,0.00,0.00,0.00,0.00,0.00,*62
$GPNVS,3,160159,031026,0.00,0.00,0.00,0.00,,0.00,0,0,1,+38.06,*44
$GPNVS,4,160159,031026,0.00,0.00,,,,,,,*64
$GPNVS,5,160159,031026,5C9,0,0,+38.06,00000,00000,*22
$GPNVS,6,0,A,1,0x00000,0x03,,0x00,00,,0x00000,,*05
$GPNVS,7,160159,031026,A,73,0x00,-12,13,1,581483,+4.28,-4.11*78
$GPNVS,9,+9999999.9989,+2.77272,+10000000.00,15,+0.019,+0.37,,+38.06,50.0,49.3,*67
$GPNVS,10,1,0,0,+65,+65,2,100,0.5,1,9,30,1,+1,1.0,20,-2,1,2,8970,,,,*53
$GPNVS,15,0,0,0000,2400,2400.00,00000000,0.00,0.00,0.00,0.00,-9999,999*4E
$GPNVS,1,160200,031026,A,N,62,N,0x00000,0x03,0x00,1,N*2F
$GPNVS,2,160200,031026,0.00,0.00,0.00,0.00,0.00,0.00,0.00,0.00,*6D
$GPNVS,3,160200,031026,0.00,0.00,0.00,0.00,,0.00,0,0,1,+38.06,*4B
$GPNVS,4,160200,031026,0.00,0.00,,,,,,,*6B
$GPNVS,5,160200,031026,5C9,0,0,+38.06,00000,00000,*2D
$GPNVS,6,0,A,1,0x00000,0x03,,0x00,00,,0x00000,,*05
$GPNVS,7,160200,031026,A,73,0x00,-12,12,0,581483,+4.27,-4.11*78
$GPNVS,9,+10000000.001,+2.77272,+10000000.05,15,+0.019,+0.37,,+38.06,50.0,51.6,*66
$GPNVS,10,1,0,0,+60,+60,2,100,0.5,1,9,30,1,+1,1.0,20,-2,1,2,8965,,,,*57
$GPNVS,15,0,0,0000,2400,2400.00,00000000,0.00,0.00,0.00,0.00,-9999,999*4E
$GPNVS,1,160201,031026,A,N,62,N,0x00000,0x03,0x00,1,N*2E
$GPNVS,2,160201,031026,0.00,0.00,0.00,0.00,0.00,0.00,0.00,0.00,*6C
$GPNVS,3,160201,031026,0.00,0.00,0.00,0.00,,0.00,0,0,1,+38.06,*4A
$GPNVS,4,160201,031026,0.00,0.00,,,,,,,*6A
$GPNVS,5,160201,031026,5C9,0,0,+38.06,00000,00000,*2C
$GPNVS,6,0,A,1,0x00000,0x03,,0x00,00,,0x00000,,*05
$GPNVS,7,160201,031026,A,73,0x00,-12,11,1,581484,+4.28,-4.11*73
$GPNVS,9,+10000000.001,+2.77273,+10000000.05,15,+0.019,+0.37,,+38.06,50.0,50.3,*63
$GPNVS,10,1,0,0,+55,+55,2,100,0.5,1,9,30,1,+2,1.0,20,-2,1,2,8960,,,,*51
$GPNVS,15,0,0,0000,2400,2400.00,00000000,0.00,0.00,0.00,0.00,-9999,999*4E
$GPNVS,1,160202,031026,A,N,62,N,0x00000,0x03,0x00,1,N*2D
$GPNVS,2,160202,031026,0.00,0.00,0.00,0.00,0.00,0.00,0.00,0.00,*6F
$GPNVS,3,160202,031026,0.00,0.00,0.00,0.00,,0.00,0,0,1,+38.06,*49
$GPNVS,4,160202,031026,0.00,0.00,,,,,,,*69
$GPNVS,5,160202,031026,5C9,0,0,+38.06,00000,00000,*2F
$GPNVS,6,0,A,1,0x00000,0x03,,0x00,00,,0x00000,,*05
$GPNVS,7,160202,031026,A,73,0x00,27,13,0,581484,+4.28,-4.11*58
$GPNVS,9,+9999999.9989,+2.77273,+9999999.900,15,+0.019,+0.37,,+38.06,50.0,50.6,*6A
$GPNVS,10,1,0,0,+65,+60,2,100,0.5,1,9,30,1,+2,1.0,20,-2,1,2,8955,,,,*52
$GPNVS,15,0,0,0000,2400,2400.00,00000000,0.00,0.00,0.00,0.00,-9999,999*4E
$GPNVS,1,160203,031026,A,N,62,N,0x00000,0x03,0x00,1,N*2C
$GPNVS,2,160203,031026,0.00,0.00,0.00,0.00,0.00,0.00,0.00,0.00,*6E
$GPNVS,3,160203,031026,0.00,0.00,0.00,0.00,,0.00,0,0,1,+38.06,*48
$GPNVS,4,160203,031026,0.00,0.00,,,,,,,*68
$GPNVS,5,160203,031026,5C9,0,0,+38.06,00000,00000,*2E
$GPNVS,6,0,A,1,0x00000,0x03,,0x00,00,,0x00000,,*05
$GPNVS,7,160203,031026,A,73,0x00,27,12,1,581485,+4.28,-4.11*58
$GPNVS,9,+10000000.000,+2.77273,+10000000.05,15,+0.019,+0.37,,+38.06,50.0,49.0,*69
$GPNVS,10,1,0,0,+60,+60,2,100,0.5,1,9,30,1,+1,1.0,20,-2,1,2,8950,,,,*51
$GPNVS,15,0,0,0000,2400,2400.00,00000000,0.00,0.00,0.00,0.00,-9999,999*4E
$GPNVS,1,160204,031026,A,N,62,N,0x00000,0x03,0x00,1,N*2B
$GPNVS,2,160204,031026,0.00,0.00,0.00,0.00,0.00,0.00,0.00,0.00,*69
$GPNVS,3,160204,031026,0.00,0.00,0.00,0.00,,0.00,0,0,1,+38.06,*4F
$GPNVS,4,160204,031026,0.00,0.00,,,,,,,*6F
$GPNVS,5,160204,031026,5C9,0,0,+38.06,00000,00000,*29
$GPNVS,6,0,A,1,0x00000,0x03,,0x00,00,,0x00000,,*05
$GPNVS,7,160204,031026,A,73,0x00,27,12,0,581485,+4.27,-4.11*51
$GPNVS,9,+9999999.9989,+2.77273,+10000000.00,15,+0.019,+0.37,,+38.06,50.0,49.3,*66
$GPNVS,10,1,0,0,+60,+60,2,100,0.5,1,9,30,1,+1,1.0,20,-2,1,2,8945,,,,*55
$GPNVS,15,0,0,0000,2400,2400.00,00000000,0.00,0.00,0.00,0.00,-9999,999*4E
$GPNVS,1,160205,031026,A,N,62,N,0x00000,0x03,0x00,1,N*2A
$GPNVS,2,160205,031026,0.00,0.00,0.00,0.00,0.00,0.00,0.00,0.00,*68
$GPNVS,3,160205,031026,0.00,0.00,0.00,0.00,,0.00,0,0,1,+38.06,*4E
$GPNVS,4,160205,031026,0.00,0.00,,,,,,,*6E
$GPNVS,5,160205,031026,5C9,0,0,+38.06,00000,00000,*28
$GPNVS,6,0,A,1,0x00000,0x03,,0x00,00,,0x00000,,*05
$GPNVS,7,160205,031026,A,73,0x00,27,11,1,581486,+4.27,-4.11*51
$GPNVS,9,+10000000.001,+2.77274,+10000000.05,15,+0.019,+0.37,,+38.06,50.0,49.3,*6C
$GPNVS,10,1,0,0,+55,+55,2,100,0.5,1,9,30,1,+1,1.0,20,-2,1,2,8940,,,,*50
$GPNVS,15,0,0,0000,2400,2400.00,00000000,0.00,0.00,0.00,0.00,-9999,999*4E
$GPNVS,99,,,*5C
$GPNVS,1,160206,031026,A,N,62,N,0x00000,0x03,0x00,1,N*29
$GPNVS,2,160206,031026,0.00,0.00,0.00,0.00,0.00,0.00,0.00,0.00,*6B
$GPNVS,3,160206,031026,0.00,0.00,0.00,0.00,,0.00,0,0,1,+38.06,*4D
$GPNVS,4,160206,031026,0.00,0.00,,,,,,,*6D
$GPNVS,5,160206,031026,5C9,0,0,+38.06,00000,00000,*2B
$GPNVS,6,0,A,1,0x00000,0x03,,0x00,00,,0x00000,,*05
$GPNVS,7,160206,031026,A,73,0x00,27,12,0,581486,+4.28,-4.11*5F
$GPNVS,9,+9999999.9989,+2.77274,+9999999.949,15,+0.019,+0.37,,+38.06,50.0,50.6,*60
$GPNVS,10,1,0,0,+60,+55,2,100,0.5,1,9,30,1,+1,1.0,20,-2,1,2,8935,,,,*54
$GPNVS,15,0,0,0000,2400,2400.00,00000000,0.00,0.00,0.00,0.00,-9999,999*4E
$GPNVS,1,160207,031026,A,N,62,N,0x00000,0x03,0x00,1,N*28
$GPNVS,2,160207,031026,0.00,0.00,0.00,0.00,0.00,0.00,0.00,0.00,*6A
$GPNVS,3,160207,031026,0.00,0.00,0.00,0.00,,0.00,0,0,1,+38.06,*4C
$GPNVS,4,160207,031026,0.00,0.00,,,,,,,*6C
$GPNVS,5,160207,031026,5C9,0,0,+38.06,00000,00000,*2A
$GPNVS,6,0,A,1,0x00000,0x03,,0x00,00,,0x00000,,*05
$GPNVS,7,160207,031026,A,73,0x00,27,12,1,581487,+4.27,-4.11*51
$GPNVS,9,+10000000.000,+2.77274,+10000000.00,15,+0.019,+0.37,,+38.06,50.0,49.6,*6D
$GPNVS,10,1,0,0,+60,+60,2,100,0.5,1,9,30,1,+1,1.0,20,-2,1,2,8930,,,,*57
$GPNVS,15,0,0,0000,2400,2400.00,00000000,0.00,0.00,0.00,0.00,-9999,999*4E
$GPNVS,1,160208,031026,A,N,62,N,0x00000,0x03,0x00,1,N*27
$GPNVS,2,160208,031026,0.00,0.00,0.00,0.00,0.00,0.00,0.00,0.00,*65
$GPNVS,3,160208,031026,0.00,0.00,0.00,0.00,,0.00,0,0,1,+38.06,*43
$GPNVS,4,160208,031026,0.00,0.00,,,,,,,*63
$GPNVS,5,160208,031026,5C9,0,0,+38.06,00000,00000,*25
$GPNVS,6,0,A,1,0x00000,0x03,,0x00,00,,0x00000,,*05
$GPNVS,7,160208,031026,A,73,0x00,27,11,0,581487,+4.27,-4.11*5C
$GPNVS,9,+10000000.001,+2.77274,+10000000.05,15,+0.019,+0.37,,+38.06,50.0,50.3,*64
$GPNVS,10,1,0,0,+55,+55,2,100,0.5,1,9,30,1,+0,1.0,20,+14,1,2,8925,,,,*63
$GPNVS,15,0,0,0000,2400,2400.00,00000000,0.00,0.00,0.00,0.00,+9999,999*48
$GPNVS,1,160209,031026,A,N,60,N,0x00000,0x03,0x00,1,N*24
$GPNVS,2,160209,031026,0.00,0.00,0.00,0.00,0.00,0.00,0.00,0.00,*64
$GPNVS,3,160209,031026,0.00,0.00,0.00,0.00,,0.00,0,0,1,+38.06,*42
$GPNVS,4,160209,031026,0.00,0.00,,,,,,,*62
$GPNVS,5,160209,031026,5C9,0,0,+38.06,00000,00000,*24
$GPNVS,6,0,A,1,0x00000,0x03,,0x00,00,,0x00000,,*05
$GPNVS,7,160209,031026,A,73,0x00,27,11,0,581487,+4.28,-4.11*52
$GPNVS,9,+10000000.000,+2.77274,+10000000.00,15,+0.019,+0.37,,+38.06,50.0,50.0,*63
$GPNVS,10,1,0,0,+55,+55,2,100,0.5,1,9,30,1,+0,1.0,20,+14,1,2,8920,,,,*66
$GPNVS,15,0,0,0000,2400,2400.00,00000000,0.00,0.00,0.00,0.00,+9999,999*48
$GPNVS,1,160210,031026,A,N,60,N,0x00000,0x03,0x00,1,N*2C
$GPNVS,2,160210,031026,0.00,0.00,0.00,0.00,0.00,0.00,0.00,0.00,*6C
$GPNVS,3,160210,031026,0.00,0.00,0.00,0.00,,0.00,0,0,1,+38.06,*4A
$GPNVS,4,160210,031026,0.00,0.00,,,,,,,*6A
$GPNVS,5,160210,031026,5C9,0,0,+38.06,00000,00000,*2C
$GPNVS,6,0,A,1,0x00000,0x03,,0x00,00,,0x00000,,*05
$GPNVS,7,160210,031026,A,73,0x00,27,12,1,581488,+4.27,-4.11*58
$GPNVS,9,+10000000.000,+2.77275,+9999999.949,15,+0.019,+0.37,,+38.06,50.0,50.3,*6D
$GPNVS,10,1,0,0,+60,+55,2,100,0.5,1,9,30,1,+0,1.0,20,+14,1,2,8915,,,,*66
$GPNVS,15,0,0,0000,2400,2400.00,00000000,0.00,0.00,0.00,0.00,+9999,999*48
$GPNVS,1,160211,031026,A,N,60,N,0x00000,0x03,0x00,1,N*2D
$GPNVS,2,160211,031026,0.00,0.00,0.00,0.00,0.00,0.00,0.00,0.00,*6D
$GPNVS,3,160211,031026,0.00,0.00,0.00,0.00,,0.00,0,0,1,+38.06,*4B
$GPNVS,4,160211,031026,0.00,0.00,,,,,,,*6B
$GPNVS,5,160211,031026,5C9,0,0,+38.06,00000,00000,*2D
$GPNVS,6,0,A,1,0x00000,0x03,,0x00,00,,0x00000,,*05
$GPNVS,7,160211,031026,A,72,0x00,27,12,0,581488,+4.27,-4.11*59
$GPNVS,9,+9999999.9989,+2.77275,+10000000.00,15,+0.019,+0.37,,+38.06,50.0,50.3,*68
$GPNVS,10,1,0,0,+60,+60,2,100,0.5,1,9,30,1,+0,1.0,20,+14,1,2,8910,,,,*65
$GPNVS,15,0,0,0000,2400,2400.00,00000000,0.00,0.00,0.00,0.00,+9999,999*48
$GPNVS,1,160212,031026,A,N,60,N,0x00000,0x03,0x00,1,N*2E
$GPNVS,2,160212,031026,0.00,0.00,0.00,0.00,0.00,0.00,0.00,0.00,*6E
$GPNVS,3,160212,031026,0.00,0.00,0.00,0.00,,0.00,0,0,1,+38.06,*48
$GPNVS,4,160212,031026,0.00,0.00,,,,,,,*68
$GPNVS,5,160212,031026,5C9,0,0,+38.06,00000,00000,*2E
$GPNVS,6,0,A,1,0x00000,0x03,,0x00,00,,0x00000,,*05
$GPNVS,7,160212,031026,A,72,0x00,27,12,0,581488,+4.27,-4.11*5A
$GPNVS,9,+9999999.9989,+2.77275,+10000000.00,15,+0.019,+0.37,,+38.06,50.0,50.0,*6B
$GPNVS,10,1,0,0,+60,+60,2,100,0.5,1,9,30,1,+0,1.0,20,+14,1,2,8905,,,,*61
$GPNVS,15,0,0,0000,2400,2400.00,00000000,0.00,0.00,0.00,0.00,+9999,999*48
$GPNVS,1,160213,031026,A,N,60,N,0x00000,0x03,0x00,1,N*2F
$GPNVS,2,160213,031026,0.00,0.00,0.00,0.00,0.00,0.00,0.00,0.00,*6F
$GPNVS,3,160213,031026,0.00,0.00,0.00,0.00,,0.00,0,0,1,+38.06,*49
$GPNVS,4,160213,031026,0.00,0.00,,,,,,,*69
$GPNVS,5,160213,031026,5C9,0,0,+38.06,00000,00000,*2F
$GPNVS,6,0,A,1,0x00000,0x03,,0x00,00,,0x00000,,*05
$GPNVS,7,160213,031026,A,72,0x00,27,11,1,581489,+4.27,-4.11*58
$GPNVS,9,+10000000.001,+2.77275,+10000000.05,15,+0.019,+0.37,,+38.06,50.0,50.0,*66
$GPNVS,10,1,0,0,+55,+55,2,100,0.5,1,9,30,1,+0,1.0,20,+14,1,2,8900,,,,*64
$GPNVS,15,0,0,0000,2400,2400.00,00000000,0.00,0.00,0.00,0.00,+9999,999*48
$GPNVS,1,160214,031026,A,N,60,N,0x00000,0x03,0x00,1,N*28
$GPNVS,2,160214,031026,0.00,0.00,0.00,0.00,0.00,0.00,0.00,0.00,*68
$GPNVS,3,160214,031026,0.00,0.00,0.00,0.00,,0.00,0,0,1,+38.06,*4E
$GPNVS,4,160214,031026,0.00,0.00,,,,,,,*6E
$GPNVS,5,160214,031026,5C9,0,0,+38.06,00000,00000,*28
$GPNVS,6,0,A,1,0x00000,0x03,,0x00,00,,0x00000,,*05
$GPNVS,7,160214,031026,A,72,0x00,27,11,0,581489,+4.28,-4.11*51
$GPNVS,9,+10000000.000,+2.77275,+10000000.00,15,+0.019,+0.37,,+38.06,50.0,50.0,*62
$GPNVS,10,1,0,0,+55,+55,2,100,0.5,1,9,30,1,-1,1.0,20,+14,1,2,8895,,,,*6E
$GPNVS,15,0,0,0000,2400,2400.00,00000000,0.00,0.00,0.00,0.00,+9999,999*48
$GPNVS,1,160215,031026,A,N,60,N,0x00000,0x03,0x00,1,N*29
$GPNVS,2,160215,031026,0.00,0.00,0.00,0.00,0.00,0.00,0.00,0.00,*69
$GPNVS,3,160215,031026,0.00,0.00,0.00,0.00,,0.00,0,0,1,+37.74,*45
$GPNVS,4,160215,031026,0.00,0.00,,,,,,,*6F
$GPNVS,5,160215,031026,5C9,0,0,+37.74,00000,00000,*23
$GPNVS,6,0,A,1,0x00000,0x03,,0x00,00,,0x00000,,*05
$GPNVS,7,160215,031026,A,72,0x00,27,11,0,581489,+4.27,-4.11*5F
$GPNVS,9,+10000000.001,+2.77275,+10000000.00,15,+0.019,+0.37,,+37.74,50.0,50.3,*6A
$GPNVS,10,1,0,0,+55,+55,2,100,0.5,1,9,30,1,-2,1.0,20,+14,1,2,8890,,,,*68
$GPNVS,15,0,0,0000,2400,2400.00,00000000,0.00,0.00,0.00,0.00,+9999,999*48
$GPNVS,1,160216,031026,A,N,60,N,0x00000,0x03,0x00,1,N*2A
$GPNVS,2,160216,031026,0.00,0.00,0.00,0.00,0.00,0.00,0.00,0.00,*6A
$GPNVS,3,160216,031026,0.00,0.00,0.00,0.00,,0.00,0,0,1,+38.06,*4C
$GPNVS,4,160216,031026,0.00,0.00,,,,,,,*6C
$GPNVS,5,160216,031026,5C9,0,0,+38.06,00000,00000,*2A
$GPNVS,6,0,A,1,0x00000,0x03,,0x00,00,,0x00000,,*05
$GPNVS,7,160216,031026,A,72,0x00,27,11,0,581489,+4.28,-4.11*53
$GPNVS,9,+10000000.000,+2.77275,+10000000.00,15,+0.019,+0.37,,+38.06,50.0,50.0,*62
$GPNVS,10,1,0,0,+55,+55,2,100,0.5,1,9,30,1,-1,1.0,20,+14,1,2,8885,,,,*6F
$GPNVS,15,0,0,0000,2400,2400.00,00000000,0.00,0.00,0.00,0.00,+9999,999*48
$GPNVS,1,160217,031026,A,N,60,N,0x00000,0x03,0x00,1,N*2B
$GPNVS,2,160217,031026,0.00,0.00,0.00,0.00,0.00,0.00,0.00,0.00,*6B
$GPNVS,3,160217,031026,0.00,0.00,0.00,0.00,,0.00,0,0,1,+38.06,*4D
$GPNVS,4,160217,031026,0.00,0.00,,,,,,,*6D
$GPNVS,5,160217,031026,5C9,0,0,+38.06,00000,00000,*2B
$GPNVS,6,0,A,1,0x00000,0x03,,0x00,00,,0x00000,,*05
$GPNVS,7,160217,031026,A,72,0x00,-27,10,1,581490,+4.27,-4.11*78
$GPNVS,9,+10000000.001,+2.77276,+10000000.05,15,+0.019,+0.37,,+38.06,50.0,49.6,*6B
$GPNVS,10,1,0,0,+50,+50,2,100,0.5,1,9,30,1,-1,1.0,20,+14,1,2,8880,,,,*6A
$GPNVS,15,0,0,0000,2400,2400.00,00000000,0.00,0.00,0.00,0.00,+9999,999*48
$GPNVS,1,160218,031026,A,N,60,N,0x00000,0x03,0x00,1,N*24
$GPNVS,2,160218,031026,0.00,0.00,0.00,0.00,0.00,0.00,0.00,0.00,*64
$GPNVS,3,160218,031026,0.00,0.00,0.00,0.00,,0.00,0,0,1,+38.06,*42
$GPNVS,4,160218,031026,0.00,0.00,,,,,,,*62
$GPNVS,5,160218,031026,5C9,0,0,+38.06,00000,00000,*24
$GPNVS,6,0,A,1,0x00000,0x03,,0x00,00,,0x00000,,*05
$GPNVS,7,160218,031026,A,72,0x00,-27,10,0,581490,+4.27,-4.11*76
$GPNVS,9,+10000000.000,+2.77276,+10000000.00,15,+0.019,+0.37,,+38.06,50.0,50.0,*61
$GPNVS,10,1,0,0,+50,+50,2,100,0.5,1,9,30,1,-1,1.0,20,-6,1,2,8875,,,,*55
$GPNVS,15,0,0,0000,2400,2400.00,00000000,0.00,0.00,0.00,0.00,-9999,999*4E
$GPNVS,1,160219,031026,A,N,60,N,0x00000,0x03,0x00,1,N*25
$GPNVS,2,160219,031026,0.00,0.00,0.00,0.00,0.00,0.00,0.00,0.00,*65
$GPNVS,3,160219,031026,0.00,0.00,0.00,0.00,,0.00,0,0,1,+38.06,*43
$GPNVS,4,160219,031026,0.00,0.00,,,,,,,*63
$GPNVS,5,160219,031026,5C9,0,0,+38.06,00000,00000,*25
$GPNVS,6,0,A,1,0x00000,0x03,,0x00,00,,0x00000,,*05
$GPNVS,7,160219,031026,A,72,0x00,-27,10,0,581490,+4.28,-4.11*78
$GPNVS,9,+10000000.001,+2.77276,+10000000.00,15,+0.019,+0.37,,+38.06,50.0,50.3,*63
$GPNVS,10,1,0,0,+50,+50,2,100,0.5,1,9,30,1,-1,1.0,20,-6,1,2,8870,,,,*50
$GPNVS,15,0,0,0000,2400,2400.00,00000000,0.00,0.00,0.00,0.00,-9999,999*4E
$GPNVS,1,160220,031026,A,N,60,N,0x00000,0x03,0x00,1,N*2F
$GPNVS,2,160220,031026,0.00,0.00,0.00,0.00,0.00,0.00,0.00,0.00,*6F
$GPNVS,3,160220,031026,0.00,0.00,0.00,0.00,,0.00,0,0,1,+38.06,*49
$GPNVS,4,160220,031026,0.00,0.00,,,,,,,*69
$GPNVS,5,160220,031026,5C9,0,0,+38.06,00000,00000,*2F
$GPNVS,6,0,A,1,0x00000,0x03,,0x00,00,,0x00000,,*05
$GPNVS,7,160220,031026,A,72,0x00,-27,11,0,581490,+4.27,-4.11*7C
$GPNVS,9,+10000000.001,+2.77276,+9999999.949,15,+0.019,+0.37,,+38.06,50.0,51.6,*6B
$GPNVS,10,1,0,0,+55,+50,2,100,0.5,1,9,30,1,-1,1.0,20,-6,1,2,8865,,,,*51
$GPNVS,15,0,0,0000,2400,2400.00,00000000,0.00,0.00,0.00,0.00,-9999,999*4E
$GPNVS,99,,,*5C
$GPNVS,1,160221,031026,A,N,60,N,0x00000,0x03,0x00,1,N*2E
$GPNVS,2,160221,031026,0.00,0.00,0.00,0.00,0.00,0.00,0.00,0.00,*6E
$GPNVS,3,160221,031026,0.00,0.00,0.00,0.00,,0.00,0,0,1,+38.06,*48
$GPNVS,4,160221,031026,0.00,0.00,,,,,,,*68
$GPNVS,5,160221,031026,5C9,0,0,+38.06,00000,00000,*2E
$GPNVS,6,0,A,1,0x00000,0x03,,0x00,00,,0x00000,,*05
$GPNVS,7,160221,031026,A,72,0x00,-27,11,0,581490,+4.28,-4.11*72
$GPNVS,9,+10000000.000,+2.77276,+10000000.00,15,+0.019,+0.37,,+38.06,50.0,49.0,*69
$GPNVS,10,1,0,0,+55,+55,2,100,0.5,1,9,30,1,-1,1.0,20,-6,1,2,8860,,,,*51
$GPNVS,15,0,0,0000,2400,2400.00,00000000,0.00,0.00,0.00,0.00,-9999,999*4E
$GPNVS,1,160222,031026,A,N,60,N,0x00000,0x03,0x00,1,N*2D
$GPNVS,2,160222,031026,0.00,0.00,0.00,0.00,0.00,0.00,0.00,0.00,*6D
$GPNVS,3,160222,031026,0.00,0.00,0.00,0.00,,0.00,0,0,1,+38.06,*4B
$GPNVS,4,160222,031026,0.00,0.00,,,,,,,*6B
$GPNVS,5,160222,031026,5C9,0,0,+38.06,00000,00000,*2D
$GPNVS,6,0,A,1,0x00000,0x03,,0x00,00,,0x00000,,*05
$GPNVS,7,160222,031026,A,72,0x00,-27,11,0,581490,+4.27,-4.11*7E
$GPNVS,9,+10000000.001,+2.77276,+10000000.00,15,+0.019,+0.37,,+38.06,50.0,50.6,*66
$GPNVS,10,1,0,0,+55,+55,2,100,0.5,1,9,30,1,-1,1.0,20,-6,1,2,8855,,,,*57
$GPNVS,15,0,0,0000,2400,2400.00,00000000,0.00,0.00,0.00,0.00,-9999,999*4E
$GPNVS,1,160223,031026,A,N,60,N,0x00000,0x03,0x00,1,N*2C
$GPNVS,2,160223,031026,0.00,0.00,0.00,0.00,0.00,0.00,0.00,0.00,*6C
$GPNVS,3,160223,031026,0.00,0.00,0.00,0.00,,0.00,0,0,1,+38.06,*4A
$GPNVS,4,160223,031026,0.00,0.00,,,,,,,*6A
$GPNVS,5,160223,031026,5C9,0,0,+38.06,00000,00000,*2C
$GPNVS,6,0,A,1,0x00000,0x03,,0x00,00,,0x00000,,*05
$GPNVS,7,160223,031026,A,72,0x00,-27,11,0,581490,+4.28,-4.11*70
$GPNVS,9,+10000000.000,+2.77276,+10000000.00,15,+0.019,+0.37,,+38.06,50.0,50.9,*68
$GPNVS,10,1,0,0,+55,+55,2,100,0.5,1,9,30,1,-1,1.0,20,-6,1,2,8850,,,,*52
$GPNVS,15,0,0,0000,2400,2400.00,00000000,0.00,0.00,0.00,0.00,-9999,999*4E
$GPNVS,1,160224,031026,A,N,60,N,0x00000,0x03,0x00,1,N*2B
$GPNVS,2,160224,031026,0.00,0.00,0.00,0.00,0.00,0.00,0.00,0.00,*6B
$GPNVS,3,160224,031026,0.00,0.00,0.00,0.00,,0.00,0,0,1,+38.06,*4D
$GPNVS,4,160224,031026,0.00,0.00,,,,,,,*6D
$GPNVS,5,160224,031026,5C9,0,0,+38.06,00000,00000,*2B
$GPNVS,6,0,A,1,0x00000,0x03,,0x00,00,,0x00000,,*05
$GPNVS,7,160224,031026,A,72,0x00,-27,11,0,581490,+4.27,-4.11*78
$GPNVS,9,+10000000.000,+2.77276,+10000000.00,15,+0.019,+0.37,,+38.06,50.0,50.0,*61
$GPNVS,10,1,0,0,+55,+55,2,100,0.5,1,9,30,1,-1,1.0,20,-6,1,2,8845,,,,*56
$GPNVS,15,0,0,0000,2400,2400.00,00000000,0.00,0.00,0.00,0.00,-9999,999*4E
$GPNVS,1,160225,031026,A,N,60,N,0x00000,0x03,0x00,1,N*2A
$GPNVS,2,160225,031026,0.00,0.00,0.00,0.00,0.00,0.00,0.00,0.00,*6A
$GPNVS,3,160225,031026,0.00,0.00,0.00,0.00,,0.00,0,0,1,+38.06,*4C
$GPNVS,4,160225,031026,0.00,0.00,,,,,,,*6C
$GPNVS,5,160225,031026,5C9,0,0,+38.06,00000,00000,*2A
$GPNVS,6,0,A,1,0x00000,0x03,,0x00,00,,0x00000,,*05
$GPNVS,7,160225,031026,A,72,0x00,-27,11,0,581490,+4.27,-4.11*79
$GPNVS,9,+10000000.000,+2.77276,+10000000.00,15,+0.019,+0.37,,+38.06,50.0,50.6,*67
$GPNVS,10,1,0,0,+55,+55,2,100,0.5,1,9,30,1,-1,1.0,20,-6,1,2,8840,,,,*53
$GPNVS,15,0,0,0000,2400,2400.00,00000000,0.00,0.00,0.00,0.00,-9999,999*4E
$GPNVS,1,160226,031026,A,N,60,N,0x00000,0x03,0x00,1,N*29
$GPNVS,2,160226,031026,0.00,0.00,0.00,0.00,0.00,0.00,0.00,0.00,*69
$GPNVS,3,160226,031026,0.00,0.00,0.00,0.00,,0.00,0,0,1,+38.06,*4F
$GPNVS,4,160226,031026,0.00,0.00,,,,,,,*6F
$GPNVS,5,160226,031026,5C9,0,0,+38.06,00000,00000,*29
$GPNVS,6,0,A,1,0x00000,0x03,,0x00,00,,0x00000,,*05
$GPNVS,7,160226,031026,A,72,0x00,-27,10,0,581490,+4.27,-4.11*7B
$GPNVS,9,+10000000.001,+2.77276,+10000000.05,15,+0.019,+0.37,,+38.06,50.0,50.3,*66
$GPNVS,10,1,0,0,+50,+50,2,100,0.5,1,9,30,1,-1,1.0,20,-6,1,2,8835,,,,*51
$GPNVS,15,0,0,0000,2400,2400.00,00000000,0.00,0.00,0.00,0.00,-9999,999*4E
$GPNVS,1,160227,031026,A,N,60,N,0x00000,0x03,0x00,1,N*28
$GPNVS,2,160227,031026,0.00,0.00,0.00,0.00,0.00,0.00,0.00,0.00,*68
$GPNVS,3,160227,031026,0.00,0.00,0.00,0.00,,0.00,0,0,1,+38.06,*4E
$GPNVS,4,160227,031026,0.00,0.00,,,,,,,*6E
$GPNVS,5,160227,031026,5C9,0,0,+38.06,00000,00000,*28
$GPNVS,6,0,A,1,0x00000,0x03,,0x00,00,,0x00000,,*05
$GPNVS,7,160227,031026,A,72,0x00,-27,9,0,581490,+4.28,-4.11*4D
$GPNVS,9,+10000000.002,+2.77276,+10000000.05,15,+0.019,+0.37,,+38.06,50.0,50.3,*65
$GPNVS,10,1,0,0,+45,+45,2,100,0.5,1,9,30,1,+0,1.0,20,-6,1,2,8830,,,,*53
$GPNVS,15,0,0,0000,2400,2400.00,00000000,0.00,0.00,0.00,0.00,-9999,999*4E
$GPNVS,1,160228,031026,A,N,60,N,0x00000,0x03,0x00,1,N*27
$GPNVS,2,160228,031026,0.00,0.00,0.00,0.00,0.00,0.00,0.00,0.00,*67
$GPNVS,3,160228,031026,0.00,0.00,0.00,0.00,,0.00,0,0,1,+38.06,*41
$GPNVS,4,160228,031026,0.00,0.00,,,,,,,*61
$GPNVS,5,160228,031026,5C9,0,0,+38.06,00000,00000,*27
$GPNVS,6,0,A,1,0x00000,0x03,,0x00,00,,0x00000,,*05
$GPNVS,7,160228,031026,A,72,0x00,-27,9,0,581490,+4.28,-4.11*42
$GPNVS,9,+10000000.002,+2.77276,+10000000.00,15,+0.019,+0.37,,+38.06,50.0,50.3,*60
$GPNVS,10,1,0,0,+45,+45,2,100,0.5,1,9,30,1,+0,1.0,20,-6,1,2,8825,,,,*57
$GPNVS,15,0,0,0000,2400,2400.00,00000000,0.00,0.00,0.00,0.00,-9999,999*4E
$GPNVS,1,160229,031026,A,N,60,N,0x00000,0x03,0x00,1,N*26
$GPNVS,2,160229,031026,0.00,0.00,0.00,0.00,0.00,0.00,0.00,0.00,*66
$GPNVS,3,160229,031026,0.00,0.00,0.00,0.00,,0.00,0,0,1,+38.06,*40
$GPNVS,4,160229,031026,0.00,0.00,,,,,,,*60
$GPNVS,5,160229,031026,5C9,0,0,+38.06,00000,00000,*26
$GPNVS,6,0,A,1,0x00000,0x03,,0x00,00,,0x00000,,*05
$GPNVS,7,160229,031026,A,72,0x00,-27,9,0,581490,+4.27,-4.11*4C
$GPNVS,9,+10000000.002,+2.77276,+10000000.00,15,+0.019,+0.37,,+38.06,50.0,49.6,*6D
$GPNVS,10,1,0,0,+45,+45,2,100,0.5,1,9,30,1,-1,1.0,20,+10,1,2,8820,,,,*64
$GPNVS,15,0,0,0000,2400,2400.00,00000000,0.00,0.00,0.00,0.00,+9999,999*48
$GPNVS,1,160230,031026,A,N,60,N,0x00000,0x03,0x00,1,N*2E
$GPNVS,2,160230,031026,0.00,0.00,0.00,0.00,0.00,0.00,0.00,0.00,*6E
$GPNVS,3,160230,031026,0.00,0.00,0.00,0.00,,0.00,0,0,1,+38.06,*48
$GPNVS,4,160230,031026,0.00,0.00,,,,,,,*68
$GPNVS,5,160230,031026,5C9,0,0,+38.06,00000,00000,*2E
$GPNVS,6,0,A,1,0x00000,0x03,,0x00,00,,0x00000,,*05
$GPNVS,7,160230,031026,A,72,0x00,-27,9,0,581490,+4.27,-4.11*44
$GPNVS,9,+10000000.002,+2.77276,+10000000.00,15,+0.019,+0.37,,+38.06,50.0,49.6,*6D
$GPNVS,10,1,0,0,+45,+45,2,100,0.5,1,9,30,1,-2,1.0,20,+10,1,2,8815,,,,*61
$GPNVS,15,0,0,0000,2400,2400.00,00000000,0.00,0.00,0.00,0.00,+9999,999*48
$GPNVS,1,160231,031026,A,N,60,N,0x00000,0x03,0x00,1,N*2F
$GPNVS,2,160231,031026,0.00,0.00,0.00,0.00,0.00,0.00,0.00,0.00,*6F
$GPNVS,3,160231,031026,0.00,0.00,0.00,0.00,,0.00,0,0,1,+38.06,*49
$GPNVS,4,160231,031026,0.00,0.00,,,,,,,*69
$GPNVS,5,160231,031026,5C9,0,0,+38.06,00000,00000,*2F
$GPNVS,6,0,A,1,0x00000,0x03,,0x00,00,,0x00000,,*05
$GPNVS,7,160231,031026,A,72,0x00,-27,9,0,581490,+4.28,-4.11*4A
$GPNVS,9,+10000000.002,+2.77276,+10000000.00,15,+0.019,+0.37,,+38.06,50.0,50.6,*65
$GPNVS,10,1,0,0,+45,+45,2,100,0.5,1,9,30,1,-2,1.0,20,+10,1,2,8810,,,,*64
$GPNVS,15,0,0,0000,2400,2400.00,00000000,0.00,0.00,0.00,0.00,+9999,999*48
$GPNVS,1,160232,031026,A,N,60,N,0x00000,0x03,0x00,1,N*2C
$GPNVS,2,160232,031026,0.00,0.00,0.00,0.00,0.00,0.00,0.00,0.00,*6C
$GPNVS,3,160232,031026,0.00,0.00,0.00,0.00,,0.00,0,0,1,+38.06,*4A
$GPNVS,4,160232,031026,0.00,0.00,,,,,,,*6A
$GPNVS,5,160232,031026,5C9,0,0,+38.06,00000,00000,*2C
$GPNVS,6,0,A,1,0x00000,0x03,,0x00,00,,0x00000,,*05
$GPNVS,7,160232,031026,A,72,0x00,0,10,0,581490,+4.27,-4.11*66
$GPNVS,9,+10000000.000,+2.77276,+9999999.949,15,+0.019,+0.37,,+38.06,50.0,50.9,*64
$GPNVS,10,1,0,0,+50,+45,2,100,0.5,1,9,30,1,-2,1.0,20,+10,1,2,8805,,,,*64
$GPNVS,15,0,0,0000,2400,2400.00,00000000,0.00,0.00,0.00,0.00,+9999,999*48
$GPNVS,1,160233,031026,A,N,60,N,0x00000,0x03,0x00,1,N*2D
$GPNVS,2,160233,031026,0.00,0.00,0.00,0.00,0.00,0.00,0.00,0.00,*6D
$GPNVS,3,160233,031026,0.00,0.00,0.00,0.00,,0.00,0,0,1,+38.06,*4B
$GPNVS,4,160233,031026,0.00,0.00,,,,,,,*6B
$GPNVS,5,160233,031026,5C9,0,0,+38.06,00000,00000,*2D
$GPNVS,6,0,A,1,0x00000,0x03,,0x00,00,,0x00000,,*05
$GPNVS,7,160233,031026,A,72,0x00,0,10,-1,581489,+4.27,-4.11*43
$GPNVS,9,+10000000.001,+2.77275,+10000000.00,15,+0.019,+0.37,,+38.06,50.0,49.6,*6D
$GPNVS,10,1,0,0,+50,+50,2,100,0.5,1,9,30,1,-2,1.0,20,+10,1,2,8800,,,,*65
$GPNVS,15,0,0,0000,2400,2400.00,00000000,0.00,0.00,0.00,0.00,+9999,999*48
$GPNVS,1,160234,031026,A,N,60,N,0x00000,0x03,0x00,1,N*2A
$GPNVS,2,160234,031026,0.00,0.00,0.00,0.00,0.00,0.00,0.00,0.00,*6A
$GPNVS,3,160234,031026,0.00,0.00,0.00,0.00,,0.00,0,0,1,+38.06,*4C
$GPNVS,4,160234,031026,0.00,0.00,,,,,,,*6C
$GPNVS,5,160234,031026,5C9,0,0,+38.06,00000,00000,*2A
$GPNVS,6,0,A,1,0x00000,0x03,,0x00,00,,0x00000,,*05
$GPNVS,7,160234,031026,A,72,0x00,0,10,0,581489,+4.28,-4.11*67
$GPNVS,9,+10000000.000,+2.77275,+10000000.00,15,+0.019,+0.37,,+38.06,50.0,50.3,*61
$GPNVS,10,1,0,0,+50,+50,2,100,0.5,1,9,30,1,-2,1.0,20,+10,1,2,8795,,,,*66
$GPNVS,15,0,0,0000,2400,2400.00,00000000,0.00,0.00,0.00,0.00,+9999,999*48
$GPNVS,1,160235,031026,A,N,60,N,0x00000,0x03,0x00,1,N*2B
$GPNVS,2,160235,031026,0.00,0.00,0.00,0.00,0.00,0.00,0.00,0.00,*6B
$GPNVS,3,160235,031026,0.00,0.00,0.00,0.00,,0.00,0,0,1,+38.06,*4D
$GPNVS,4,160235,031026,0.00,0.00,,,,,,,*6D
$GPNVS,5,160235,031026,5C9,0,0,+38.06,00000,00000,*2B
$GPNVS,6,0,A,1,0x00000,0x03,,0x00,00,,0x00000,,*05
$GPNVS,7,160235,031026,A,72,0x00,0,8,0,581489,+4.28,-4.11*5F
$GPNVS,9,+10000000.003,+2.77275,+10000000.09,15,+0.019,+0.37,,+38.06,50.0,50.3,*6B
$GPNVS,10,1,0,0,+40,+45,2,100,0.5,1,9,30,1,-2,1.0,20,+10,1,2,8790,,,,*66
$GPNVS,15,0,0,0000,2400,2400.00,00000000,0.00,0.00,0.00,0.00,+9999,999*48
$GPNVS,99,,,*5C
$GPNVS,1,160236,031026,A,N,60,N,0x00000,0x03,0x00,1,N*28
$GPNVS,2,160236,031026,0.00,0.00,0.00,0.00,0.00,0.00,0.00,0.00,*68
$GPNVS,3,160236,031026,0.00,0.00,0.00,0.00,,0.00,0,0,1,+38.06,*4E
$GPNVS,4,160236,031026,0.00,0.00,,,,,,,*6E
$GPNVS,5,160236,031026,5C9,0,0,+38.06,00000,00000,*28
$GPNVS,6,0,A,1,0x00000,0x03,,0x00,00,,0x00000,,*05
$GPNVS,7,160236,031026,A,72,0x00,0,8,-1,581488,+4.28,-4.11*71
$GPNVS,9,+10000000.003,+2.77275,+10000000.00,15,+0.019,+0.37,,+38.06,50.0,50.3,*62
$GPNVS,10,1,0,0,+40,+40,2,100,0.5,1,9,30,1,-2,1.0,20,+10,1,2,8785,,,,*67
$GPNVS,15,0,0,0000,2400,2400.00,00000000,0.00,0.00,0.00,0.00,+9999,999*48
$GPNVS,1,160237,031026,A,N,60,N,0x00000,0x03,0x00,1,N*29
$GPNVS,2,160237,031026,0.00,0.00,0.00,0.00,0.00,0.00,0.00,0.00,*69
$GPNVS,3,160237,031026,0.00,0.00,0.00,0.00,,0.00,0,0,1,+38.06,*4F
$GPNVS,4,160237,031026,0.00,0.00,,,,,,,*6F
$GPNVS,5,160237,031026,5C9,0,0,+38.06,00000,00000,*29
$GPNVS,6,0,A,1,0x00000,0x03,,0x00,00,,0x00000,,*05
$GPNVS,7,160237,031026,A,72,0x00,0,9,0,581488,+4.28,-4.11*5D
$GPNVS,9,+10000000.001,+2.77275,+9999999.949,15,+0.019,+0.37,,+38.06,50.0,50.3,*6C
$GPNVS,10,1,0,0,+45,+40,2,100,0.5,1,9,30,1,-2,1.0,20,+10,1,2,8780,,,,*67
$GPNVS,15,0,0,0000,2400,2400.00,00000000,0.00,0.00,0.00,0.00,+9999,999*48
$GPNVS,1,160238,031026,A,N,60,N,0x00000,0x03,0x00,1,N*26
$GPNVS,2,160238,031026,0.00,0.00,0.00,0.00,0.00,0.00,0.00,0.00,*66
$GPNVS,3,160238,031026,0.00,0.00,0.00,0.00,,0.00,0,0,1,+38.06,*40
$GPNVS,4,160238,031026,0.00,0.00,,,,,,,*60
$GPNVS,5,160238,031026,5C9,0,0,+38.06,00000,00000,*26
$GPNVS,6,0,A,1,0x00000,0x03,,0x00,00,,0x00000,,*05
$GPNVS,7,160238,031026,A,72,0x00,0,9,-1,581487,+4.28,-4.11*71
$GPNVS,9,+10000000.000,+2.77274,+10000000.00,15,+0.019,+0.37,,+38.06,50.0,51.2,*60
$GPNVS,10,1,0,0,+45,+45,2,100,0.5,1,9,30,1,-2,1.0,20,+10,1,2,8775,,,,*68
$GPNVS,15,0,0,0000,2400,2400.00,00000000,0.00,0.00,0.00,0.00,+9999,999*48
$GPNVS,1,160239,031026,A,N,60,N,0x00000,0x03,0x00,1,N*27
$GPNVS,2,160239,031026,0.00,0.00,0.00,0.00,0.00,0.00,0.00,0.00,*67
$GPNVS,3,160239,031026,0.00,0.00,0.00,0.00,,0.00,0,0,1,+38.06,*41
$GPNVS,4,160239,031026,0.00,0.00,,,,,,,*61
$GPNVS,5,160239,031026,5C9,0,0,+38.06,00000,00000,*27
$GPNVS,6,0,A,1,0x00000,0x03,,0x00,00,,0x00000,,*05
$GPNVS,7,160239,031026,A,72,0x00,0,9,0,581487,+4.27,-4.11*53
$GPNVS,9,+10000000.002,+2.77274,+10000000.00,15,+0.019,+0.37,,+38.06,50.0,50.3,*62
$GPNVS,10,1,0,0,+45,+45,2,100,0.5,1,9,30,1,-2,1.0,20,+10,1,2,8770,,,,*6D
$GPNVS,15,0,0,0000,2400,2400.00,00000000,0.00,0.00,0.00,0.00,+9999,999*48
$GPNVS,1,160240,031026,A,N,60,N,0x00000,0x03,0x00,1,N*29
$GPNVS,2,160240,031026,0.00,0.00,0.00,0.00,0.00,0.00,0.00,0.00,*69
$GPNVS,3,160240,031026,0.00,0.00,0.00,0.00,,0.00,0,0,1,+38.06,*4F
$GPNVS,4,160240,031026,0.00,0.00,,,,,,,*6F
$GPNVS,5,160240,031026,5C9,0,0,+38.06,00000,00000,*29
$GPNVS,6,0,A,1,0x00000,0x03,,0x00,00,,0x00000,,*05
$GPNVS,7,160240,031026,A,72,0x00,0,9,-1,581486,+4.27,-4.11*70
$GPNVS,9,+10000000.002,+2.77274,+10000000.00,15,+0.019,+0.37,,+38.06,50.0,50.6,*67
$GPNVS,10,1,0,0,+45,+45,2,100,0.5,1,9,30,1,-2,1.0,20,-10,1,2,8765,,,,*6F
$GPNVS,15,0,0,0000,2400,2400.00,00000000,0.00,0.00,0.00,0.00,-9999,999*4E
$GPNVS,1,160241,031026,A,N,60,N,0x00000,0x03,0x00,1,N*28
$GPNVS,2,160241,031026,0.00,0.00,0.00,0.00,0.00,0.00,0.00,0.00,*68
$GPNVS,3,160241,031026,0.00,0.00,0.00,0.00,,0.00,0,0,1,+38.06,*4E
$GPNVS,4,160241,031026,0.00,0.00,,,,,,,*6E
$GPNVS,5,160241,031026,5C9,0,0,+38.06,00000,00000,*28
$GPNVS,6,0,A,1,0x00000,0x03,,0x00,00,,0x00000,,*05
$GPNVS,7,160241,031026,A,72,0x00,0,8,0,581486,+4.28,-4.11*53
$GPNVS,9,+10000000.003,+2.77274,+10000000.05,15,+0.019,+0.37,,+38.06,50.0,50.3,*66
$GPNVS,10,1,0,0,+40,+40,2,100,0.5,1,9,30,1,-2,1.0,20,-10,1,2,8760,,,,*6A
$GPNVS,15,0,0,0000,2400,2400.00,00000000,0.00,0.00,0.00,0.00,-9999,999*4E
$GPNVS,1,160242,031026,A,N,60,N,0x00000,0x03,0x00,1,N*2B
$GPNVS,2,160242,031026,0.00,0.00,0.00,0.00,0.00,0.00,0.00,0.00,*6B
$GPNVS,3,160242,031026,0.00,0.00,0.00,0.00,,0.00,0,0,1,+38.06,*4D
$GPNVS,4,160242,031026,0.00,0.00,,,,,,,*6D
$GPNVS,5,160242,031026,5C9,0,0,+38.06,00000,00000,*2B
$GPNVS,6,0,A,1,0x00000,0x03,,0x00,00,,0x00000,,*05
$GPNVS,7,160242,031026,A,72,0x00,0,8,-1,581485,+4.27,-4.11*70
$GPNVS,9,+10000000.004,+2.77273,+10000000.00,15,+0.019,+0.37,,+38.06,50.0,50.6,*66
$GPNVS,10,1,0,0,+40,+40,2,100,0.5,1,9,30,1,-1,1.0,20,-10,1,2,8755,,,,*6F
$GPNVS,15,0,0,0000,2400,2400.00,00000000,0.00,0.00,0.00,0.00,-9999,999*4E
$GPNVS,1,160243,031026,A,N,60,N,0x00000,0x03,0x00,1,N*2A
$GPNVS,2,160243,031026,0.00,0.00,0.00,0.00,0.00,0.00,0.00,0.00,*6A
$GPNVS,3,160243,031026,0.00,0.00,0.00,0.00,,0.00,0,0,1,+38.06,*4C
$GPNVS,4,160243,031026,0.00,0.00,,,,,,,*6C
$GPNVS,5,160243,031026,5C9,0,0,+38.06,00000,00000,*2A
$GPNVS,6,0,A,1,0x00000,0x03,,0x00,00,,0x00000,,*05
$GPNVS,7,160243,031026,A,72,0x00,0,8,0,581485,+4.28,-4.11*52
$GPNVS,9,+10000000.004,+2.77273,+10000000.00,15,+0.019,+0.37,,+38.06,50.0,50.3,*63
$GPNVS,10,1,0,0,+40,+40,2,100,0.5,1,9,30,1,+0,1.0,20,-10,1,2,8750,,,,*6D
$GPNVS,15,0,0,0000,2400,2400.00,00000000,0.00,0.00,0.00,0.00,-9999,999*4E
$GPNVS,1,160244,031026,A,N,60,N,0x00000,0x03,0x00,1,N*2D
$GPNVS,2,160244,031026,0.00,0.00,0.00,0.00,0.00,0.00,0.00,0.00,*6D
$GPNVS,3,160244,031026,0.00,0.00,0.00,0.00,,0.00,0,0,1,+38.06,*4B
$GPNVS,4,160244,031026,0.00,0.00,,,,,,,*6B
$GPNVS,5,160244,031026,5C9,0,0,+38.06,00000,00000,*2D
$GPNVS,6,0,A,1,0x00000,0x03,,0x00,00,,0x00000,,*05
$GPNVS,7,160244,031026,A,72,0x00,0,8,-1,581484,+4.28,-4.11*78
$GPNVS,9,+10000000.004,+2.77273,+10000000.00,15,+0.019,+0.37,,+38.06,50.0,50.6,*66
$GPNVS,10,1,0,0,+40,+40,2,100,0.5,1,9,30,1,-1,1.0,20,-10,1,2,8745,,,,*6E
$GPNVS,15,0,0,0000,2400,2400.00,00000000,0.00,0.00,0.00,0.00,-9999,999*4E
$GPNVS,1,160245,031026,A,N,60,N,0x00000,0x03,0x00,1,N*2C
$GPNVS,2,160245,031026,0.00,0.00,0.00,0.00,0.00,0.00,0.00,0.00,*6C
$GPNVS,3,160245,031026,0.00,0.00,0.00,0.00,,0.00,0,0,1,+38.06,*4A
$GPNVS,4,160245,031026,0.00,0.00,,,,,,,*6A
$GPNVS,5,160245,031026,5C9,0,0,+38.06,00000,00000,*2C
$GPNVS,6,0,A,1,0x00000,0x03,,0x00,00,,0x00000,,*05
$GPNVS,7,160245,031026,A,72,0x00,0,8,-1,581483,+4.28,-4.11*7E
$GPNVS,9,+10000000.004,+2.77272,+10000000.00,15,+0.019,+0.37,,+38.06,50.0,49.3,*6A
$GPNVS,10,1,0,0,+40,+40,2,100,0.5,1,9,30,1,-1,1.0,20,-10,1,2,8740,,,,*6B
$GPNVS,15,0,0,0000,2400,2400.00,00000000,0.00,0.00,0.00,0.00,-9999,999*4E
$GPNVS,1,160246,031026,A,N,60,N,0x00000,0x03,0x00,1,N*2F
$GPNVS,2,160246,031026,0.00,0.00,0.00,0.00,0.00,0.00,0.00,0.00,*6F
$GPNVS,3,160246,031026,0.00,0.00,0.00,0.00,,0.00,0,0,1,+38.06,*49
$GPNVS,4,160246,031026,0.00,0.00,,,,,,,*69
$GPNVS,5,160246,031026,5C9,0,0,+38.06,00000,00000,*2F
$GPNVS,6,0,A,1,0x00000,0x03,,0x00,00,,0x00000,,*05
$GPNVS,7,160246,031026,A,72,0x00,0,7,0,581483,+4.28,-4.11*5E
$GPNVS,9,+10000000.006,+2.77272,+10000000.05,15,+0.019,+0.37,,+38.06,50.0,50.6,*60
$GPNVS,10,1,0,0,+35,+35,2,100,0.5,1,9,30,1,-1,1.0,20,-10,1,2,8735,,,,*69
$GPNVS,15,0,0,0000,2400,2400.00,00000000,0.00,0.00,0.00,0.00,-9999,999*4E
$GPNVS,1,160247,031026,A,N,60,N,0x00000,0x03,0x00,1,N*2E
$GPNVS,2,160247,031026,0.00,0.00,0.00,0.00,0.00,0.00,0.00,0.00,*6E
$GPNVS,3,160247,031026,0.00,0.00,0.00,0.00,,0.00,0,0,1,+38.06,*48
$GPNVS,4,160247,031026,0.00,0.00,,,,,,,*68
$GPNVS,5,160247,031026,5C9,0,0,+38.06,00000,00000,*2E
$GPNVS,6,0,A,1,0x00000,0x03,,0x00,00,,0x00000,,*05
$GPNVS,7,160247,031026,A,72,0x00,-27,7,-1,581482,+4.28,-4.11*6A
$GPNVS,9,+10000000.004,+2.77272,+10000000.00,15,+0.019,+0.37,,+38.06,50.0,50.3,*62
$GPNVS,10,1,0,0,+35,+35,2,100,0.5,1,9,30,1,-1,1.0,20,-10,1,2,8730,,,,*6C
$GPNVS,15,0,0,0000,2400,2400.00,00000000,0.00,0.00,0.00,0.00,-9999,999*4E
$GPNVS,1,160248,031026,A,N,60,N,0x00000,0x03,0x00,1,N*21
$GPNVS,2,160248,031026,0.00,0.00,0.00,0.00,0.00,0.00,0.00,0.00,*61
$GPNVS,3,160248,031026,0.00,0.00,0.00,0.00,,0.00,0,0,1,+38.06,*47
$GPNVS,4,160248,031026,0.00,0.00,,,,,,,*67
$GPNVS,5,160248,031026,5C9,0,0,+38.06,00000,00000,*21
$GPNVS,6,0,A,1,0x00000,0x03,,0x00,00,,0x00000,,*05
$GPNVS,7,160248,031026,A,72,0x00,-27,7,-1,581481,+4.27,-4.11*69
$GPNVS,9,+10000000.006,+2.77272,+10000000.00,15,+0.019,+0.37,,+38.06,50.0,50.6,*65
$GPNVS,10,1,0,0,+35,+35,2,100,0.5,1,9,30,1,-1,1.0,20,-10,1,2,8725,,,,*68
$GPNVS,15,0,0,0000,2400,2400.00,00000000,0.00,0.00,0.00,0.00,-9999,999*4E
$GPNVS,1,160249,031026,A,N,60,N,0x00000,0x03,0x00,1,N*20
$GPNVS,2,160249,031026,0.00,0.00,0.00,0.00,0.00,0.00,0.00,0.00,*60
$GPNVS,3,160249,031026,0.00,0.00,0.00,0.00,,0.00,0,0,1,+38.06,*46
$GPNVS,4,160249,031026,0.00,0.00,,,,,,,*66
$GPNVS,5,160249,031026,5C9,0,0,+38.06,00000,00000,*20
$GPNVS,6,0,A,1,0x00000,0x03,,0x00,00,,0x00000,,*05
$GPNVS,7,160249,031026,A,72,0x00,-27,7,0,581481,+4.28,-4.11*4B
$GPNVS,9,+10000000.006,+2.77272,+10000000.00,15,+0.019,+0.37,,+38.06,50.0,50.9,*6A
$GPNVS,10,1,0,0,+35,+35,2,100,0.5,1,9,30,1,-2,1.0,20,-10,1,2,8720,,,,*6E
$GPNVS,15,0,0,0000,2400,2400.00,00000000,0.00,0.00,0.00,0.00,-9999,999*4E
$GPNVS,1,160250,031026,A,N,60,N,0x00000,0x03,0x00,1,N*28
$GPNVS,2,160250,031026,0.00,0.00,0.00,0.00,0.00,0.00,0.00,0.00,*68
$GPNVS,3,160250,031026,0.00,0.00,0.00,0.00,,0.00,0,0,1,+38.06,*4E
$GPNVS,4,160250,031026,0.00,0.00,,,,,,,*6E
$GPNVS,5,160250,031026,5C9,0,0,+38.06,00000,00000,*28
$GPNVS,6,0,A,1,0x00000,0x03,,0x00,00,,0x00000,,*05
$GPNVS,7,160250,031026,A,72,0x00,-27,7,-1,581480,+4.27,-4.11*61
$GPNVS,9,+10000000.004,+2.77271,+10000000.00,15,+0.019,+0.37,,+38.06,50.0,50.3,*61
$GPNVS,10,1,0,0,+35,+35,2,100,0.5,1,9,30,1,-2,1.0,20,-10,1,2,8715,,,,*68
$GPNVS,15,0,0,0000,2400,2400.00,00000000,0.00,0.00,0.00,0.00,-9999,999*4E
$GPNVS,99,,,*5C
$GPNVS,1,160251,031026,A,N,60,N,0x00000,0x03,0x00,1,N*29
$GPNVS,2,160251,031026,0.00,0.00,0.00,0.00,0.00,0.00,0.00,0.00,*69
$GPNVS,3,160251,031026,0.00,0.00,0.00,0.00,,0.00,0,0,1,+38.06,*4F
$GPNVS,4,160251,031026,0.00,0.00,,,,,,,*6F
$GPNVS,5,160251,031026,5C9,0,0,+38.06,00000,00000,*29
$GPNVS,6,0,A,1,0x00000,0x03,,0x00,00,,0x00000,,*05
$GPNVS,7,160251,031026,A,72,0x00,-27,7,-1,581479,+4.28,-4.11*69
$GPNVS,9,+10000000.004,+2.77271,+10000000.00,15,+0.019,+0.37,,+38.06,50.0,50.3,*61
$GPNVS,10,1,0,0,+35,+35,2,100,0.5,1,9,30,1,-2,1.0,20,+6,1,2,8710,,,,*5C
$GPNVS,15,0,0,0000,2400,2400.00,00000000,0.00,0.00,0.00,0.00,+9999,999*48
$GPNVS,1,160252,031026,A,N,61,N,0x00000,0x03,0x00,1,N*2B
$GPNVS,2,160252,031026,0.00,0.00,0.00,0.00,0.00,0.00,0.00,0.00,*6A
$GPNVS,3,160252,031026,0.00,0.00,0.00,0.00,,0.00,0,0,1,+38.06,*4C
$GPNVS,4,160252,031026,0.00,0.00,,,,,,,*6C
$GPNVS,5,160252,031026,5C9,0,0,+38.06,00000,00000,*2A
$GPNVS,6,0,A,1,0x00000,0x03,,0x00,00,,0x00000,,*05
$GPNVS,7,160252,031026,A,72,0x00,-27,7,-1,581478,+4.28,-4.11*6B
$GPNVS,9,+10000000.006,+2.77270,+10000000.00,15,+0.019,+0.37,,+38.06,50.0,50.0,*61
$GPNVS,10,1,0,0,+35,+35,2,100,0.5,1,9,30,1,-2,1.0,20,+6,1,2,8705,,,,*58
$GPNVS,15,0,0,0000,2400,2400.00,00000000,0.00,0.00,0.00,0.00,+9999,999*48
$GPNVS,1,160253,031026,A,N,61,N,0x00000,0x03,0x00,1,N*2A
$GPNVS,2,160253,031026,0.00,0.00,0.00,0.00,0.00,0.00,0.00,0.00,*6B
$GPNVS,3,160253,031026,0.00,0.00,0.00,0.00,,0.00,0,0,1,+38.06,*4D
$GPNVS,4,160253,031026,0.00,0.00,,,,,,,*6D
$GPNVS,5,160253,031026,5C9,0,0,+38.06,00000,00000,*2B
$GPNVS,6,0,A,1,0x00000,0x03,,0x00,00,,0x00000,,*05
$GPNVS,7,160253,031026,A,72,0x00,-27,6,-1,581477,+4.28,-4.11*64
$GPNVS,9,+10000000.006,+2.77270,+10000000.05,15,+0.019,+0.37,,+38.06,50.0,50.6,*62
$GPNVS,10,1,0,0,+30,+30,2,100,0.5,1,9,30,1,-2,1.0,20,+6,1,2,8700,,,,*5D
$GPNVS,15,0,0,0000,2400,2400.00,00000000,0.00,0.00,0.00,0.00,+9999,999*48
$GPNVS,1,160254,031026,A,N,61,N,0x00000,0x03,0x00,1,N*2D
$GPNVS,2,160254,031026,0.00,0.00,0.00,0.00,0.00,0.00,0.00,0.00,*6C
$GPNVS,3,160254,031026,0.00,0.00,0.00,0.00,,0.00,0,0,1,+38.06,*4A
$GPNVS,4,160254,031026,0.00,0.00,,,,,,,*6A
$GPNVS,5,160254,031026,5C9,0,0,+38.06,00000,00000,*2C
$GPNVS,6,0,A,1,0x00000,0x03,,0x00,00,,0x00000,,*05
$GPNVS,7,160254,031026,A,73,0x00,-27,6,-1,581476,+4.28,-4.11*63
$GPNVS,9,+10000000.006,+2.77269,+10000000.00,15,+0.019,+0.37,,+38.06,50.0,50.3,*6A
$GPNVS,10,1,0,0,+30,+30,2,100,0.5,1,9,30,1,-2,1.0,20,+6,1,2,8695,,,,*50
$GPNVS,15,0,0,0000,2400,2400.00,00000000,0.00,0.00,0.00,0.00,+9999,999*48
$GPNVS,1,160255,031026,A,N,61,N,0x00000,0x03,0x00,1,N*2C
$GPNVS,2,160255,031026,0.00,0.00,0.00,0.00,0.00,0.00,0.00,0.00,*6D
$GPNVS,3,160255,031026,0.00,0.00,0.00,0.00,,0.00,0,0,1,+38.06,*4B
$GPNVS,4,160255,031026,0.00,0.00,,,,,,,*6B
$GPNVS,5,160255,031026,5C9,0,0,+38.06,00000,00000,*2D
$GPNVS,6,0,A,1,0x00000,0x03,,0x00,00,,0x00000,,*05
$GPNVS,7,160255,031026,A,73,0x00,-27,6,-1,581475,+4.27,-4.11*6E
$GPNVS,9,+10000000.004,+2.77269,+10000000.00,15,+0.019,+0.37,,+38.06,50.0,50.0,*6B
$GPNVS,10,1,0,0,+30,+30,2,100,0.5,1,9,30,1,-2,1.0,20,+6,1,2,8690,,,,*55
$GPNVS,15,0,0,0000,2400,2400.00,00000000,0.00,0.00,0.00,0.00,+9999,999*48
$GPNVS,1,160256,031026,A,N,61,N,0x00000,0x03,0x00,1,N*2F
$GPNVS,2,160256,031026,0.00,0.00,0.00,0.00,0.00,0.00,0.00,0.00,*6E
$GPNVS,3,160256,031026,0.00,0.00,0.00,0.00,,0.00,0,0,1,+38.06,*48
$GPNVS,4,160256,031026,0.00,0.00,,,,,,,*68
$GPNVS,5,160256,031026,5C9,0,0,+38.06,00000,00000,*2E
$GPNVS,6,0,A,1,0x00000,0x03,,0x00,00,,0x00000,,*05
$GPNVS,7,160256,031026,A,73,0x00,-27,6,0,581475,+4.28,-4.11*4E
$GPNVS,9,+10000000.006,+2.77269,+10000000.00,15,+0.019,+0.37,,+38.06,50.0,50.3,*6A
$GPNVS,10,1,0,0,+30,+30,2,100,0.5,1,9,30,1,-3,1.0,20,+6,1,2,8685,,,,*50
$GPNVS,15,0,0,0000,2400,2400.00,00000000,0.00,0.00,0.00,0.00,+9999,999*48
$GPNVS,1,160257,031026,A,N,62,N,0x00000,0x03,0x00,1,N*2D
$GPNVS,2,160257,031026,0.00,0.00,0.00,0.00,0.00,0.00,0.00,0.00,*6F
$GPNVS,3,160257,031026,0.00,0.00,0.00,0.00,,0.00,0,0,1,+38.06,*49
$GPNVS,4,160257,031026,0.00,0.00,,,,,,,*69
$GPNVS,5,160257,031026,5C9,0,0,+38.06,00000,00000,*2F
$GPNVS,6,0,A,1,0x00000,0x03,,0x00,00,,0x00000,,*05
$GPNVS,7,160257,031026,A,73,0x00,-27,6,-1,581474,+4.27,-4.11*6D
$GPNVS,9,+10000000.006,+2.77268,+10000000.00,15,+0.019,+0.37,,+38.06,50.0,50.3,*6B
$GPNVS,10,1,0,0,+30,+30,2,100,0.5,1,9,30,1,-2,1.0,20,+6,1,2,8680,,,,*54
$GPNVS,15,0,0,0000,2400,2400.00,00000000,0.00,0.00,0.00,0.00,+9999,999*48
$GPNVS,1,160258,031026,A,N,62,N,0x00000,0x03,0x00,1,N*22
$GPNVS,2,160258,031026,0.00,0.00,0.00,0.00,0.00,0.00,0.00,0.00,*60
$GPNVS,3,160258,031026,0.00,0.00,0.00,0.00,,0.00,0,0,1,+38.06,*46
$GPNVS,4,160258,031026,0.00,0.00,,,,,,,*66
$GPNVS,5,160258,031026,5C9,0,0,+38.06,00000,00000,*20
$GPNVS,6,0,A,1,0x00000,0x03,,0x00,00,,0x00000,,*05
$GPNVS,7,160258,031026,A,73,0x00,-27,6,-1,581473,+4.28,-4.11*6A
$GPNVS,9,+10000000.004,+2.77268,+10000000.00,15,+0.019,+0.37,,+38.06,50.0,50.9,*63
$GPNVS,10,1,0,0,+30,+30,2,100,0.5,1,9,30,1,-2,1.0,20,+6,1,2,8675,,,,*5E
$GPNVS,15,0,0,0000,2400,2400.00,00000000,0.00,0.00,0.00,0.00,+9999,999*48
$GPNVS,1,160259,031026,A,N,62,N,0x00000,0x03,0x00,1,N*23
$GPNVS,2,160259,031026,0.00,0.00,0.00,0.00,0.00,0.00,0.00,0.00,*61
$GPNVS,3,160259,031026,0.00,0.00,0.00,0.00,,0.00,0,0,1,+38.06,*47
$GPNVS,4,160259,031026,0.00,0.00,,,,,,,*67
$GPNVS,5,160259,031026,5C9,0,0,+38.06,00000,00000,*21
$GPNVS,6,0,A,1,0x00000,0x03,,0x00,00,,0x00000,,*05
$GPNVS,7,160259,031026,A,73,0x00,-27,6,-1,581472,+4.28,-4.11*6A
$GPNVS,9,+10000000.004,+2.77267,+10000000.00,15,+0.019,+0.37,,+38.06,50.0,50.6,*63
$GPNVS,10,1,0,0,+30,+30,2,100,0.5,1,9,30,1,-2,1.0,20,+6,1,2,8670,,,,*5B
$GPNVS,15,0,0,0000,2400,2400.00,00000000,0.00,0.00,0.00,0.00,+9999,999*48
$GPNVS,1,160300,031026,A,N,62,N,0x00000,0x03,0x00,1,N*2E
$GPNVS,2,160300,031026,0.00,0.00,0.00,0.00,0.00,0.00,0.00,0.00,*6C
$GPNVS,3,160300,031026,0.00,0.00,0.00,0.00,,0.00,0,0,1,+38.06,*4A
$GPNVS,4,160300,031026,0.00,0.00,,,,,,,*6A
$GPNVS,5,160300,031026,5C9,0,0,+38.06,00000,00000,*2C
$GPNVS,6,0,A,1,0x00000,0x03,,0x00,00,,0x00000,,*05
$GPNVS,7,160300,031026,A,73,0x00,-27,5,-1,581471,+4.27,-4.11*68
$GPNVS,9,+10000000.006,+2.77267,+10000000.05,15,+0.019,+0.37,,+38.06,50.0,49.3,*69
$GPNVS,10,1,0,0,+25,+25,2,100,0.5,1,9,30,1,-2,1.0,20,+6,1,2,8665,,,,*5F
$GPNVS,15,0,0,0000,2400,2400.00,00000000,0.00,0.00,0.00,0.00,+9999,999*48
$GPNVS,1,160301,031026,A,N,61,N,0x00000,0x03,0x00,1,N*2C
$GPNVS,2,160301,031026,0.00,0.00,0.00,0.00,0.00,0.00,0.00,0.00,*6D
$GPNVS,3,160301,031026,0.00,0.00,0.00,0.00,,0.00,0,0,1,+38.06,*4B
$GPNVS,4,160301,031026,0.00,0.00,,,,,,,*6B
$GPNVS,5,160301,031026,5C9,0,0,+38.06,00000,00000,*2D
$GPNVS,6,0,A,1,0x00000,0x03,,0x00,00,,0x00000,,*05
$GPNVS,7,160301,031026,A,73,0x00,-27,5,-1,581470,+4.27,-4.11*68
$GPNVS,9,+10000000.006,+2.77266,+10000000.00,15,+0.019,+0.37,,+38.06,50.0,50.3,*65
$GPNVS,10,1,0,0,+25,+25,2,100,0.5,1,9,30,1,-2,1.0,20,-14,1,2,8660,,,,*6F
$GPNVS,15,0,0,0000,2400,2400.00,00000000,0.00,0.00,0.00,0.00,-9999,999*4E
$GPNVS,1,160302,031026,A,N,60,N,0x00000,0x03,0x00,1,N*2E
$GPNVS,2,160302,031026,0.00,0.00,0.00,0.00,0.00,0.00,0.00,0.00,*6E
$GPNVS,3,160302,031026,0.00,0.00,0.00,0.00,,0.00,0,0,1,+38.06,*48
$GPNVS,4,160302,031026,0.00,0.00,,,,,,,*68
$GPNVS,5,160302,031026,5C9,0,0,+38.06,00000,00000,*2E
$GPNVS,6,0,A,1,0x00000,0x03,,0x00,00,,0x00000,,*05
$GPNVS,7,160302,031026,A,73,0x00,-12,5,-1,581469,+4.28,-4.11*6A
$GPNVS,9,+10000000.006,+2.77266,+10000000.00,15,+0.019,+0.37,,+38.06,50.0,49.3,*6D
$GPNVS,10,1,0,0,+25,+25,2,100,0.5,1,9,30,1,-1,1.0,20,-14,1,2,8655,,,,*6A
$GPNVS,15,0,0,0000,2400,2400.00,00000000,0.00,0.00,0.00,0.00,-9999,999*4E
$GPNVS,1,160303,031026,A,N,60,N,0x00000,0x03,0x00,1,N*2F
$GPNVS,2,160303,031026,0.00,0.00,0.00,0.00,0.00,0.00,0.00,0.00,*6F
$GPNVS,3,160303,031026,0.00,0.00,0.00,0.00,,0.00,0,0,1,+38.06,*49
$GPNVS,4,160303,031026,0.00,0.00,,,,,,,*69
$GPNVS,5,160303,031026,5C9,0,0,+38.06,00000,00000,*2F
$GPNVS,6,0,A,1,0x00000,0x03,,0x00,00,,0x00000,,*05
$GPNVS,7,160303,031026,A,73,0x00,-12,5,-1,581468,+4.28,-4.11*6A
$GPNVS,9,+10000000.006,+2.77265,+10000000.00,15,+0.019,+0.37,,+38.06,50.0,50.0,*65
$GPNVS,10,1,0,0,+25,+25,2,100,0.5,1,9,30,1,-2,1.0,20,-14,1,2,8650,,,,*6C
$GPNVS,15,0,0,0000,2400,2400.00,00000000,0.00,0.00,0.00,0.00,-9999,999*4E
$GPNVS,1,160304,031026,A,N,60,N,0x00000,0x03,0x00,1,N*28
$GPNVS,2,160304,031026,0.00,0.00,0.00,0.00,0.00,0.00,0.00,0.00,*68
$GPNVS,3,160304,031026,0.00,0.00,0.00,0.00,,0.00,0,0,1,+38.06,*4E
$GPNVS,4,160304,031026,0.00,0.00,,,,,,,*6E
$GPNVS,5,160304,031026,5C9,0,0,+38.06,00000,00000,*28
$GPNVS,6,0,A,1,0x00000,0x03,,0x00,00,,0x00000,,*05
$GPNVS,7,160304,031026,A,73,0x00,-12,5,-1,581467,+4.28,-4.11*62
$GPNVS,9,+10000000.006,+2.77265,+10000000.00,15,+0.019,+0.37,,+38.06,50.0,49.3,*6E
$GPNVS,10,1,0,0,+25,+25,2,100,0.5,1,9,30,1,-2,1.0,20,-14,1,2,8645,,,,*68
$GPNVS,15,0,0,0000,2400,2400.00,00000000,0.00,0.00,0.00,0.00,-9999,999*4E
$GPNVS,1,160305,031026,A,N,60,N,0x00000,0x03,0x00,1,N*29
$GPNVS,2,160305,031026,0.00,0.00,0.00,0.00,0.00,0.00,0.00,0.00,*69
$GPNVS,3,160305,031026,0.00,0.00,0.00,0.00,,0.00,0,0,1,+38.06,*4F
$GPNVS,4,160305,031026,0.00,0.00,,,,,,,*6F
$GPNVS,5,160305,031026,5C9,0,0,+38.06,00000,00000,*29
$GPNVS,6,0,A,1,0x00000,0x03,,0x00,00,,0x00000,,*05
$GPNVS,7,160305,031026,A,73,0x00,-12,5,-1,581466,+4.28,-4.11*62
$GPNVS,9,+10000000.006,+2.77264,+10000000.00,15,+0.019,+0.37,,+38.06,50.0,49.3,*6F
$GPNVS,10,1,0,0,+25,+25,2,100,0.5,1,9,30,1,-2,1.0,20,-14,1,2,8640,,,,*6D
$GPNVS,15,0,0,0000,2400,2400.00,00000000,0.00,0.00,0.00,0.00,-9999,999*4E
$GPNVS,99,,,*5C
$GPNVS,1,160306,031026,A,N,60,N,0x00000,0x03,0x00,1,N*2A
$GPNVS,2,160306,031026,0.00,0.00,0.00,0.00,0.00,0.00,0.00,0.00,*6A
$GPNVS,3,160306,031026,0.00,0.00,0.00,0.00,,0.00,0,0,1,+38.06,*4C
$GPNVS,4,160306,031026,0.00,0.00,,,,,,,*6C
$GPNVS,5,160306,031026,5C9,0,0,+38.06,00000,00000,*2A
$GPNVS,6,0,A,1,0x00000,0x03,,0x00,00,,0x00000,,*05
$GPNVS,7,160306,031026,A,73,0x00,-12,5,-1,581465,+4.28,-4.11*62
$GPNVS,9,+10000000.006,+2.77264,+10000000.00,15,+0.019,+0.37,,+38.06,50.0,50.3,*67
$GPNVS,10,1,0,0,+25,+25,2,100,0.5,1,9,30,1,-2,1.0,20,-14,1,2,8635,,,,*6F
$GPNVS,15,0,0,0000,2400,2400.00,00000000,0.00,0.00,0.00,0.00,-9999,999*4E
$GPNVS,1,160307,031026,A,N,60,N,0x00000,0x03,0x00,1,N*2B
$GPNVS,2,160307,031026,0.00,0.00,0.00,0.00,0.00,0.00,0.00,0.00,*6B
$GPNVS,3,160307,031026,0.00,0.00,0.00,0.00,,0.00,0,0,1,+38.06,*4D
$GPNVS,4,160307,031026,0.00,0.00,,,,,,,*6D
$GPNVS,5,160307,031026,5C9,0,0,+38.06,00000,00000,*2B
$GPNVS,6,0,A,1,0x00000,0x03,,0x00,00,,0x00000,,*05
$GPNVS,7,160307,031026,A,73,0x00,-12,4,-1,581464,+4.28,-4.11*63
$GPNVS,9,+10000000.006,+2.77263,+10000000.05,15,+0.019,+0.37,,+38.06,50.0,50.6,*60
$GPNVS,10,1,0,0,+20,+20,2,100,0.5,1,9,30,1,-2,1.0,20,-14,1,2,8630,,,,*6A
$GPNVS,15,0,0,0000,2400,2400.00,00000000,0.00,0.00,0.00,0.00,-9999,999*4E
$GPNVS,1,160308,031026,A,N,60,N,0x00000,0x03,0x00,1,N*24
$GPNVS,2,160308,031026,0.00,0.00,0.00,0.00,0.00,0.00,0.00,0.00,*64
$GPNVS,3,160308,031026,0.00,0.00,0.00,0.00,,0.00,0,0,1,+38.06,*42
$GPNVS,4,160308,031026,0.00,0.00,,,,,,,*62
$GPNVS,5,160308,031026,5C9,0,0,+38.06,00000,00000,*24
$GPNVS,6,0,A,1,0x00000,0x03,,0x00,00,,0x00000,,*05
$GPNVS,7,160308,031026,A,73,0x00,-12,4,-2,581462,+4.28,-4.11*69
$GPNVS,9,+10000000.006,+2.77262,+10000000.00,15,+0.019,+0.37,,+38.06,50.0,50.3,*61
$GPNVS,10,1,0,0,+20,+20,2,100,0.5,1,9,30,1,-2,1.0,20,-14,1,2,8625,,,,*6E
$GPNVS,15,0,0,0000,2400,2400.00,00000000,0.00,0.00,0.00,0.00,-9999,999*4E
$GPNVS,1,160309,031026,A,N,60,N,0x00000,0x03,0x00,1,N*25
$GPNVS,2,160309,031026,0.00,0.00,0.00,0.00,0.00,0.00,0.00,0.00,*65
$GPNVS,3,160309,031026,0.00,0.00,0.00,0.00,,0.00,0,0,1,+38.06,*43
$GPNVS,4,160309,031026,0.00,0.00,,,,,,,*63
$GPNVS,5,160309,031026,5C9,0,0,+38.06,00000,00000,*25
$GPNVS,6,0,A,1,0x00000,0x03,,0x00,00,,0x00000,,*05
$GPNVS,7,160309,031026,A,73,0x00,-12,4,-1,581461,+4.28,-4.11*68
$GPNVS,9,+10000000.006,+2.77262,+10000000.00,15,+0.019,+0.37,,+38.06,50.0,50.0,*62
$GPNVS,10,1,0,0,+20,+20,2,100,0.5,1,9,30,1,-1,1.0,20,-14,1,2,8620,,,,*68
$GPNVS,15,0,0,0000,2400,2400.00,00000000,0.00,0.00,0.00,0.00,-9999,999*4E
$GPNVS,1,160310,031026,A,N,60,N,0x00000,0x03,0x00,1,N*2D
$GPNVS,2,160310,031026,0.00,0.00,0.00,0.00,0.00,0.00,0.00,0.00,*6D
$GPNVS,3,160310,031026,0.00,0.00,0.00,0.00,,0.00,0,0,1,+38.06,*4B
$GPNVS,4,160310,031026,0.00,0.00,,,,,,,*6B
$GPNVS,5,160310,031026,5C9,0,0,+38.06,00000,00000,*2D
$GPNVS,6,0,A,1,0x00000,0x03,,0x00,00,,0x00000,,*05
$GPNVS,7,160310,031026,A,73,0x00,-12,4,-1,581460,+4.27,-4.11*6E
$GPNVS,9,+10000000.006,+2.77261,+10000000.00,15,+0.019,+0.37,,+38.06,50.0,50.6,*67
$GPNVS,10,1,0,0,+20,+20,2,100,0.5,1,9,30,1,-2,1.0,20,-14,1,2,8615,,,,*6D
$GPNVS,15,0,0,0000,2400,2400.00,00000000,0.00,0.00,0.00,0.00,-9999,999*4E
$GPNVS,1,160311,031026,A,N,60,N,0x00000,0x03,0x00,1,N*2C
$GPNVS,2,160311,031026,0.00,0.00,0.00,0.00,0.00,0.00,0.00,0.00,*6C
$GPNVS,3,160311,031026,0.00,0.00,0.00,0.00,,0.00,0,0,1,+38.06,*4A
$GPNVS,4,160311,031026,0.00,0.00,,,,,,,*6A
$GPNVS,5,160311,031026,5C9,0,0,+38.06,00000,00000,*2C
$GPNVS,6,0,A,1,0x00000,0x03,,0x00,00,,0x00000,,*05
$GPNVS,7,160311,031026,A,73,0x00,-12,4,-1,581459,+4.28,-4.11*6A
$GPNVS,9,+10000000.006,+2.77261,+10000000.00,15,+0.019,+0.37,,+38.06,50.0,50.6,*67
$GPNVS,10,1,0,0,+20,+20,2,100,0.5,1,9,30,1,-2,1.0,20,-14,1,2,8610,,,,*68
$GPNVS,15,0,0,0000,2400,2400.00,00000000,0.00,0.00,0.00,0.00,-9999,999*4E
$GPNVS,1,160312,031026,A,N,60,N,0x00000,0x03,0x00,1,N*2F
$GPNVS,2,160312,031026,0.00,0.00,0.00,0.00,0.00,0.00,0.00,0.00,*6F
$GPNVS,3,160312,031026,0.00,0.00,0.00,0.00,,0.00,0,0,1,+38.06,*49
$GPNVS,4,160312,031026,0.00,0.00,,,,,,,*69
$GPNVS,5,160312,031026,5C9,0,0,+38.06,00000,00000,*2F
$GPNVS,6,0,A,1,0x00000,0x03,,0x00,00,,0x00000,,*05
$GPNVS,7,160312,031026,A,73,0x00,-12,4,-1,581458,+4.28,-4.11*68
$GPNVS,9,+10000000.006,+2.77261,+10000000.00,15,+0.019,+0.37,,+38.06,50.0,50.6,*67
$GPNVS,10,1,0,0,+20,+20,2,100,0.5,1,9,30,1,-2,1.0,20,+2,1,2,8605,,,,*5D
$GPNVS,15,0,0,0000,2400,2400.00,00000000,0.00,0.00,0.00,0.00,+9999,999*48
$GPNVS,1,160313,031026,A,N,60,N,0x00000,0x03,0x00,1,N*2E
$GPNVS,2,160313,031026,0.00,0.00,0.00,0.00,0.00,0.00,0.00,0.00,*6E
$GPNVS,3,160313,031026,0.00,0.00,0.00,0.00,,0.00,0,0,1,+38.06,*48
$GPNVS,4,160313,031026,0.00,0.00,,,,,,,*68
$GPNVS,5,160313,031026,5C9,0,0,+38.06,00000,00000,*2E
$GPNVS,6,0,A,1,0x00000,0x03,,0x00,00,,0x00000,,*05
$GPNVS,7,160313,031026,A,73,0x00,-12,4,-1,581457,+4.27,-4.11*69
$GPNVS,9,+10000000.006,+2.77260,+10000000.00,15,+0.019,+0.37,,+38.06,50.0,50.3,*63
$GPNVS,10,1,0,0,+20,+20,2,100,0.5,1,9,30,1,-2,1.0,20,+2,1,2,8600,,,,*58
$GPNVS,15,0,0,0000,2400,2400.00,00000000,0.00,0.00,0.00,0.00,+9999,999*48
$GPNVS,1,160314,031026,A,N,60,N,0x00000,0x03,0x00,1,N*29
$GPNVS,2,160314,031026,0.00,0.00,0.00,0.00,0.00,0.00,0.00,0.00,*69
$GPNVS,3,160314,031026,0.00,0.00,0.00,0.00,,0.00,0,0,1,+38.06,*4F
$GPNVS,4,160314,031026,0.00,0.00,,,,,,,*6F
$GPNVS,5,160314,031026,5C9,0,0,+38.06,00000,00000,*29
$GPNVS,6,0,A,1,0x00000,0x03,,0x00,00,,0x00000,,*05
$GPNVS,7,160314,031026,A,73,0x00,-12,4,-1,581456,+4.28,-4.11*60
$GPNVS,9,+10000000.006,+2.77260,+10000000.00,15,+0.019,+0.37,,+38.06,50.0,49.0,*68
$GPNVS,10,1,0,0,+20,+20,2,100,0.5,1,9,30,1,-2,1.0,20,+2,1,2,8595,,,,*57
$GPNVS,15,0,0,0000,2400,2400.00,00000000,0.00,0.00,0.00,0.00,+9999,999*48
$GPNVS,1,160315,031026,A,N,60,N,0x00000,0x03,0x00,1,N*28
$GPNVS,2,160315,031026,0.00,0.00,0.00,0.00,0.00,0.00,0.00,0.00,*68
$GPNVS,3,160315,031026,0.00,0.00,0.00,0.00,,0.00,0,0,1,+38.06,*4E
$GPNVS,4,160315,031026,0.00,0.00,,,,,,,*6E
$GPNVS,5,160315,031026,5C9,0,0,+38.06,00000,00000,*28
$GPNVS,6,0,A,1,0x00000,0x03,,0x00,00,,0x00000,,*05
$GPNVS,7,160315,031026,A,73,0x00,-12,4,-1,581455,+4.27,-4.11*6D
$GPNVS,9,+10000000.006,+2.77259,+10000000.00,15,+0.019,+0.37,,+38.06,50.0,50.6,*6C
$GPNVS,10,1,0,0,+20,+20,2,100,0.5,1,9,30,1,-2,1.0,20,+2,1,2,8590,,,,*52
$GPNVS,15,0,0,0000,2400,2400.00,00000000,0.00,0.00,0.00,0.00,+9999,999*48
$GPNVS,1,160316,031026,A,N,60,N,0x00000,0x03,0x00,1,N*2B
$GPNVS,2,160316,031026,0.00,0.00,0.00,0.00,0.00,0.00,0.00,0.00,*6B
$GPNVS,3,160316,031026,0.00,0.00,0.00,0.00,,0.00,0,0,1,+38.06,*4D
$GPNVS,4,160316,031026,0.00,0.00,,,,,,,*6D
$GPNVS,5,160316,031026,5C9,0,0,+38.06,00000,00000,*2B
$GPNVS,6,0,A,1,0x00000,0x03,,0x00,00,,0x00000,,*05
$GPNVS,7,160316,031026,A,73,0x00,-12,4,-2,581453,+4.28,-4.11*64
$GPNVS,9,+10000000.006,+2.77258,+10000000.00,15,+0.019,+0.37,,+38.06,50.0,49.6,*65
$GPNVS,10,1,0,0,+20,+20,2,100,0.5,1,9,30,1,-1,1.0,20,+2,1,2,8585,,,,*55
$GPNVS,15,0,0,0000,2400,2400.00,00000000,0.00,0.00,0.00,0.00,+9999,999*48
$GPNVS,1,160317,031026,A,N,60,N,0x00000,0x03,0x00,1,N*2A
$GPNVS,2,160317,031026,0.00,0.00,0.00,0.00,0.00,0.00,0.00,0.00,*6A
$GPNVS,3,160317,031026,0.00,0.00,0.00,0.00,,0.00,0,0,1,+38.06,*4C
$GPNVS,4,160317,031026,0.00,0.00,,,,,,,*6C
$GPNVS,5,160317,031026,5C9,0,0,+38.06,00000,00000,*2A
$GPNVS,6,0,A,1,0x00000,0x03,,0x00,00,,0x00000,,*05
$GPNVS,7,160317,031026,A,73,0x00,-3,4,-1,581452,+4.28,-4.11*57
$GPNVS,9,+10000000.004,+2.77258,+10000000.00,15,+0.019,+0.37,,+38.06,50.0,50.3,*6A
$GPNVS,10,1,0,0,+20,+20,2,100,0.5,1,9,30,1,-1,1.0,20,+2,1,2,8580,,,,*50
$GPNVS,15,0,0,0000,2400,2400.00,00000000,0.00,0.00,0.00,0.00,+9999,999*48
$GPNVS,1,160318,031026,A,N,60,N,0x00000,0x03,0x00,1,N*25
$GPNVS,2,160318,031026,0.00,0.00,0.00,0.00,0.00,0.00,0.00,0.00,*65
$GPNVS,3,160318,031026,0.00,0.00,0.00,0.00,,0.00,0,0,1,+38.06,*43
$GPNVS,4,160318,031026,0.00,0.00,,,,,,,*63
$GPNVS,5,160318,031026,5C9,0,0,+38.06,00000,00000,*25
$GPNVS,6,0,A,1,0x00000,0x03,,0x00,00,,0x00000,,*05
$GPNVS,7,160318,031026,A,73,0x00,-3,4,-1,581451,+4.27,-4.11*54
$GPNVS,9,+10000000.004,+2.77257,+10000000.00,15,+0.019,+0.37,,+38.06,50.0,50.9,*6F
$GPNVS,10,1,0,0,+20,+20,2,100,0.5,1,9,30,1,-1,1.0,20,+2,1,2,8575,,,,*5A
$GPNVS,15,0,0,0000,2400,2400.00,00000000,0.00,0.00,0.00,0.00,+9999,999*48
$GPNVS,1,160319,031026,A,N,60,N,0x00000,0x03,0x00,1,N*24
$GPNVS,2,160319,031026,0.00,0.00,0.00,0.00,0.00,0.00,0.00,0.00,*64
$GPNVS,3,160319,031026,0.00,0.00,0.00,0.00,,0.00,0,0,1,+38.06,*42
$GPNVS,4,160319,031026,0.00,0.00,,,,,,,*62
$GPNVS,5,160319,031026,5C9,0,0,+38.06,00000,00000,*24
$GPNVS,6,0,A,1,0x00000,0x03,,0x00,00,,0x00000,,*05
$GPNVS,7,160319,031026,A,73,0x00,-3,4,-1,581450,+4.28,-4.11*5B
$GPNVS,9,+10000000.004,+2.77257,+10000000.00,15,+0.019,+0.37,,+38.06,50.0,50.6,*60
$GPNVS,10,1,0,0,+20,+20,2,100,0.5,1,9,30,1,-1,1.0,20,+2,1,2,8570,,,,*5F
$GPNVS,15,0,0,0000,2400,2400.00,00000000,0.00,0.00,0.00,0.00,+9999,999*48
$GPNVS,1,160320,031026,A,N,60,N,0x00000,0x03,0x00,1,N*2E
$GPNVS,2,160320,031026,0.00,0.00,0.00,0.00,0.00,0.00,0.00,0.00,*6E
$GPNVS,3,160320,031026,0.00,0.00,0.00,0.00,,0.00,0,0,1,+38.06,*48
$GPNVS,4,160320,031026,0.00,0.00,,,,,,,*68
$GPNVS,5,160320,031026,5C9,0,0,+38.06,00000,00000,*2E
$GPNVS,6,0,A,1,0x00000,0x03,,0x00,00,,0x00000,,*05
$GPNVS,7,160320,031026,A,73,0x00,-3,4,-2,581448,+4.28,-4.11*5B
$GPNVS,9,+10000000.004,+2.77256,+10000000.00,15,+0.019,+0.37,,+38.06,50.0,50.3,*64
$GPNVS,10,1,0,0,+20,+20,2,100,0.5,1,9,30,1,-1,1.0,20,+2,1,2,8565,,,,*5B
$GPNVS,15,0,0,0000,2400,2400.00,00000000,0.00,0.00,0.00,0.00,+9999,999*48
$GPNVS,99,,,*5C
$GPNVS,1,160321,031026,A,N,60,N,0x00000,0x03,0x00,1,N*2F
$GPNVS,2,160321,031026,0.00,0.00,0.00,0.00,0.00,0.00,0.00,0.00,*6F
$GPNVS,3,160321,031026,0.00,0.00,0.00,0.00,,0.00,0,0,1,+38.06,*49
$GPNVS,4,160321,031026,0.00,0.00,,,,,,,*69
$GPNVS,5,160321,031026,5C9,0,0,+38.06,00000,00000,*2F
$GPNVS,6,0,A,1,0x00000,0x03,,0x00,00,,0x00000,,*05
$GPNVS,7,160321,031026,A,73,0x00,-3,2,-1,581447,+4.28,-4.11*50
$GPNVS,9,+10000000.006,+2.77255,+10000000.09,15,+0.019,+0.37,,+38.06,50.0,50.3,*6C
$GPNVS,10,1,0,0,+10,+15,2,100,0.5,1,9,30,1,-1,1.0,20,+2,1,2,8560,,,,*5B
$GPNVS,15,0,0,0000,2400,2400.00,00000000,0.00,0.00,0.00,0.00,+9999,999*48
$GPNVS,1,160322,031026,A,N,60,N,0x00000,0x03,0x00,1,N*2C
$GPNVS,2,160322,031026,0.00,0.00,0.00,0.00,0.00,0.00,0.00,0.00,*6C
$GPNVS,3,160322,031026,0.00,0.00,0.00,0.00,,0.00,0,0,1,+38.06,*4A
$GPNVS,4,160322,031026,0.00,0.00,,,,,,,*6A
$GPNVS,5,160322,031026,5C9,0,0,+38.06,00000,00000,*2C
$GPNVS,6,0,A,1,0x00000,0x03,,0x00,00,,0x00000,,*05
$GPNVS,7,160322,031026,A,73,0x00,-3,3,-1,581446,+4.27,-4.11*5C
$GPNVS,9,+10000000.006,+2.77255,+9999999.949,15,+0.019,+0.37,,+38.06,50.0,50.3,*69
$GPNVS,10,1,0,0,+15,+10,2,100,0.5,1,9,30,1,-1,1.0,20,+2,1,2,8555,,,,*5D
$GPNVS,15,0,0,0000,2400,2400.00,00000000,0.00,0.00,0.00,0.00,+9999,999*48
$GPNVS,1,160323,031026,A,N,60,N,0x00000,0x03,0x00,1,N*2D
$GPNVS,2,160323,031026,0.00,0.00,0.00,0.00,0.00,0.00,0.00,0.00,*6D
$GPNVS,3,160323,031026,0.00,0.00,0.00,0.00,,0.00,0,0,1,+38.06,*4B
$GPNVS,4,160323,031026,0.00,0.00,,,,,,,*6B
$GPNVS,5,160323,031026,5C9,0,0,+38.06,00000,00000,*2D
$GPNVS,6,0,A,1,0x00000,0x03,,0x00,00,,0x00000,,*05
$GPNVS,7,160323,031026,A,73,0x00,-3,3,-1,581445,+4.27,-4.11*5E
$GPNVS,9,+10000000.006,+2.77254,+10000000.00,15,+0.019,+0.37,,+38.06,50.0,50.3,*64
$GPNVS,10,1,0,0,+15,+15,2,100,0.5,1,9,30,1,+0,1.0,20,-18,1,2,8550,,,,*67
$GPNVS,15,0,0,0000,2400,2400.00,00000000,0.00,0.00,0.00,0.00,-9999,999*4E
$GPNVS,1,160324,031026,A,N,60,N,0x00000,0x03,0x00,1,N*2A
$GPNVS,2,160324,031026,0.00,0.00,0.00,0.00,0.00,0.00,0.00,0.00,*6A
$GPNVS,3,160324,031026,0.00,0.00,0.00,0.00,,0.00,0,0,1,+38.06,*4C
$GPNVS,4,160324,031026,0.00,0.00,,,,,,,*6C
$GPNVS,5,160324,031026,5C9,0,0,+38.06,00000,00000,*2A
$GPNVS,6,0,A,1,0x00000,0x03,,0x00,00,,0x00000,,*05
$GPNVS,7,160324,031026,A,73,0x00,-3,3,-2,581443,+4.28,-4.11*53
$GPNVS,9,+10000000.006,+2.77253,+10000000.00,15,+0.019,+0.37,,+38.06,50.0,50.3,*63
$GPNVS,10,1,0,0,+15,+15,2,100,0.5,1,9,30,1,-1,1.0,20,-18,1,2,8545,,,,*64
$GPNVS,15,0,0,0000,2400,2400.00,00000000,0.00,0.00,0.00,0.00,-9999,999*4E
$GPNVS,1,160325,031026,A,N,60,N,0x00000,0x03,0x00,1,N*2B
$GPNVS,2,160325,031026,0.00,0.00,0.00,0.00,0.00,0.00,0.00,0.00,*6B
$GPNVS,3,160325,031026,0.00,0.00,0.00,0.00,,0.00,0,0,1,+38.06,*4D
$GPNVS,4,160325,031026,0.00,0.00,,,,,,,*6D
$GPNVS,5,160325,031026,5C9,0,0,+38.06,00000,00000,*2B
$GPNVS,6,0,A,1,0x00000,0x03,,0x00,00,,0x00000,,*05
$GPNVS,7,160325,031026,A,73,0x00,-3,4,-1,581442,+4.27,-4.11*58
$GPNVS,9,+10000000.004,+2.77253,+9999999.949,15,+0.019,+0.37,,+38.06,50.0,50.3,*6D
$GPNVS,10,1,0,0,+20,+15,2,100,0.5,1,9,30,1,-1,1.0,20,-18,1,2,8540,,,,*67
$GPNVS,15,0,0,0000,2400,2400.00,00000000,0.00,0.00,0.00,0.00,-9999,999*4E
$GPNVS,1,160326,031026,A,N,60,N,0x00000,0x03,0x00,1,N*28
$GPNVS,2,160326,031026,0.00,0.00,0.00,0.00,0.00,0.00,0.00,0.00,*68
$GPNVS,3,160326,031026,0.00,0.00,0.00,0.00,,0.00,0,0,1,+38.06,*4E
$GPNVS,4,160326,031026,0.00,0.00,,,,,,,*6E
$GPNVS,5,160326,031026,5C9,0,0,+38.06,00000,00000,*28
$GPNVS,6,0,A,1,0x00000,0x03,,0x00,00,,0x00000,,*05
$GPNVS,7,160326,031026,A,73,0x00,-3,5,-1,581441,+4.28,-4.11*56
$GPNVS,9,+10000000.003,+2.77252,+9999999.949,15,+0.019,+0.37,,+38.06,50.0,50.6,*6E
$GPNVS,10,1,0,0,+25,+20,2,100,0.5,1,9,30,1,-1,1.0,20,-18,1,2,8535,,,,*66
$GPNVS,15,0,0,0000,2400,2400.00,00000000,0.00,0.00,0.00,0.00,-9999,999*4E
$GPNVS,1,160327,031026,A,N,60,N,0x00000,0x03,0x00,1,N*29
$GPNVS,2,160327,031026,0.00,0.00,0.00,0.00,0.00,0.00,0.00,0.00,*69
$GPNVS,3,160327,031026,0.00,0.00,0.00,0.00,,0.00,0,0,1,+38.06,*4F
$GPNVS,4,160327,031026,0.00,0.00,,,,,,,*6F
$GPNVS,5,160327,031026,5C9,0,0,+38.06,00000,00000,*29
$GPNVS,6,0,A,1,0x00000,0x03,,0x00,00,,0x00000,,*05
$GPNVS,7,160327,031026,A,73,0x00,-3,5,-1,581440,+4.28,-4.11*56
$GPNVS,9,+10000000.004,+2.77252,+10000000.00,15,+0.019,+0.37,,+38.06,50.0,50.3,*60
$GPNVS,10,1,0,0,+25,+25,2,100,0.5,1,9,30,1,-1,1.0,20,-18,1,2,8530,,,,*66
$GPNVS,15,0,0,0000,2400,2400.00,00000000,0.00,0.00,0.00,0.00,-9999,999*4E
$GPNVS,1,160328,031026,A,N,60,N,0x00000,0x03,0x00,1,N*26
$GPNVS,2,160328,031026,0.00,0.00,0.00,0.00,0.00,0.00,0.00,0.00,*66
$GPNVS,3,160328,031026,0.00,0.00,0.00,0.00,,0.00,0,0,1,+38.06,*40
$GPNVS,4,160328,031026,0.00,0.00,,,,,,,*60
$GPNVS,5,160328,031026,5C9,0,0,+38.06,00000,00000,*26
$GPNVS,6,0,A,1,0x00000,0x03,,0x00,00,,0x00000,,*05
$GPNVS,7,160328,031026,A,73,0x00,-3,4,-1,581439,+4.28,-4.11*56
$GPNVS,9,+10000000.004,+2.77251,+10000000.05,15,+0.019,+0.37,,+38.06,50.0,50.6,*63
$GPNVS,10,1,0,0,+20,+20,2,100,0.5,1,9,30,1,+0,1.0,20,-18,1,2,8525,,,,*65
$GPNVS,15,0,0,0000,2400,2400.00,00000000,0.00,0.00,0.00,0.00,-9999,999*4E
$GPNVS,1,160329,031026,A,N,60,N,0x00000,0x03,0x00,1,N*27
$GPNVS,2,160329,031026,0.00,0.00,0.00,0.00,0.00,0.00,0.00,0.00,*67
$GPNVS,3,160329,031026,0.00,0.00,0.00,0.00,,0.00,0,0,1,+38.06,*41
$GPNVS,4,160329,031026,0.00,0.00,,,,,,,*61
$GPNVS,5,160329,031026,5C9,0,0,+38.06,00000,00000,*27
$GPNVS,6,0,A,1,0x00000,0x03,,0x00,00,,0x00000,,*05
$GPNVS,7,160329,031026,A,73,0x00,-3,4,-1,581438,+4.28,-4.11*56
$GPNVS,9,+10000000.004,+2.77251,+10000000.00,15,+0.019,+0.37,,+38.06,50.0,50.9,*69
$GPNVS,10,1,0,0,+20,+20,2,100,0.5,1,9,30,1,+0,1.0,20,-18,1,2,8520,,,,*60
$GPNVS,15,0,0,0000,2400,2400.00,00000000,0.00,0.00,0.00,0.00,-9999,999*4E
$GPNVS,1,160330,031026,A,N,60,N,0x00000,0x03,0x00,1,N*2F
$GPNVS,2,160330,031026,0.00,0.00,0.00,0.00,0.00,0.00,0.00,0.00,*6F
$GPNVS,3,160330,031026,0.00,0.00,0.00,0.00,,0.00,0,0,1,+38.06,*49
$GPNVS,4,160330,031026,0.00,0.00,,,,,,,*69
$GPNVS,5,160330,031026,5C9,0,0,+38.06,00000,00000,*2F
$GPNVS,6,0,A,1,0x00000,0x03,,0x00,00,,0x00000,,*05
$GPNVS,7,160330,031026,A,73,0x00,-3,5,-1,581437,+4.27,-4.11*5F
$GPNVS,9,+10000000.004,+2.77251,+9999999.949,15,+0.019,+0.37,,+38.06,50.0,50.9,*65
$GPNVS,10,1,0,0,+25,+20,2,100,0.5,1,9,30,1,+0,1.0,20,-18,1,2,8515,,,,*63
$GPNVS,15,0,0,0000,2400,2400.00,00000000,0.00,0.00,0.00,0.00,-9999,999*4E
$GPNVS,1,160331,031026,A,N,60,N,0x00000,0x03,0x00,1,N*2E
$GPNVS,2,160331,031026,0.00,0.00,0.00,0.00,0.00,0.00,0.00,0.00,*6E
$GPNVS,3,160331,031026,0.00,0.00,0.00,0.00,,0.00,0,0,1,+38.06,*48
$GPNVS,4,160331,031026,0.00,0.00,,,,,,,*68
$GPNVS,5,160331,031026,5C9,0,0,+38.06,00000,00000,*2E
$GPNVS,6,0,A,1,0x00000,0x03,,0x00,00,,0x00000,,*05
$GPNVS,7,160331,031026,A,73,0x00,-3,5,0,581437,+4.28,-4.11*7D
$GPNVS,9,+10000000.003,+2.77251,+10000000.00,15,+0.019,+0.37,,+38.06,50.0,50.9,*6E
$GPNVS,10,1,0,0,+25,+25,2,100,0.5,1,9,30,1,+1,1.0,20,-18,1,2,8510,,,,*62
$GPNVS,15,0,0,0000,2400,2400.00,00000000,0.00,0.00,0.00,0.00,-9999,999*4E
$GPNVS,1,160332,031026,A,N,60,N,0x00000,0x03,0x00,1,N*2D
$GPNVS,2,160332,031026,0.00,0.00,0.00,0.00,0.00,0.00,0.00,0.00,*6D
$GPNVS,3,160332,031026,0.00,0.00,0.00,0.00,,0.00,0,0,1,+38.06,*4B
$GPNVS,4,160332,031026,0.00,0.00,,,,,,,*6B
$GPNVS,5,160332,031026,5C9,0,0,+38.06,00000,00000,*2D
$GPNVS,6,0,A,1,0x00000,0x03,,0x00,00,,0x00000,,*05
$GPNVS,7,160332,031026,A,73,0x00,3,5,-1,581436,+4.28,-4.11*7E
$GPNVS,9,+10000000.003,+2.77250,+10000000.00,15,+0.019,+0.37,,+38.06,50.0,50.0,*66
$GPNVS,10,1,0,0,+25,+25,2,100,0.5,1,9,30,1,+1,1.0,20,-18,1,2,8505,,,,*66
$GPNVS,15,0,0,0000,2400,2400.00,00000000,0.00,0.00,0.00,0.00,-9999,999*4E
$GPNVS,1,160333,031026,A,N,60,N,0x00000,0x03,0x00,1,N*2C
$GPNVS,2,160333,031026,0.00,0.00,0.00,0.00,0.00,0.00,0.00,0.00,*6C
$GPNVS,3,160333,031026,0.00,0.00,0.00,0.00,,0.00,0,0,1,+38.06,*4A
$GPNVS,4,160333,031026,0.00,0.00,,,,,,,*6A
$GPNVS,5,160333,031026,5C9,0,0,+38.06,00000,00000,*2C
$GPNVS,6,0,A,1,0x00000,0x03,,0x00,00,,0x00000,,*05
$GPNVS,7,160333,031026,A,73,0x00,3,5,-1,581435,+4.27,-4.11*73
$GPNVS,9,+10000000.003,+2.77250,+10000000.00,15,+0.019,+0.37,,+38.06,50.0,49.6,*68
$GPNVS,10,1,0,0,+25,+25,2,100,0.5,1,9,30,1,+1,1.0,20,-18,1,2,8500,,,,*63
$GPNVS,15,0,0,0000,2400,2400.00,00000000,0.00,0.00,0.00,0.00,+9999,999*48
$GPNVS,1,160334,031026,A,N,60,N,0x00000,0x03,0x00,1,N*2B
$GPNVS,2,160334,031026,0.00,0.00,0.00,0.00,0.00,0.00,0.00,0.00,*6B
$GPNVS,3,160334,031026,0.00,0.00,0.00,0.00,,0.00,0,0,1,+38.06,*4D
$GPNVS,4,160334,031026,0.00,0.00,,,,,,,*6D
$GPNVS,5,160334,031026,5C9,0,0,+38.06,00000,00000,*2B
$GPNVS,6,0,A,1,0x00000,0x03,,0x00,00,,0x00000,,*05
$GPNVS,7,160334,031026,A,73,0x00,3,4,0,581435,+4.28,-4.11*56
$GPNVS,9,+10000000.004,+2.77250,+10000000.05,15,+0.019,+0.37,,+38.06,50.0,51.9,*6C
$GPNVS,10,1,0,0,+20,+20,2,100,0.5,1,9,30,1,+1,1.0,20,+18,1,2,8495,,,,*68
$GPNVS,15,0,0,0000,2400,2400.00,00000000,0.00,0.00,0.00,0.00,+9999,999*48
$GPNVS,1,160335,031026,A,N,60,N,0x00000,0x03,0x00,1,N*2A
$GPNVS,2,160335,031026,0.00,0.00,0.00,0.00,0.00,0.00,0.00,0.00,*6A
$GPNVS,3,160335,031026,0.00,0.00,0.00,0.00,,0.00,0,0,1,+38.06,*4C
$GPNVS,4,160335,031026,0.00,0.00,,,,,,,*6C
$GPNVS,5,160335,031026,5C9,0,0,+38.06,00000,00000,*2A
$GPNVS,6,0,A,1,0x00000,0x03,,0x00,00,,0x00000,,*05
$GPNVS,7,160335,031026,A,73,0x00,3,4,-1,581434,+4.27,-4.11*75
$GPNVS,9,+10000000.004,+2.77249,+10000000.00,15,+0.019,+0.37,,+38.06,50.0,50.6,*6F
$GPNVS,10,1,0,0,+20,+20,2,100,0.5,1,9,30,1,+1,1.0,20,+18,1,2,8490,,,,*6D
$GPNVS,15,0,0,0000,2400,2400.00,00000000,0.00,0.00,0.00,0.00,+9999,999*48
$GPNVS,99,,,*5C
$GPNVS,1,160336,031026,A,N,60,N,0x00000,0x03,0x00,1,N*29
$GPNVS,2,160336,031026,0.00,0.00,0.00,0.00,0.00,0.00,0.00,0.00,*69
$GPNVS,3,160336,031026,0.00,0.00,0.00,0.00,,0.00,0,0,1,+38.06,*4F
$GPNVS,4,160336,031026,0.00,0.00,,,,,,,*6F
$GPNVS,5,160336,031026,5C9,0,0,+38.06,00000,00000,*29
$GPNVS,6,0,A,1,0x00000,0x03,,0x00,00,,0x00000,,*05
$GPNVS,7,160336,031026,A,73,0x00,3,4,0,581434,+4.28,-4.11*55
$GPNVS,9,+10000000.003,+2.77249,+10000000.00,15,+0.019,+0.37,,+38.06,50.0,49.6,*60
$GPNVS,10,1,0,0,+20,+20,2,100,0.5,1,9,30,1,+1,1.0,20,+18,1,2,8485,,,,*69
$GPNVS,15,0,0,0000,2400,2400.00,00000000,0.00,0.00,0.00,0.00,+9999,999*48
$GPNVS,1,160337,031026,A,N,60,N,0x00000,0x03,0x00,1,N*28
$GPNVS,2,160337,031026,0.00,0.00,0.00,0.00,0.00,0.00,0.00,0.00,*68
$GPNVS,3,160337,031026,0.00,0.00,0.00,0.00,,0.00,0,0,1,+38.06,*4E
$GPNVS,4,160337,031026,0.00,0.00,,,,,,,*6E
$GPNVS,5,160337,031026,5C9,0,0,+38.06,00000,00000,*28
$GPNVS,6,0,A,1,0x00000,0x03,,0x00,00,,0x00000,,*05
$GPNVS,7,160337,031026,A,73,0x00,3,4,-1,581433,+4.28,-4.11*7F
$GPNVS,9,+10000000.003,+2.77249,+10000000.00,15,+0.019,+0.37,,+38.06,50.0,49.6,*60
$GPNVS,10,1,0,0,+20,+20,2,100,0.5,1,9,30,1,+1,1.0,20,+18,1,2,8480,,,,*6C
$GPNVS,15,0,0,0000,2400,2400.00,00000000,0.00,0.00,0.00,0.00,+9999,999*48
$GPNVS,1,160338,031026,A,N,60,N,0x00000,0x03,0x00,1,N*27
$GPNVS,2,160338,031026,0.00,0.00,0.00,0.00,0.00,0.00,0.00,0.00,*67
$GPNVS,3,160338,031026,0.00,0.00,0.00,0.00,,0.00,0,0,1,+38.06,*41
$GPNVS,4,160338,031026,0.00,0.00,,,,,,,*61
$GPNVS,5,160338,031026,5C9,0,0,+38.06,00000,00000,*27
$GPNVS,6,0,A,1,0x00000,0x03,,0x00,00,,0x00000,,*05
$GPNVS,7,160338,031026,A,73,0x00,3,3,-1,581432,+4.28,-4.11*76
$GPNVS,9,+10000000.004,+2.77248,+10000000.05,15,+0.019,+0.37,,+38.06,50.0,50.3,*6E
$GPNVS,10,1,0,0,+15,+15,2,100,0.5,1,9,30,1,+1,1.0,20,+18,1,2,8475,,,,*66
$GPNVS,15,0,0,0000,2400,2400.00,00000000,0.00,0.00,0.00,0.00,+9999,999*48
$GPNVS,1,160339,031026,A,N,60,N,0x00000,0x03,0x00,1,N*26
$GPNVS,2,160339,031026,0.00,0.00,0.00,0.00,0.00,0.00,0.00,0.00,*66
$GPNVS,3,160339,031026,0.00,0.00,0.00,0.00,,0.00,0,0,1,+38.06,*40
$GPNVS,4,160339,031026,0.00,0.00,,,,,,,*60
$GPNVS,5,160339,031026,5C9,0,0,+38.06,00000,00000,*26
$GPNVS,6,0,A,1,0x00000,0x03,,0x00,00,,0x00000,,*05
$GPNVS,7,160339,031026,A,73,0x00,3,3,0,581432,+4.28,-4.11*5B
$GPNVS,9,+10000000.004,+2.77248,+10000000.00,15,+0.019,+0.37,,+38.06,50.0,50.0,*68
$GPNVS,10,1,0,0,+15,+15,2,100,0.5,1,9,30,1,+1,1.0,20,+18,1,2,8470,,,,*63
$GPNVS,15,0,0,0000,2400,2400.00,00000000,0.00,0.00,0.00,0.00,+9999,999*48
$GPNVS,1,160340,031026,A,N,60,N,0x00000,0x03,0x00,1,N*28
$GPNVS,2,160340,031026,0.00,0.00,0.00,0.00,0.00,0.00,0.00,0.00,*68
$GPNVS,3,160340,031026,0.00,0.00,0.00,0.00,,0.00,0,0,1,+38.06,*4E
$GPNVS,4,160340,031026,0.00,0.00,,,,,,,*6E
$GPNVS,5,160340,031026,5C9,0,0,+38.06,00000,00000,*28
$GPNVS,6,0,A,1,0x00000,0x03,,0x00,00,,0x00000,,*05
$GPNVS,7,160340,031026,A,73,0x00,3,3,-1,581431,+4.28,-4.11*7A
$GPNVS,9,+10000000.004,+2.77248,+10000000.00,15,+0.019,+0.37,,+38.06,50.0,50.3,*6B
$GPNVS,10,1,0,0,+15,+15,2,100,0.5,1,9,30,1,+1,1.0,20,+18,1,2,8465,,,,*67
$GPNVS,15,0,0,0000,2400,2400.00,00000000,0.00,0.00,0.00,0.00,+9999,999*48
$GPNVS,1,160341,031026,A,N,60,N,0x00000,0x03,0x00,1,N*29
$GPNVS,2,160341,031026,0.00,0.00,0.00,0.00,0.00,0.00,0.00,0.00,*69
$GPNVS,3,160341,031026,0.00,0.00,0.00,0.00,,0.00,0,0,1,+38.06,*4F
$GPNVS,4,160341,031026,0.00,0.00,,,,,,,*6F
$GPNVS,5,160341,031026,5C9,0,0,+38.06,00000,00000,*29
$GPNVS,6,0,A,1,0x00000,0x03,,0x00,00,,0x00000,,*05
$GPNVS,7,160341,031026,A,73,0x00,3,3,-1,581430,+4.27,-4.11*75
$GPNVS,9,+10000000.004,+2.77247,+10000000.00,15,+0.019,+0.37,,+38.06,50.0,51.2,*64
$GPNVS,10,1,0,0,+15,+15,2,100,0.5,1,9,30,1,-1,1.0,20,+18,1,2,8460,,,,*64
$GPNVS,15,0,0,0000,2400,2400.00,00000000,0.00,0.00,0.00,0.00,+9999,999*48
$GPNVS,1,160342,031026,A,N,60,N,0x00000,0x03,0x00,1,N*2A
$GPNVS,2,160342,031026,0.00,0.00,0.00,0.00,0.00,0.00,0.00,0.00,*6A
$GPNVS,3,160342,031026,0.00,0.00,0.00,0.00,,0.00,0,0,1,+38.06,*4C
$GPNVS,4,160342,031026,0.00,0.00,,,,,,,*6C
$GPNVS,5,160342,031026,5C9,0,0,+38.06,00000,00000,*2A
$GPNVS,6,0,A,1,0x00000,0x03,,0x00,00,,0x00000,,*05
$GPNVS,7,160342,031026,A,73,0x00,3,2,-1,581429,+4.27,-4.11*7F
$GPNVS,9,+10000000.004,+2.77247,+10000000.05,15,+0.019,+0.37,,+38.06,50.0,50.3,*61
$GPNVS,10,1,0,0,+10,+10,2,100,0.5,1,9,30,1,-1,1.0,20,+18,1,2,8455,,,,*62
$GPNVS,15,0,0,0000,2400,2400.00,00000000,0.00,0.00,0.00,0.00,+9999,999*48
$GPNVS,1,160343,031026,A,N,60,N,0x00000,0x03,0x00,1,N*2B
$GPNVS,2,160343,031026,0.00,0.00,0.00,0.00,0.00,0.00,0.00,0.00,*6B
$GPNVS,3,160343,031026,0.00,0.00,0.00,0.00,,0.00,0,0,1,+38.06,*4D
$GPNVS,4,160343,031026,0.00,0.00,,,,,,,*6D
$GPNVS,5,160343,031026,5C9,0,0,+38.06,00000,00000,*2B
$GPNVS,6,0,A,1,0x00000,0x03,,0x00,00,,0x00000,,*05
$GPNVS,7,160343,031026,A,73,0x00,3,2,-1,581428,+4.27,-4.11*7F
$GPNVS,9,+10000000.004,+2.77246,+10000000.00,15,+0.019,+0.37,,+38.06,50.0,50.3,*65
$GPNVS,10,1,0,0,+10,+10,2,100,0.5,1,9,30,1,-1,1.0,20,+18,1,2,8450,,,,*67
$GPNVS,15,0,0,0000,2400,2400.00,00000000,0.00,0.00,0.00,0.00,+9999,999*48
$GPNVS,1,160344,031026,A,N,60,N,0x00000,0x03,0x00,1,N*2C
$GPNVS,2,160344,031026,0.00,0.00,0.00,0.00,0.00,0.00,0.00,0.00,*6C
$GPNVS,3,160344,031026,0.00,0.00,0.00,0.00,,0.00,0,0,1,+38.06,*4A
$GPNVS,4,160344,031026,0.00,0.00,,,,,,,*6A
$GPNVS,5,160344,031026,5C9,0,0,+38.06,00000,00000,*2C
$GPNVS,6,0,A,1,0x00000,0x03,,0x00,00,,0x00000,,*05
$GPNVS,7,160344,031026,A,73,0x00,3,3,-1,581427,+4.27,-4.11*76
$GPNVS,9,+10000000.003,+2.77246,+9999999.949,15,+0.019,+0.37,,+38.06,50.0,50.3,*6E
$GPNVS,10,1,0,0,+15,+10,2,100,0.5,1,9,30,1,-2,1.0,20,-2,1,2,8445,,,,*58
$GPNVS,15,0,0,0000,2400,2400.00,00000000,0.00,0.00,0.00,0.00,-9999,999*4E
$GPNVS,1,160345,031026,A,N,60,N,0x00000,0x03,0x00,1,N*2D
$GPNVS,2,160345,031026,0.00,0.00,0.00,0.00,0.00,0.00,0.00,0.00,*6D
$GPNVS,3,160345,031026,0.00,0.00,0.00,0.00,,0.00,0,0,1,+38.06,*4B
$GPNVS,4,160345,031026,0.00,0.00,,,,,,,*6B
$GPNVS,5,160345,031026,5C9,0,0,+38.06,00000,00000,*2D
$GPNVS,6,0,A,1,0x00000,0x03,,0x00,00,,0x00000,,*05
$GPNVS,7,160345,031026,A,73,0x00,3,1,0,581427,+4.28,-4.11*56
$GPNVS,9,+10000000.004,+2.77246,+10000000.09,15,+0.019,+0.37,,+38.06,50.0,50.9,*66
$GPNVS,10,1,0,0,+5,+10,2,100,0.5,1,9,30,1,-2,1.0,20,-2,1,2,8440,,,,*6C
$GPNVS,15,0,0,0000,2400,2400.00,00000000,0.00,0.00,0.00,0.00,-9999,999*4E
$GPNVS,1,160346,031026,A,N,60,N,0x00000,0x03,0x00,1,N*2E
$GPNVS,2,160346,031026,0.00,0.00,0.00,0.00,0.00,0.00,0.00,0.00,*6E
$GPNVS,3,160346,031026,0.00,0.00,0.00,0.00,,0.00,0,0,1,+38.06,*48
$GPNVS,4,160346,031026,0.00,0.00,,,,,,,*68
$GPNVS,5,160346,031026,5C9,0,0,+38.06,00000,00000,*2E
$GPNVS,6,0,A,1,0x00000,0x03,,0x00,00,,0x00000,,*05
$GPNVS,7,160346,031026,A,73,0x00,3,2,-1,581426,+4.28,-4.11*7B
$GPNVS,9,+10000000.004,+2.77245,+9999999.949,15,+0.019,+0.37,,+38.06,50.0,50.3,*6A
$GPNVS,10,1,0,0,+10,+5,2,100,0.5,1,9,30,1,-3,1.0,20,-2,1,2,8435,,,,*6F
$GPNVS,15,0,0,0000,2400,2400.00,00000000,0.00,0.00,0.00,0.00,-9999,999*4E
$GPNVS,1,160347,031026,A,N,60,N,0x00000,0x03,0x00,1,N*2F
$GPNVS,2,160347,031026,0.00,0.00,0.00,0.00,0.00,0.00,0.00,0.00,*6F
$GPNVS,3,160347,031026,0.00,0.00,0.00,0.00,,0.00,0,0,1,+38.06,*49
$GPNVS,4,160347,031026,0.00,0.00,,,,,,,*69
$GPNVS,5,160347,031026,5C9,0,0,+38.06,00000,00000,*2F
$GPNVS,6,0,A,1,0x00000,0x03,,0x00,00,,0x00000,,*05
$GPNVS,7,160347,031026,A,73,0x00,-27,2,-1,581425,+4.28,-4.11*62
$GPNVS,9,+10000000.004,+2.77245,+10000000.00,15,+0.019,+0.37,,+38.06,50.0,50.3,*66
$GPNVS,10,1,0,0,+10,+10,2,100,0.5,1,6,30,1,-3,1.0,20,-2,1,2,8430,,,,*51
$GPNVS,15,0,0,0000,2400,2400.00,00000000,0.00,0.00,0.00,0.00,-9999,999*4E
$GPNVS,1,160348,031026,A,N,60,N,0x00000,0x03,0x00,1,N*20
$GPNVS,2,160348,031026,0.00,0.00,0.00,0.00,0.00,0.00,0.00,0.00,*60
$GPNVS,3,160348,031026,0.00,0.00,0.00,0.00,,0.00,0,0,1,+38.06,*46
$GPNVS,4,160348,031026,0.00,0.00,,,,,,,*66
$GPNVS,5,160348,031026,5C9,0,0,+38.06,00000,00000,*20
$GPNVS,6,0,A,1,0x00000,0x03,,0x00,00,,0x00000,,*05
$GPNVS,7,160348,031026,A,73,0x00,-27,2,-1,581424,+4.28,-4.11*6C
$GPNVS,9,+10000000.004,+2.77244,+10000000.00,15,+0.019,+0.37,,+38.06,50.0,50.3,*67
$GPNVS,10,1,0,0,+10,+10,2,100,0.5,1,6,30,1,-3,1.0,20,-2,1,2,8425,,,,*55
$GPNVS,15,0,0,0000,2400,2400.00,00000000,0.00,0.00,0.00,0.00,-9999,999*4E
$GPNVS,1,160349,031026,A,N,60,N,0x00000,0x03,0x00,1,N*21
$GPNVS,2,160349,031026,0.00,0.00,0.00,0.00,0.00,0.00,0.00,0.00,*61
$GPNVS,3,160349,031026,0.00,0.00,0.00,0.00,,0.00,0,0,1,+38.06,*47
$GPNVS,4,160349,031026,0.00,0.00,,,,,,,*67
$GPNVS,5,160349,031026,5C9,0,0,+38.06,00000,00000,*21
$GPNVS,6,0,A,1,0x00000,0x03,,0x00,00,,0x00000,,*05
$GPNVS,7,160349,031026,A,73,0x00,-27,1,-1,581423,+4.27,-4.11*66
$GPNVS,9,+10000000.004,+2.77244,+10000000.05,15,+0.019,+0.37,,+38.06,50.0,50.9,*68
$GPNVS,10,1,0,0,+5,+5,2,100,0.5,1,6,30,1,-3,1.0,20,-2,1,2,8420,,,,*50
$GPNVS,15,0,0,0000,2400,2400.00,00000000,0.00,0.00,0.00,0.00,-9999,999*4E
$GPNVS,1,160350,031026,A,N,60,N,0x00000,0x03,0x00,1,N*29
$GPNVS,2,160350,031026,0.00,0.00,0.00,0.00,0.00,0.00,0.00,0.00,*69
$GPNVS,3,160350,031026,0.00,0.00,0.00,0.00,,0.00,0,0,1,+38.06,*4F
$GPNVS,4,160350,031026,0.00,0.00,,,,,,,*6F
$GPNVS,5,160350,031026,5C9,0,0,+38.06,00000,00000,*29
$GPNVS,6,0,A,1,0x00000,0x03,,0x00,00,,0x00000,,*05
$GPNVS,7,160350,031026,A,73,0x00,-27,1,-1,581422,+4.28,-4.11*60
$GPNVS,9,+10000000.004,+2.77243,+10000000.00,15,+0.019,+0.37,,+38.06,50.0,50.3,*60
$GPNVS,10,1,0,0,+5,+5,2,100,0.5,1,6,30,1,-2,1.0,20,-2,1,2,8415,,,,*57
$GPNVS,15,0,0,0000,2400,2400.00,00000000,0.00,0.00,0.00,0.00,-9999,999*4E
$GPNVS,99,,,*5C
$GPNVS,1,160351,031026,A,N,60,N,0x00000,0x03,0x00,1,N*28
$GPNVS,2,160351,031026,0.00,0.00,0.00,0.00,0.00,0.00,0.00,0.00,*68
$GPNVS,3,160351,031026,0.00,0.00,0.00,0.00,,0.00,0,0,1,+38.06,*4E
$GPNVS,4,160351,031026,0.00,0.00,,,,,,,*6E
$GPNVS,5,160351,031026,5C9,0,0,+38.06,00000,00000,*28
$GPNVS,6,0,A,1,0x00000,0x03,,0x00,00,,0x00000,,*05
$GPNVS,7,160351,031026,A,73,0x00,-27,2,-1,581421,+4.28,-4.11*61
$GPNVS,9,+10000000.003,+2.77243,+9999999.949,15,+0.019,+0.37,,+38.06,50.0,50.3,*6B
$GPNVS,10,1,0,0,+10,+5,2,100,0.5,1,6,30,1,-2,1.0,20,-2,1,2,8410,,,,*66
$GPNVS,15,0,0,0000,2400,2400.00,00000000,0.00,0.00,0.00,0.00,-9999,999*4E
$GPNVS,1,160352,031026,A,N,60,N,0x00000,0x03,0x00,1,N*2B
$GPNVS,2,160352,031026,0.00,0.00,0.00,0.00,0.00,0.00,0.00,0.00,*6B
$GPNVS,3,160352,031026,0.00,0.00,0.00,0.00,,0.00,0,0,1,+38.06,*4D
$GPNVS,4,160352,031026,0.00,0.00,,,,,,,*6D
$GPNVS,5,160352,031026,5C9,0,0,+38.06,00000,00000,*2B
$GPNVS,6,0,A,1,0x00000,0x03,,0x00,00,,0x00000,,*05
$GPNVS,7,160352,031026,A,73,0x00,-27,0,-1,581420,+4.27,-4.11*6E
$GPNVS,9,+10000000.004,+2.77242,+10000000.09,15,+0.019,+0.37,,+38.06,50.0,50.3,*68
$GPNVS,10,1,0,0,+0,+5,2,100,0.5,1,6,30,1,-2,1.0,20,-2,1,2,8405,,,,*53
$GPNVS,15,0,0,0000,2400,2400.00,00000000,0.00,0.00,0.00,0.00,-9999,999*4E
$GPNVS,1,160353,031026,A,N,60,N,0x00000,0x03,0x00,1,N*2A
$GPNVS,2,160353,031026,0.00,0.00,0.00,0.00,0.00,0.00,0.00,0.00,*6A
$GPNVS,3,160353,031026,0.00,0.00,0.00,0.00,,0.00,0,0,1,+38.06,*4C
$GPNVS,4,160353,031026,0.00,0.00,,,,,,,*6C
$GPNVS,5,160353,031026,5C9,0,0,+38.06,00000,00000,*2A
$GPNVS,6,0,A,1,0x00000,0x03,,0x00,00,,0x00000,,*05
$GPNVS,7,160353,031026,A,73,0x00,-27,1,-1,581419,+4.28,-4.11*6B
$GPNVS,9,+10000000.004,+2.77242,+9999999.949,15,+0.019,+0.37,,+38.06,50.0,50.3,*6D
$GPNVS,10,1,0,0,+5,+0,2,100,0.5,1,6,30,1,-3,1.0,20,-2,1,2,8400,,,,*57
$GPNVS,15,0,0,0000,2400,2400.00,00000000,0.00,0.00,0.00,0.00,-9999,999*4E
$GPNVS,1,160354,031026,A,N,60,N,0x00000,0x03,0x00,1,N*2D
$GPNVS,2,160354,031026,0.00,0.00,0.00,0.00,0.00,0.00,0.00,0.00,*6D
$GPNVS,3,160354,031026,0.00,0.00,0.00,0.00,,0.00,0,0,1,+38.06,*4B
$GPNVS,4,160354,031026,0.00,0.00,,,,,,,*6B
$GPNVS,5,160354,031026,5C9,0,0,+38.06,00000,00000,*2D
$GPNVS,6,0,A,1,0x00000,0x03,,0x00,00,,0x00000,,*05
$GPNVS,7,160354,031026,A,73,0x00,-27,1,-2,581417,+4.28,-4.11*61
$GPNVS,9,+10000000.004,+2.77241,+10000000.00,15,+0.019,+0.37,,+38.06,50.0,50.9,*68
$GPNVS,10,1,0,0,+5,+5,2,100,0.5,1,6,30,1,-2,1.0,20,-2,1,2,8395,,,,*58
$GPNVS,15,0,0,0000,2400,2400.00,00000000,0.00,0.00,0.00,0.00,-9999,999*4E
$GPNVS,1,160355,031026,A,N,60,N,0x00000,0x03,0x00,1,N*2C
$GPNVS,2,160355,031026,0.00,0.00,0.00,0.00,0.00,0.00,0.00,0.00,*6C
$GPNVS,3,160355,031026,0.00,0.00,0.00,0.00,,0.00,0,0,1,+38.06,*4A
$GPNVS,4,160355,031026,0.00,0.00,,,,,,,*6A
$GPNVS,5,160355,031026,5C9,0,0,+38.06,00000,00000,*2C
$GPNVS,6,0,A,1,0x00000,0x03,,0x00,00,,0x00000,,*05
$GPNVS,7,160355,031026,A,73,0x00,-27,0,-1,581416,+4.27,-4.11*6C
$GPNVS,9,+10000000.004,+2.77241,+10000000.05,15,+0.019,+0.37,,+38.06,50.0,51.6,*63
$GPNVS,10,1,0,0,+0,+0,2,100,0.5,1,6,30,1,-2,1.0,20,+14,1,2,8390,,,,*6C
$GPNVS,15,0,0,0000,2400,2400.00,00000000,0.00,0.00,0.00,0.00,+9999,999*48
$GPNVS,1,160356,031026,A,N,60,N,0x00000,0x03,0x00,1,N*2F
$GPNVS,2,160356,031026,0.00,0.00,0.00,0.00,0.00,0.00,0.00,0.00,*6F
$GPNVS,3,160356,031026,0.00,0.00,0.00,0.00,,0.00,0,0,1,+38.06,*49
$GPNVS,4,160356,031026,0.00,0.00,,,,,,,*69
$GPNVS,5,160356,031026,5C9,0,0,+38.06,00000,00000,*2F
$GPNVS,6,0,A,1,0x00000,0x03,,0x00,00,,0x00000,,*05
$GPNVS,7,160356,031026,A,73,0x00,-27,0,-1,581415,+4.28,-4.11*63
$GPNVS,9,+10000000.004,+2.77240,+10000000.00,15,+0.019,+0.37,,+38.06,50.0,50.6,*66
$GPNVS,10,1,0,0,+0,+0,2,100,0.5,1,6,30,1,-2,1.0,20,+14,1,2,8385,,,,*68
$GPNVS,15,0,0,0000,2400,2400.00,00000000,0.00,0.00,0.00,0.00,+9999,999*48
$GPNVS,1,160357,031026,A,N,60,N,0x00000,0x03,0x00,1,N*2E
$GPNVS,2,160357,031026,0.00,0.00,0.00,0.00,0.00,0.00,0.00,0.00,*6E
$GPNVS,3,160357,031026,0.00,0.00,0.00,0.00,,0.00,0,0,1,+38.06,*48
$GPNVS,4,160357,031026,0.00,0.00,,,,,,,*68
$GPNVS,5,160357,031026,5C9,0,0,+38.06,00000,00000,*2E
$GPNVS,6,0,A,1,0x00000,0x03,,0x00,00,,0x00000,,*05
$GPNVS,7,160357,031026,A,73,0x00,-27,0,-1,581414,+4.28,-4.11*63
$GPNVS,9,+10000000.004,+2.77240,+10000000.00,15,+0.019,+0.37,,+38.06,50.0,49.6,*6E
$GPNVS,10,1,0,0,+0,+0,2,100,0.5,1,6,30,1,-3,1.0,20,+14,1,2,8380,,,,*6C
$GPNVS,15,0,0,0000,2400,2400.00,00000000,0.00,0.00,0.00,0.00,+9999,999*48
$GPNVS,1,160358,031026,A,N,60,N,0x00000,0x03,0x00,1,N*21
$GPNVS,2,160358,031026,0.00,0.00,0.00,0.00,0.00,0.00,0.00,0.00,*61
$GPNVS,3,160358,031026,0.00,0.00,0.00,0.00,,0.00,0,0,1,+38.06,*47
$GPNVS,4,160358,031026,0.00,0.00,,,,,,,*67
$GPNVS,5,160358,031026,5C9,0,0,+38.06,00000,00000,*21
$GPNVS,6,0,A,1,0x00000,0x03,,0x00,00,,0x00000,,*05
$GPNVS,7,160358,031026,A,73,0x00,-27,1,-2,581412,+4.28,-4.11*68
$GPNVS,9,+10000000.003,+2.77239,+9999999.949,15,+0.019,+0.37,,+38.06,50.0,50.9,*6C
$GPNVS,10,1,0,0,+5,+0,2,100,0.5,1,6,30,1,-3,1.0,20,+14,1,2,8375,,,,*63
$GPNVS,15,0,0,0000,2400,2400.00,00000000,0.00,0.00,0.00,0.00,+9999,999*48
$GPNVS,1,160359,031026,A,N,60,N,0x00000,0x03,0x00,1,N*20
$GPNVS,2,160359,031026,0.00,0.00,0.00,0.00,0.00,0.00,0.00,0.00,*60
$GPNVS,3,160359,031026,0.00,0.00,0.00,0.00,,0.00,0,0,1,+38.06,*46
$GPNVS,4,160359,031026,0.00,0.00,,,,,,,*66
$GPNVS,5,160359,031026,5C9,0,0,+38.06,00000,00000,*20
$GPNVS,6,0,A,1,0x00000,0x03,,0x00,00,,0x00000,,*05
$GPNVS,7,160359,031026,A,73,0x00,-27,-1,-1,581411,+4.28,-4.11*44
$GPNVS,9,+10000000.004,+2.77238,+10000000.09,15,+0.019,+0.37,,+38.06,50.0,50.3,*65
$GPNVS,10,1,0,0,-5,+0,2,100,0.5,1,6,30,1,-2,1.0,20,+14,1,2,8370,,,,*61
$GPNVS,15,0,0,0000,2400,2400.00,00000000,0.00,0.00,0.00,0.00,+9999,999*48
$GPNVS,1,160400,031026,A,N,60,N,0x00000,0x03,0x00,1,N*2B
$GPNVS,2,160400,031026,0.00,0.00,0.00,0.00,0.00,0.00,0.00,0.00,*6B
$GPNVS,3,160400,031026,0.00,0.00,0.00,0.00,,0.00,0,0,1,+38.06,*4D
$GPNVS,4,160400,031026,0.00,0.00,,,,,,,*6D
$GPNVS,5,160400,031026,5C9,0,0,+38.06,00000,00000,*2B
$GPNVS,6,0,A,1,0x00000,0x03,,0x00,00,,0x00000,,*05
$GPNVS,7,160400,031026,A,73,0x00,-27,0,-1,581410,+4.28,-4.11*62
$GPNVS,9,+10000000.004,+2.77238,+9999999.949,15,+0.019,+0.37,,+38.06,50.0,50.9,*6A
$GPNVS,10,1,0,0,+0,+0,2,100,0.5,1,6,30,1,-2,1.0,20,+14,1,2,8365,,,,*66
$GPNVS,15,0,0,0000,2400,2400.00,00000000,0.00,0.00,0.00,0.00,+9999,999*48
$GPNVS,1,160401,031026,A,N,60,N,0x00000,0x03,0x00,1,N*2A
$GPNVS,2,160401,031026,0.00,0.00,0.00,0.00,0.00,0.00,0.00,0.00,*6A
$GPNVS,3,160401,031026,0.00,0.00,0.00,0.00,,0.00,0,0,1,+38.06,*4C
$GPNVS,4,160401,031026,0.00,0.00,,,,,,,*6C
$GPNVS,5,160401,031026,5C9,0,0,+38.06,00000,00000,*2A
$GPNVS,6,0,A,1,0x00000,0x03,,0x00,00,,0x00000,,*05
$GPNVS,7,160401,031026,A,73,0x00,-27,0,-2,581408,+4.28,-4.11*69
$GPNVS,9,+10000000.004,+2.77237,+10000000.00,15,+0.019,+0.37,,+38.06,50.0,50.6,*66
$GPNVS,10,1,0,0,+0,+0,2,100,0.5,1,6,30,1,-2,1.0,20,+14,1,2,8360,,,,*63
$GPNVS,15,0,0,0000,2400,2400.00,00000000,0.00,0.00,0.00,0.00,+9999,999*48
$GPNVS,1,160402,031026,A,N,60,N,0x00000,0x03,0x00,1,N*29
$GPNVS,2,160402,031026,0.00,0.00,0.00,0.00,0.00,0.00,0.00,0.00,*69
$GPNVS,3,160402,031026,0.00,0.00,0.00,0.00,,0.00,0,0,1,+38.06,*4F
$GPNVS,4,160402,031026,0.00,0.00,,,,,,,*6F
$GPNVS,5,160402,031026,5C9,0,0,+38.06,00000,00000,*29
$GPNVS,6,0,A,1,0x00000,0x03,,0x00,00,,0x00000,,*05
$GPNVS,7,160402,031026,A,73,0x00,-48,-2,-1,581407,+4.28,-4.11*40
$GPNVS,9,+10000000.006,+2.77236,+10000000.09,15,+0.019,+0.37,,+38.06,50.0,50.3,*69
$GPNVS,10,1,0,0,-10,-5,2,100,0.5,1,7,30,1,-2,1.0,20,+14,1,2,8355,,,,*50
$GPNVS,15,0,0,0000,2400,2400.00,00000000,0.00,0.00,0.00,0.00,+9999,999*48
$GPNVS,1,160403,031026,A,N,60,N,0x00000,0x03,0x00,1,N*28
$GPNVS,2,160403,031026,0.00,0.00,0.00,0.00,0.00,0.00,0.00,0.00,*68
$GPNVS,3,160403,031026,0.00,0.00,0.00,0.00,,0.00,0,0,1,+38.06,*4E
$GPNVS,4,160403,031026,0.00,0.00,,,,,,,*6E
$GPNVS,5,160403,031026,5C9,0,0,+38.06,00000,00000,*28
$GPNVS,6,0,A,1,0x00000,0x03,,0x00,00,,0x00000,,*05
$GPNVS,7,160403,031026,A,73,0x00,-48,-1,-1,581406,+4.28,-4.11*43
$GPNVS,9,+10000000.004,+2.77236,+9999999.949,15,+0.019,+0.37,,+38.06,50.0,50.3,*6E
$GPNVS,10,1,0,0,-5,-5,2,100,0.5,1,7,30,1,-2,1.0,20,+14,1,2,8350,,,,*61
$GPNVS,15,0,0,0000,2400,2400.00,00000000,0.00,0.00,0.00,0.00,+9999,999*48
$GPNVS,1,160404,031026,A,N,60,N,0x00000,0x03,0x00,1,N*2F
$GPNVS,2,160404,031026,0.00,0.00,0.00,0.00,0.00,0.00,0.00,0.00,*6F
$GPNVS,3,160404,031026,0.00,0.00,0.00,0.00,,0.00,0,0,1,+38.06,*49
$GPNVS,4,160404,031026,0.00,0.00,,,,,,,*69
$GPNVS,5,160404,031026,5C9,0,0,+38.06,00000,00000,*2F
$GPNVS,6,0,A,1,0x00000,0x03,,0x00,00,,0x00000,,*05
$GPNVS,7,160404,031026,A,73,0x00,-48,-1,-2,581404,+4.28,-4.11*45
$GPNVS,9,+10000000.004,+2.77235,+10000000.00,15,+0.019,+0.37,,+38.06,50.0,51.2,*61
$GPNVS,10,1,0,0,-5,-5,2,100,0.5,1,7,30,1,-3,1.0,20,+14,1,2,8345,,,,*64
$GPNVS,15,0,0,0000,2400,2400.00,00000000,0.00,0.00,0.00,0.00,+9999,999*48
$GPNVS,1,160405,031026,A,N,60,N,0x00000,0x03,0x00,1,N*2E
$GPNVS,2,160405,031026,0.00,0.00,0.00,0.00,0.00,0.00,0.00,0.00,*6E
$GPNVS,3,160405,031026,0.00,0.00,0.00,0.00,,0.00,0,0,1,+38.06,*48
$GPNVS,4,160405,031026,0.00,0.00,,,,,,,*68
$GPNVS,5,160405,031026,5C9,0,0,+38.06,00000,00000,*2E
$GPNVS,6,0,A,1,0x00000,0x03,,0x00,00,,0x00000,,*05
$GPNVS,7,160405,031026,A,73,0x00,-48,-1,-1,581403,+4.28,-4.11*40
$GPNVS,9,+10000000.004,+2.77234,+10000000.00,15,+0.019,+0.37,,+38.06,50.0,50.9,*6A
$GPNVS,10,1,0,0,-5,-5,2,100,0.5,1,7,30,1,-3,1.0,20,+14,1,2,8340,,,,*61
$GPNVS,15,0,0,0000,2400,2400.00,00000000,0.00,0.00,0.00,0.00,+9999,999*48
$GPNVS,99,,,*5C
$GPNVS,1,160406,031026,A,N,60,N,0x00000,0x03,0x00,1,N*2D
$GPNVS,2,160406,031026,0.00,0.00,0.00,0.00,0.00,0.00,0.00,0.00,*6D
$GPNVS,3,160406,031026,0.00,0.00,0.00,0.00,,0.00,0,0,1,+38.06,*4B
$GPNVS,4,160406,031026,0.00,0.00,,,,,,,*6B
$GPNVS,5,160406,031026,5C9,0,0,+38.06,00000,00000,*2D
$GPNVS,6,0,A,1,0x00000,0x03,,0x00,00,,0x00000,,*05
$GPNVS,7,160406,031026,A,73,0x00,-48,-2,-2,581401,+4.27,-4.11*4E
$GPNVS,9,+10000000.006,+2.77233,+10000000.05,15,+0.019,+0.37,,+38.06,50.0,50.0,*63
$GPNVS,10,1,0,0,-10,-5,2,100,0.5,1,7,30,1,-2,1.0,20,-6,1,2,8335,,,,*63
$GPNVS,15,0,0,0000,2400,2400.00,00000000,0.00,0.00,0.00,0.00,-9999,999*4E
$GPNVS,1,160407,031026,A,N,60,N,0x00000,0x03,0x00,1,N*2C
$GPNVS,2,160407,031026,0.00,0.00,0.00,0.00,0.00,0.00,0.00,0.00,*6C
$GPNVS,3,160407,031026,0.00,0.00,0.00,0.00,,0.00,0,0,1,+38.06,*4A
$GPNVS,4,160407,031026,0.00,0.00,,,,,,,*6A
$GPNVS,5,160407,031026,5C9,0,0,+38.06,00000,00000,*2C
$GPNVS,6,0,A,1,0x00000,0x03,,0x00,00,,0x00000,,*05
$GPNVS,7,160407,031026,A,73,0x00,-48,-2,-1,581400,+4.28,-4.11*42
$GPNVS,9,+10000000.006,+2.77233,+10000000.00,15,+0.019,+0.37,,+38.06,50.0,50.6,*60
$GPNVS,10,1,0,0,-10,-10,2,100,0.5,1,7,30,1,-2,1.0,20,-6,1,2,8330,,,,*52
$GPNVS,15,0,0,0000,2400,2400.00,00000000,0.00,0.00,0.00,0.00,-9999,999*4E
$GPNVS,1,160408,031026,A,N,60,N,0x00000,0x03,0x00,1,N*23
$GPNVS,2,160408,031026,0.00,0.00,0.00,0.00,0.00,0.00,0.00,0.00,*63
$GPNVS,3,160408,031026,0.00,0.00,0.00,0.00,,0.00,0,0,1,+38.06,*45
$GPNVS,4,160408,031026,0.00,0.00,,,,,,,*65
$GPNVS,5,160408,031026,5C9,0,0,+38.06,00000,00000,*23
$GPNVS,6,0,A,1,0x00000,0x03,,0x00,00,,0x00000,,*05
$GPNVS,7,160408,031026,A,73,0x00,-48,-1,-2,581398,+4.27,-4.11*44
$GPNVS,9,+10000000.004,+2.77232,+9999999.949,15,+0.019,+0.37,,+38.06,50.0,50.3,*6A
$GPNVS,10,1,0,0,-5,-5,2,100,0.5,1,7,30,1,-2,1.0,20,-6,1,2,8325,,,,*56
$GPNVS,15,0,0,0000,2400,2400.00,00000000,0.00,0.00,0.00,0.00,-9999,999*4E
$GPNVS,1,160409,031026,A,N,60,N,0x00000,0x03,0x00,1,N*22
$GPNVS,2,160409,031026,0.00,0.00,0.00,0.00,0.00,0.00,0.00,0.00,*62
$GPNVS,3,160409,031026,0.00,0.00,0.00,0.00,,0.00,0,0,1,+38.06,*44
$GPNVS,4,160409,031026,0.00,0.00,,,,,,,*64
$GPNVS,5,160409,031026,5C9,0,0,+38.06,00000,00000,*22
$GPNVS,6,0,A,1,0x00000,0x03,,0x00,00,,0x00000,,*05
$GPNVS,7,160409,031026,A,73,0x00,-48,-3,-1,581397,+4.27,-4.11*4B
$GPNVS,9,+10000000.006,+2.77231,+10000000.09,15,+0.019,+0.37,,+38.06,50.0,51.2,*6E
$GPNVS,10,1,0,0,-15,-10,2,100,0.5,1,7,30,1,-2,1.0,20,-6,1,2,8320,,,,*56
$GPNVS,15,0,0,0000,2400,2400.00,00000000,0.00,0.00,0.00,0.00,-9999,999*4E
$GPNVS,1,160410,031026,A,N,60,N,0x00000,0x03,0x00,1,N*2A
$GPNVS,2,160410,031026,0.00,0.00,0.00,0.00,0.00,0.00,0.00,0.00,*6A
$GPNVS,3,160410,031026,0.00,0.00,0.00,0.00,,0.00,0,0,1,+38.06,*4C
$GPNVS,4,160410,031026,0.00,0.00,,,,,,,*6C
$GPNVS,5,160410,031026,5C9,0,0,+38.06,00000,00000,*2A
$GPNVS,6,0,A,1,0x00000,0x03,,0x00,00,,0x00000,,*05
$GPNVS,7,160410,031026,A,73,0x00,-48,-2,-2,581395,+4.28,-4.11*4C
$GPNVS,9,+10000000.006,+2.77231,+9999999.949,15,+0.019,+0.37,,+38.06,50.0,50.9,*61
$GPNVS,10,1,0,0,-10,-10,2,100,0.5,1,7,30,1,-2,1.0,20,-6,1,2,8315,,,,*55
$GPNVS,15,0,0,0000,2400,2400.00,00000000,0.00,0.00,0.00,0.00,-9999,999*4E
$GPNVS,1,160411,031026,A,N,60,N,0x00000,0x03,0x00,1,N*2B
$GPNVS,2,160411,031026,0.00,0.00,0.00,0.00,0.00,0.00,0.00,0.00,*6B
$GPNVS,3,160411,031026,0.00,0.00,0.00,0.00,,0.00,0,0,1,+38.06,*4D
$GPNVS,4,160411,031026,0.00,0.00,,,,,,,*6D
$GPNVS,5,160411,031026,5C9,0,0,+38.06,00000,00000,*2B
$GPNVS,6,0,A,1,0x00000,0x03,,0x00,00,,0x00000,,*05
$GPNVS,7,160411,031026,A,73,0x00,-48,-2,-2,581393,+4.27,-4.11*44
$GPNVS,9,+10000000.004,+2.77230,+10000000.00,15,+0.019,+0.37,,+38.06,50.0,50.3,*64
$GPNVS,10,1,0,0,-10,-10,2,100,0.5,1,7,30,1,-2,1.0,20,-6,1,2,8310,,,,*50
$GPNVS,15,0,0,0000,2400,2400.00,00000000,0.00,0.00,0.00,0.00,-9999,999*4E
$GPNVS,1,160412,031026,A,N,60,N,0x00000,0x03,0x00,1,N*28
$GPNVS,2,160412,031026,0.00,0.00,0.00,0.00,0.00,0.00,0.00,0.00,*68
$GPNVS,3,160412,031026,0.00,0.00,0.00,0.00,,0.00,0,0,1,+38.06,*4E
$GPNVS,4,160412,031026,0.00,0.00,,,,,,,*6E
$GPNVS,5,160412,031026,5C9,0,0,+38.06,00000,00000,*28
$GPNVS,6,0,A,1,0x00000,0x03,,0x00,00,,0x00000,,*05
$GPNVS,7,160412,031026,A,73,0x00,-48,-3,-1,581392,+4.28,-4.11*4B
$GPNVS,9,+10000000.006,+2.77229,+10000000.05,15,+0.019,+0.37,,+38.06,50.0,49.3,*63
$GPNVS,10,1,0,0,-15,-10,2,100,0.5,1,7,30,1,-2,1.0,20,-6,1,2,8305,,,,*51
$GPNVS,15,0,0,0000,2400,2400.00,00000000,0.00,0.00,0.00,0.00,-9999,999*4E
$GPNVS,1,160413,031026,A,N,60,N,0x00000,0x03,0x00,1,N*29
$GPNVS,2,160413,031026,0.00,0.00,0.00,0.00,0.00,0.00,0.00,0.00,*69
$GPNVS,3,160413,031026,0.00,0.00,0.00,0.00,,0.00,0,0,1,+38.06,*4F
$GPNVS,4,160413,031026,0.00,0.00,,,,,,,*6F
$GPNVS,5,160413,031026,5C9,0,0,+38.06,00000,00000,*29
$GPNVS,6,0,A,1,0x00000,0x03,,0x00,00,,0x00000,,*05
$GPNVS,7,160413,031026,A,73,0x00,-48,-3,-2,581390,+4.28,-4.11*4B
$GPNVS,9,+10000000.006,+2.77228,+10000000.00,15,+0.019,+0.37,,+38.06,50.0,50.9,*65
$GPNVS,10,1,0,0,-15,-15,2,100,0.5,1,7,30,1,-2,1.0,20,-6,1,2,8300,,,,*51
$GPNVS,15,0,0,0000,2400,2400.00,00000000,0.00,0.00,0.00,0.00,-9999,999*4E
$GPNVS,1,160414,031026,A,N,60,N,0x00000,0x03,0x00,1,N*2E
$GPNVS,2,160414,031026,0.00,0.00,0.00,0.00,0.00,0.00,0.00,0.00,*6E
$GPNVS,3,160414,031026,0.00,0.00,0.00,0.00,,0.00,0,0,1,+38.06,*48
$GPNVS,4,160414,031026,0.00,0.00,,,,,,,*68
$GPNVS,5,160414,031026,5C9,0,0,+38.06,00000,00000,*2E
$GPNVS,6,0,A,1,0x00000,0x03,,0x00,00,,0x00000,,*05
$GPNVS,7,160414,031026,A,73,0x00,-48,-3,-2,581388,+4.28,-4.11*45
$GPNVS,9,+10000000.006,+2.77227,+10000000.00,15,+0.019,+0.37,,+38.06,50.0,51.2,*60
$GPNVS,10,1,0,0,-15,-15,2,100,0.5,1,7,30,1,-3,1.0,20,-6,1,2,8295,,,,*5D
$GPNVS,15,0,0,0000,2400,2400.00,00000000,0.00,0.00,0.00,0.00,-9999,999*4E
$GPNVS,1,160415,031026,A,N,60,N,0x00000,0x03,0x00,1,N*2F
$GPNVS,2,160415,031026,0.00,0.00,0.00,0.00,0.00,0.00,0.00,0.00,*6F
$GPNVS,3,160415,031026,0.00,0.00,0.00,0.00,,0.00,0,0,1,+38.06,*49
$GPNVS,4,160415,031026,0.00,0.00,,,,,,,*69
$GPNVS,5,160415,031026,5C9,0,0,+38.06,00000,00000,*2F
$GPNVS,6,0,A,1,0x00000,0x03,,0x00,00,,0x00000,,*05
$GPNVS,7,160415,031026,A,73,0x00,-48,-4,-2,581386,+4.28,-4.11*4D
$GPNVS,9,+10000000.007,+2.77226,+10000000.05,15,+0.019,+0.37,,+38.06,50.0,50.9,*6F
$GPNVS,10,1,0,0,-20,-15,2,100,0.5,1,7,30,1,-3,1.0,20,-6,1,2,8290,,,,*5E
$GPNVS,15,0,0,0000,2400,2400.00,00000000,0.00,0.00,0.00,0.00,-9999,999*4E
$GPNVS,1,160416,031026,A,N,60,N,0x00000,0x03,0x00,1,N*2C
$GPNVS,2,160416,031026,0.00,0.00,0.00,0.00,0.00,0.00,0.00,0.00,*6C
$GPNVS,3,160416,031026,0.00,0.00,0.00,0.00,,0.00,0,0,1,+38.06,*4A
$GPNVS,4,160416,031026,0.00,0.00,,,,,,,*6A
$GPNVS,5,160416,031026,5C9,0,0,+38.06,00000,00000,*2C
$GPNVS,6,0,A,1,0x00000,0x03,,0x00,00,,0x00000,,*05
$GPNVS,7,160416,031026,A,73,0x00,-48,-4,-1,581385,+4.28,-4.11*4E
$GPNVS,9,+10000000.008,+2.77226,+10000000.00,15,+0.019,+0.37,,+38.06,50.0,51.2,*6F
$GPNVS,10,1,0,0,-20,-20,2,100,0.5,1,7,30,1,-3,1.0,20,-6,1,2,8285,,,,*5C
$GPNVS,15,0,0,0000,2400,2400.00,00000000,0.00,0.00,0.00,0.00,+9999,999*48
$GPNVS,1,160417,031026,A,N,60,N,0x00000,0x03,0x00,1,N*2D
$GPNVS,2,160417,031026,0.00,0.00,0.00,0.00,0.00,0.00,0.00,0.00,*6D
$GPNVS,3,160417,031026,0.00,0.00,0.00,0.00,,0.00,0,0,1,+38.06,*4B
$GPNVS,4,160417,031026,0.00,0.00,,,,,,,*6B
$GPNVS,5,160417,031026,5C9,0,0,+38.06,00000,00000,*2D
$GPNVS,6,0,A,1,0x00000,0x03,,0x00,00,,0x00000,,*05
$GPNVS,7,160417,031026,A,73,0x00,-3,-3,-2,581383,+4.28,-4.11*72
$GPNVS,9,+10000000.007,+2.77225,+9999999.949,15,+0.019,+0.37,,+38.06,50.0,50.6,*6A
$GPNVS,10,1,0,0,-15,-15,2,100,0.5,1,7,30,1,-2,1.0,20,+10,1,2,8280,,,,*69
$GPNVS,15,0,0,0000,2400,2400.00,00000000,0.00,0.00,0.00,0.00,+9999,999*48
$GPNVS,1,160418,031026,A,N,60,N,0x00000,0x03,0x00,1,N*22
$GPNVS,2,160418,031026,0.00,0.00,0.00,0.00,0.00,0.00,0.00,0.00,*62
$GPNVS,3,160418,031026,0.00,0.00,0.00,0.00,,0.00,0,0,1,+38.06,*44
$GPNVS,4,160418,031026,0.00,0.00,,,,,,,*64
$GPNVS,5,160418,031026,5C9,0,0,+38.06,00000,00000,*22
$GPNVS,6,0,A,1,0x00000,0x03,,0x00,00,,0x00000,,*05
$GPNVS,7,160418,031026,A,73,0x00,-3,-4,-2,581381,+4.28,-4.11*78
$GPNVS,9,+10000000.007,+2.77224,+10000000.05,15,+0.019,+0.37,,+38.06,50.0,50.3,*67
$GPNVS,10,1,0,0,-20,-15,2,100,0.5,1,7,30,1,-2,1.0,20,+10,1,2,8275,,,,*65
$GPNVS,15,0,0,0000,2400,2400.00,00000000,0.00,0.00,0.00,0.00,+9999,999*48
$GPNVS,1,160419,031026,A,N,61,N,0x00000,0x03,0x00,1,N*22
$GPNVS,2,160419,031026,0.00,0.00,0.00,0.00,0.00,0.00,0.00,0.00,*63
$GPNVS,3,160419,031026,0.00,0.00,0.00,0.00,,0.00,0,0,1,+38.06,*45
$GPNVS,4,160419,031026,0.00,0.00,,,,,,,*65
$GPNVS,5,160419,031026,5C9,0,0,+38.06,00000,00000,*23
$GPNVS,6,0,A,1,0x00000,0x03,,0x00,00,,0x00000,,*05
$GPNVS,7,160419,031026,A,73,0x00,-3,-4,-2,581379,+4.28,-4.11*7E
$GPNVS,9,+10000000.007,+2.77223,+10000000.00,15,+0.019,+0.37,,+38.06,50.0,50.0,*66
$GPNVS,10,1,0,0,-20,-20,2,100,0.5,1,7,30,1,-3,1.0,20,+10,1,2,8270,,,,*67
$GPNVS,15,0,0,0000,2400,2400.00,00000000,0.00,0.00,0.00,0.00,+9999,999*48
$GPNVS,1,160420,031026,A,N,61,N,0x00000,0x03,0x00,1,N*28
$GPNVS,2,160420,031026,0.00,0.00,0.00,0.00,0.00,0.00,0.00,0.00,*69
$GPNVS,3,160420,031026,0.00,0.00,0.00,0.00,,0.00,0,0,1,+38.06,*4F
$GPNVS,4,160420,031026,0.00,0.00,,,,,,,*6F
$GPNVS,5,160420,031026,5C9,0,0,+38.06,00000,00000,*29
$GPNVS,6,0,A,1,0x00000,0x03,,0x00,00,,0x00000,,*05
$GPNVS,7,160420,031026,A,73,0x00,-3,-5,-2,581377,+4.28,-4.11*7B
$GPNVS,9,+10000000.009,+2.77222,+10000000.05,15,+0.019,+0.37,,+38.06,50.0,50.6,*6A
$GPNVS,10,1,0,0,-25,-20,2,100,0.5,1,7,30,1,-3,1.0,20,+10,1,2,8265,,,,*66
$GPNVS,15,0,0,0000,2400,2400.00,00000000,0.00,0.00,0.00,0.00,+9999,999*48
$GPNVS,99,,,*5C
$GPNVS,1,160421,031026,A,N,63,N,0x00000,0x03,0x00,1,N*2B
$GPNVS,2,160421,031026,0.00,0.00,0.00,0.00,0.00,0.00,0.00,0.00,*68
$GPNVS,3,160421,031026,0.00,0.00,0.00,0.00,,0.00,0,0,1,+38.06,*4E
$GPNVS,4,160421,031026,0.00,0.00,,,,,,,*6E
$GPNVS,5,160421,031026,5C9,0,0,+38.06,00000,00000,*28
$GPNVS,6,0,A,1,0x00000,0x03,,0x00,00,,0x00000,,*05
$GPNVS,7,160421,031026,A,74,0x00,-3,-5,-2,581375,+4.28,-4.11*7F
$GPNVS,9,+10000000.009,+2.77221,+10000000.00,15,+0.019,+0.37,,+38.06,50.0,50.6,*6C
$GPNVS,10,1,0,0,-25,-25,2,100,0.5,1,7,30,1,-3,1.0,20,+10,1,2,8260,,,,*66
$GPNVS,15,0,0,0000,2400,2400.00,00000000,0.00,0.00,0.00,0.00,+9999,999*48
$GPNVS,1,160422,031026,A,N,63,N,0x00000,0x03,0x00,1,N*28
$GPNVS,2,160422,031026,0.00,0.00,0.00,0.00,0.00,0.00,0.00,0.00,*6B
$GPNVS,3,160422,031026,0.00,0.00,0.00,0.00,,0.00,0,0,1,+38.06,*4D
$GPNVS,4,160422,031026,0.00,0.00,,,,,,,*6D
$GPNVS,5,160422,031026,5C9,0,0,+38.06,00000,00000,*2B
$GPNVS,6,0,A,1,0x00000,0x03,,0x00,00,,0x00000,,*05
$GPNVS,7,160422,031026,A,74,0x00,-3,-5,-2,581373,+4.28,-4.11*7A
$GPNVS,9,+10000000.009,+2.77220,+10000000.00,15,+0.019,+0.37,,+38.06,50.0,50.9,*62
$GPNVS,10,1,0,0,-25,-25,2,100,0.5,1,7,30,1,-3,1.0,20,+10,1,2,8255,,,,*60
$GPNVS,15,0,0,0000,2400,2400.00,00000000,0.00,0.00,0.00,0.00,+9999,999*48
$GPNVS,1,160423,031026,A,N,63,N,0x00000,0x03,0x00,1,N*29
$GPNVS,2,160423,031026,0.00,0.00,0.00,0.00,0.00,0.00,0.00,0.00,*6A
$GPNVS,3,160423,031026,0.00,0.00,0.00,0.00,,0.00,0,0,1,+38.06,*4C
$GPNVS,4,160423,031026,0.00,0.00,,,,,,,*6C
$GPNVS,5,160423,031026,5C9,0,0,+38.06,00000,00000,*2A
$GPNVS,6,0,A,1,0x00000,0x03,,0x00,00,,0x00000,,*05
$GPNVS,7,160423,031026,A,75,0x00,-3,-6,-2,581371,+4.27,-4.11*74
$GPNVS,9,+10000000.010,+2.77219,+10000000.05,15,+0.019,+0.37,,+38.06,50.0,50.9,*65
$GPNVS,10,1,0,0,-30,-25,2,100,0.5,1,7,30,1,-3,1.0,20,+10,1,2,8250,,,,*61
$GPNVS,15,0,0,0000,2400,2400.00,00000000,0.00,0.00,0.00,0.00,+9999,999*48
$GPNVS,1,160424,031026,A,N,63,N,0x00000,0x03,0x00,1,N*2E
$GPNVS,2,160424,031026,0.00,0.00,0.00,0.00,0.00,0.00,0.00,0.00,*6D
$GPNVS,3,160424,031026,0.00,0.00,0.00,0.00,,0.00,0,0,1,+38.06,*4B
$GPNVS,4,160424,031026,0.00,0.00,,,,,,,*6B
$GPNVS,5,160424,031026,5C9,0,0,+38.06,00000,00000,*2D
$GPNVS,6,0,A,1,0x00000,0x03,,0x00,00,,0x00000,,*05
$GPNVS,7,160424,031026,A,75,0x00,-3,-5,-2,581369,+4.28,-4.11*76
$GPNVS,9,+10000000.008,+2.77218,+9999999.949,15,+0.019,+0.37,,+38.06,50.0,51.2,*6E
$GPNVS,10,1,0,0,-25,-25,2,100,0.5,1,7,30,1,-3,1.0,20,+10,1,2,8245,,,,*61
$GPNVS,15,0,0,0000,2400,2400.00,00000000,0.00,0.00,0.00,0.00,+9999,999*48
$GPNVS,1,160425,031026,A,N,63,N,0x00000,0x03,0x00,1,N*2F
$GPNVS,2,160425,031026,0.00,0.00,0.00,0.00,0.00,0.00,0.00,0.00,*6C
$GPNVS,3,160425,031026,0.00,0.00,0.00,0.00,,0.00,0,0,1,+38.06,*4A
$GPNVS,4,160425,031026,0.00,0.00,,,,,,,*6A
$GPNVS,5,160425,031026,5C9,0,0,+38.06,00000,00000,*2C
$GPNVS,6,0,A,1,0x00000,0x03,,0x00,00,,0x00000,,*05
$GPNVS,7,160425,031026,A,75,0x00,-3,-6,-2,581367,+4.28,-4.11*7A
$GPNVS,9,+10000000.009,+2.77217,+10000000.05,15,+0.019,+0.37,,+38.06,50.0,50.9,*63
$GPNVS,10,1,0,0,-30,-25,2,100,0.5,1,7,30,1,-3,1.0,20,+10,1,2,8240,,,,*60
$GPNVS,15,0,0,0000,2400,2400.00,00000000,0.00,0.00,0.00,0.00,+9999,999*48
$GPNVS,1,160426,031026,A,N,63,N,0x00000,0x03,0x00,1,N*2C
$GPNVS,2,160426,031026,0.00,0.00,0.00,0.00,0.00,0.00,0.00,0.00,*6F
$GPNVS,3,160426,031026,0.00,0.00,0.00,0.00,,0.00,0,0,1,+38.06,*49
$GPNVS,4,160426,031026,0.00,0.00,,,,,,,*69
$GPNVS,5,160426,031026,5C9,0,0,+38.06,00000,00000,*2F
$GPNVS,6,0,A,1,0x00000,0x03,,0x00,00,,0x00000,,*05
$GPNVS,7,160426,031026,A,75,0x00,-3,-6,-2,581365,+4.28,-4.11*7B
$GPNVS,9,+10000000.009,+2.77216,+10000000.00,15,+0.019,+0.37,,+38.06,50.0,50.6,*68
$GPNVS,10,1,0,0,-30,-30,2,100,0.5,1,7,30,1,-3,1.0,20,+10,1,2,8235,,,,*66
$GPNVS,15,0,0,0000,2400,2400.00,00000000,0.00,0.00,0.00,0.00,+9999,999*48
$GPNVS,1,160427,031026,A,N,63,N,0x00000,0x03,0x00,1,N*2D
$GPNVS,2,160427,031026,0.00,0.00,0.00,0.00,0.00,0.00,0.00,0.00,*6E
$GPNVS,3,160427,031026,0.00,0.00,0.00,0.00,,0.00,0,0,1,+38.06,*48
$GPNVS,4,160427,031026,0.00,0.00,,,,,,,*68
$GPNVS,5,160427,031026,5C9,0,0,+38.06,00000,00000,*2E
$GPNVS,6,0,A,1,0x00000,0x03,,0x00,00,,0x00000,,*05
$GPNVS,7,160427,031026,A,75,0x00,-3,-5,-2,581363,+4.28,-4.11*7F
$GPNVS,9,+10000000.008,+2.77215,+9999999.949,15,+0.019,+0.37,,+38.06,50.0,49.6,*6E
$GPNVS,10,1,0,0,-25,-25,2,100,0.5,1,7,30,1,-2,1.0,20,-10,1,2,8230,,,,*64
$GPNVS,15,0,0,0000,2400,2400.00,00000000,0.00,0.00,0.00,0.00,-9999,999*4E
$GPNVS,1,160428,031026,A,N,63,N,0x00000,0x03,0x00,1,N*22
$GPNVS,2,160428,031026,0.00,0.00,0.00,0.00,0.00,0.00,0.00,0.00,*61
$GPNVS,3,160428,031026,0.00,0.00,0.00,0.00,,0.00,0,0,1,+38.06,*47
$GPNVS,4,160428,031026,0.00,0.00,,,,,,,*67
$GPNVS,5,160428,031026,5C9,0,0,+38.06,00000,00000,*21
$GPNVS,6,0,A,1,0x00000,0x03,,0x00,00,,0x00000,,*05
$GPNVS,7,160428,031026,A,75,0x00,-3,-6,-2,581361,+4.28,-4.11*71
$GPNVS,9,+10000000.008,+2.77214,+10000000.05,15,+0.019,+0.37,,+38.06,50.0,50.9,*61
$GPNVS,10,1,0,0,-30,-25,2,100,0.5,1,7,30,1,-3,1.0,20,-10,1,2,8225,,,,*65
$GPNVS,15,0,0,0000,2400,2400.00,00000000,0.00,0.00,0.00,0.00,-9999,999*4E
$GPNVS,1,160429,031026,A,N,64,N,0x00000,0x03,0x00,1,N*24
$GPNVS,2,160429,031026,0.00,0.00,0.00,0.00,0.00,0.00,0.00,0.00,*60
$GPNVS,3,160429,031026,0.00,0.00,0.00,0.00,,0.00,0,0,1,+38.06,*46
$GPNVS,4,160429,031026,0.00,0.00,,,,,,,*66
$GPNVS,5,160429,031026,5C9,0,0,+38.06,00000,00000,*20
$GPNVS,6,0,A,1,0x00000,0x03,,0x00,00,,0x00000,,*05
$GPNVS,7,160429,031026,A,75,0x00,-3,-6,-2,581359,+4.28,-4.11*7B
$GPNVS,9,+10000000.008,+2.77213,+10000000.00,15,+0.019,+0.37,,+38.06,50.0,50.9,*63
$GPNVS,10,1,0,0,-30,-30,2,100,0.5,1,7,30,1,-3,1.0,20,-10,1,2,8220,,,,*64
$GPNVS,15,0,0,0000,2400,2400.00,00000000,0.00,0.00,0.00,0.00,-9999,999*4E
$GPNVS,1,160430,031026,A,N,64,N,0x00000,0x03,0x00,1,N*2C
$GPNVS,2,160430,031026,0.00,0.00,0.00,0.00,0.00,0.00,0.00,0.00,*68
$GPNVS,3,160430,031026,0.00,0.00,0.00,0.00,,0.00,0,0,1,+38.06,*4E
$GPNVS,4,160430,031026,0.00,0.00,,,,,,,*6E
$GPNVS,5,160430,031026,5C9,0,0,+38.06,00000,00000,*28
$GPNVS,6,0,A,1,0x00000,0x03,,0x00,00,,0x00000,,*05
$GPNVS,7,160430,031026,A,75,0x00,-3,-7,-2,581357,+4.28,-4.11*7C
$GPNVS,9,+10000000.009,+2.77212,+10000000.05,15,+0.019,+0.37,,+38.06,50.0,49.6,*61
$GPNVS,10,1,0,0,-35,-30,2,100,0.5,1,7,30,1,-3,1.0,20,-10,1,2,8215,,,,*67
$GPNVS,15,0,0,0000,2400,2400.00,00000000,0.00,0.00,0.00,0.00,-9999,999*4E
$GPNVS,1,160431,031026,A,N,65,N,0x00000,0x03,0x00,1,N*2C
$GPNVS,2,160431,031026,0.00,0.00,0.00,0.00,0.00,0.00,0.00,0.00,*69
$GPNVS,3,160431,031026,0.00,0.00,0.00,0.00,,0.00,0,0,1,+38.06,*4F
$GPNVS,4,160431,031026,0.00,0.00,,,,,,,*6F
$GPNVS,5,160431,031026,5C9,0,0,+38.06,00000,00000,*29
$GPNVS,6,0,A,1,0x00000,0x03,,0x00,00,,0x00000,,*05
$GPNVS,7,160431,031026,A,75,0x00,-3,-7,-3,581354,+4.28,-4.11*7F
$GPNVS,9,+10000000.009,+2.77211,+10000000.00,15,+0.019,+0.37,,+38.06,50.0,50.0,*69
$GPNVS,10,1,0,0,-35,-35,2,100,0.5,1,7,30,1,-3,1.0,20,-10,1,2,8210,,,,*67
$GPNVS,15,0,0,0000,2400,2400.00,00000000,0.00,0.00,0.00,0.00,-9999,999*4E
$GPNVS,1,160432,031026,A,N,65,N,0x00000,0x03,0x00,1,N*2F
$GPNVS,2,160432,031026,0.00,0.00,0.00,0.00,0.00,0.00,0.00,0.00,*6A
$GPNVS,3,160432,031026,0.00,0.00,0.00,0.00,,0.00,0,0,1,+38.06,*4C
$GPNVS,4,160432,031026,0.00,0.00,,,,,,,*6C
$GPNVS,5,160432,031026,5C9,0,0,+38.06,00000,00000,*2A
$GPNVS,6,0,A,1,0x00000,0x03,,0x00,00,,0x00000,,*05
$GPNVS,7,160432,031026,A,75,0x00,-48,-7,-2,581352,+4.28,-4.11*44
$GPNVS,9,+10000000.008,+2.77210,+10000000.00,15,+0.019,+0.37,,+38.06,50.0,50.0,*69
$GPNVS,10,1,0,0,-35,-35,2,100,0.5,1,7,30,1,-2,1.0,20,-10,1,2,8205,,,,*62
$GPNVS,15,0,0,0000,2400,2400.00,00000000,0.00,0.00,0.00,0.00,-9999,999*4E
$GPNVS,1,160433,031026,A,N,65,N,0x00000,0x03,0x00,1,N*2E
$GPNVS,2,160433,031026,0.00,0.00,0.00,0.00,0.00,0.00,0.00,0.00,*6B
$GPNVS,3,160433,031026,0.00,0.00,0.00,0.00,,0.00,0,0,1,+38.06,*4D
$GPNVS,4,160433,031026,0.00,0.00,,,,,,,*6D
$GPNVS,5,160433,031026,5C9,0,0,+38.06,00000,00000,*2B
$GPNVS,6,0,A,1,0x00000,0x03,,0x00,00,,0x00000,,*05
$GPNVS,7,160433,031026,A,75,0x00,-48,-7,-2,581350,+4.28,-4.11*47
$GPNVS,9,+10000000.008,+2.77209,+10000000.00,15,+0.019,+0.37,,+38.06,50.0,50.9,*68
$GPNVS,10,1,0,0,-35,-35,2,100,0.5,1,7,30,1,-3,1.0,20,-10,1,2,8200,,,,*66
$GPNVS,15,0,0,0000,2400,2400.00,00000000,0.00,0.00,0.00,0.00,-9999,999*4E
$GPNVS,1,160434,031026,A,N,65,N,0x00000,0x03,0x00,1,N*29
$GPNVS,2,160434,031026,0.00,0.00,0.00,0.00,0.00,0.00,0.00,0.00,*6C
$GPNVS,3,160434,031026,0.00,0.00,0.00,0.00,,0.00,0,0,1,+38.06,*4A
$GPNVS,4,160434,031026,0.00,0.00,,,,,,,*6A
$GPNVS,5,160434,031026,5C9,0,0,+38.06,00000,00000,*2C
$GPNVS,6,0,A,1,0x00000,0x03,,0x00,00,,0x00000,,*05
$GPNVS,7,160434,031026,A,75,0x00,-48,-8,-2,581348,+4.27,-4.11*49
$GPNVS,9,+10000000.010,+2.77208,+10000000.05,15,+0.019,+0.37,,+38.06,50.0,50.9,*65
$GPNVS,10,1,0,0,-40,-35,2,100,0.5,1,7,30,1,-3,1.0,20,-10,1,2,8195,,,,*6B
$GPNVS,15,0,0,0000,2400,2400.00,00000000,0.00,0.00,0.00,0.00,-9999,999*4E
$GPNVS,1,160435,031026,A,N,65,N,0x00000,0x03,0x00,1,N*28
$GPNVS,2,160435,031026,0.00,0.00,0.00,0.00,0.00,0.00,0.00,0.00,*6D
$GPNVS,3,160435,031026,0.00,0.00,0.00,0.00,,0.00,0,0,1,+38.06,*4B
$GPNVS,4,160435,031026,0.00,0.00,,,,,,,*6B
$GPNVS,5,160435,031026,5C9,0,0,+38.06,00000,00000,*2D
$GPNVS,6,0,A,1,0x00000,0x03,,0x00,00,,0x00000,,*05
$GPNVS,7,160435,031026,A,75,0x00,-48,-8,-3,581345,+4.28,-4.11*4B
$GPNVS,9,+10000000.008,+2.77207,+10000000.00,15,+0.019,+0.37,,+38.06,50.0,49.6,*61
$GPNVS,10,1,0,0,-40,-40,2,100,0.5,1,7,30,1,-3,1.0,20,-10,1,2,8190,,,,*6C
$GPNVS,15,0,0,0000,2400,2400.00,00000000,0.00,0.00,0.00,0.00,-9999,999*4E
$GPNVS,99,,,*5C
$GPNVS,1,160436,031026,A,N,65,N,0x00000,0x03,0x00,1,N*2B
$GPNVS,2,160436,031026,0.00,0.00,0.00,0.00,0.00,0.00,0.00,0.00,*6E
$GPNVS,3,160436,031026,0.00,0.00,0.00,0.00,,0.00,0,0,1,+38.06,*48
$GPNVS,4,160436,031026,0.00,0.00,,,,,,,*68
$GPNVS,5,160436,031026,5C9,0,0,+38.06,00000,00000,*2E
$GPNVS,6,0,A,1,0x00000,0x03,,0x00,00,,0x00000,,*05
$GPNVS,7,160436,031026,A,75,0x00,-48,-7,-2,581343,+4.28,-4.11*40
$GPNVS,9,+10000000.008,+2.77206,+9999999.949,15,+0.019,+0.37,,+38.06,50.0,50.3,*61
$GPNVS,10,1,0,0,-35,-35,2,100,0.5,1,7,30,1,-2,1.0,20,-10,1,2,8185,,,,*69
$GPNVS,15,0,0,0000,2400,2400.00,00000000,0.00,0.00,0.00,0.00,-9999,999*4E
$GPNVS,1,160437,031026,A,N,63,N,0x00000,0x03,0x00,1,N*2C
$GPNVS,2,160437,031026,0.00,0.00,0.00,0.00,0.00,0.00,0.00,0.00,*6F
$GPNVS,3,160437,031026,0.00,0.00,0.00,0.00,,0.00,0,0,1,+38.06,*49
$GPNVS,4,160437,031026,0.00,0.00,,,,,,,*69
$GPNVS,5,160437,031026,5C9,0,0,+38.06,00000,00000,*2F
$GPNVS,6,0,A,1,0x00000,0x03,,0x00,00,,0x00000,,*05
$GPNVS,7,160437,031026,A,75,0x00,-48,-8,-2,581341,+4.28,-4.11*4C
$GPNVS,9,+10000000.009,+2.77205,+10000000.05,15,+0.019,+0.37,,+38.06,50.0,50.3,*6A
$GPNVS,10,1,0,0,-40,-35,2,100,0.5,1,7,30,1,-2,1.0,20,-10,1,2,8180,,,,*6E
$GPNVS,15,0,0,0000,2400,2400.00,00000000,0.00,0.00,0.00,0.00,-9999,999*4E
$GPNVS,1,160438,031026,A,N,63,N,0x00000,0x03,0x00,1,N*23
$GPNVS,2,160438,031026,0.00,0.00,0.00,0.00,0.00,0.00,0.00,0.00,*60
$GPNVS,3,160438,031026,0.00,0.00,0.00,0.00,,0.00,0,0,1,+38.06,*46
$GPNVS,4,160438,031026,0.00,0.00,,,,,,,*66
$GPNVS,5,160438,031026,5C9,0,0,+38.06,00000,00000,*20
$GPNVS,6,0,A,1,0x00000,0x03,,0x00,00,,0x00000,,*05
$GPNVS,7,160438,031026,A,75,0x00,-48,-8,-3,581338,+4.27,-4.11*43
$GPNVS,9,+10000000.009,+2.77203,+10000000.00,15,+0.019,+0.37,,+38.06,50.0,49.3,*61
$GPNVS,10,1,0,0,-40,-40,2,100,0.5,1,7,30,1,-3,1.0,20,+6,1,2,8175,,,,*56
$GPNVS,15,0,0,0000,2400,2400.00,00000000,0.00,0.00,0.00,0.00,+9999,999*48
$GPNVS,1,160439,031026,A,N,63,N,0x00000,0x03,0x00,1,N*22
$GPNVS,2,160439,031026,0.00,0.00,0.00,0.00,0.00,0.00,0.00,0.00,*61
$GPNVS,3,160439,031026,0.00,0.00,0.00,0.00,,0.00,0,0,1,+38.06,*47
$GPNVS,4,160439,031026,0.00,0.00,,,,,,,*67
$GPNVS,5,160439,031026,5C9,0,0,+38.06,00000,00000,*21
$GPNVS,6,0,A,1,0x00000,0x03,,0x00,00,,0x00000,,*05
$GPNVS,7,160439,031026,A,75,0x00,-48,-9,-2,581336,+4.28,-4.11*43
$GPNVS,9,+10000000.009,+2.77202,+10000000.05,15,+0.019,+0.37,,+38.06,50.0,50.0,*6E
$GPNVS,10,1,0,0,-45,-40,2,100,0.5,1,7,30,1,-3,1.0,20,+6,1,2,8170,,,,*56
$GPNVS,15,0,0,0000,2400,2400.00,00000000,0.00,0.00,0.00,0.00,+9999,999*48
$GPNVS,1,160440,031026,A,N,63,N,0x00000,0x03,0x00,1,N*2C
$GPNVS,2,160440,031026,0.00,0.00,0.00,0.00,0.00,0.00,0.00,0.00,*6F
$GPNVS,3,160440,031026,0.00,0.00,0.00,0.00,,0.00,0,0,1,+38.06,*49
$GPNVS,4,160440,031026,0.00,0.00,,,,,,,*69
$GPNVS,5,160440,031026,5C9,0,0,+38.06,00000,00000,*2F
$GPNVS,6,0,A,1,0x00000,0x03,,0x00,00,,0x00000,,*05
$GPNVS,7,160440,031026,A,75,0x00,-48,-8,-2,581334,+4.28,-4.11*4E
$GPNVS,9,+10000000.008,+2.77201,+9999999.949,15,+0.019,+0.37,,+38.06,50.0,50.3,*66
$GPNVS,10,1,0,0,-40,-40,2,100,0.5,1,7,30,1,-3,1.0,20,+6,1,2,8165,,,,*57
$GPNVS,15,0,0,0000,2400,2400.00,00000000,0.00,0.00,0.00,0.00,+9999,999*48
$GPNVS,1,160441,031026,A,N,63,N,0x00000,0x03,0x00,1,N*2D
$GPNVS,2,160441,031026,0.00,0.00,0.00,0.00,0.00,0.00,0.00,0.00,*6E
$GPNVS,3,160441,031026,0.00,0.00,0.00,0.00,,0.00,0,0,1,+38.06,*48
$GPNVS,4,160441,031026,0.00,0.00,,,,,,,*68
$GPNVS,5,160441,031026,5C9,0,0,+38.06,00000,00000,*2E
$GPNVS,6,0,A,1,0x00000,0x03,,0x00,00,,0x00000,,*05
$GPNVS,7,160441,031026,A,75,0x00,-48,-8,-2,581332,+4.28,-4.11*49
$GPNVS,9,+10000000.009,+2.77200,+10000000.00,15,+0.019,+0.37,,+38.06,50.0,50.0,*69
$GPNVS,10,1,0,0,-40,-40,2,100,0.5,1,7,30,1,-2,1.0,20,+6,1,2,8160,,,,*53
$GPNVS,15,0,0,0000,2400,2400.00,00000000,0.00,0.00,0.00,0.00,+9999,999*48
$GPNVS,1,160442,031026,A,N,63,N,0x00000,0x03,0x00,1,N*2E
$GPNVS,2,160442,031026,0.00,0.00,0.00,0.00,0.00,0.00,0.00,0.00,*6D
$GPNVS,3,160442,031026,0.00,0.00,0.00,0.00,,0.00,0,0,1,+38.06,*4B
$GPNVS,4,160442,031026,0.00,0.00,,,,,,,*6B
$GPNVS,5,160442,031026,5C9,0,0,+38.06,00000,00000,*2D
$GPNVS,6,0,A,1,0x00000,0x03,,0x00,00,,0x00000,,*05
$GPNVS,7,160442,031026,A,75,0x00,-48,-8,-3,581329,+4.28,-4.11*41
$GPNVS,9,+10000000.007,+2.77199,+10000000.00,15,+0.019,+0.37,,+38.06,50.0,49.0,*6C
$GPNVS,10,1,0,0,-40,-40,2,100,0.5,1,7,30,1,-2,1.0,20,+6,1,2,8155,,,,*55
$GPNVS,15,0,0,0000,2400,2400.00,00000000,0.00,0.00,0.00,0.00,+9999,999*48
$GPNVS,1,160443,031026,A,N,63,N,0x00000,0x03,0x00,1,N*2F
$GPNVS,2,160443,031026,0.00,0.00,0.00,0.00,0.00,0.00,0.00,0.00,*6C
$GPNVS,3,160443,031026,0.00,0.00,0.00,0.00,,0.00,0,0,1,+38.06,*4A
$GPNVS,4,160443,031026,0.00,0.00,,,,,,,*6A
$GPNVS,5,160443,031026,5C9,0,0,+38.06,00000,00000,*2C
$GPNVS,6,0,A,1,0x00000,0x03,,0x00,00,,0x00000,,*05
$GPNVS,7,160443,031026,A,75,0x00,-48,-9,-2,581327,+4.28,-4.11*4E
$GPNVS,9,+10000000.009,+2.77198,+10000000.05,15,+0.019,+0.37,,+38.06,50.0,49.0,*66
$GPNVS,10,1,0,0,-45,-40,2,100,0.5,1,7,30,1,-2,1.0,20,+6,1,2,8150,,,,*55
$GPNVS,15,0,0,0000,2400,2400.00,00000000,0.00,0.00,0.00,0.00,+9999,999*48
$GPNVS,1,160444,031026,A,N,63,N,0x00000,0x03,0x00,1,N*28
$GPNVS,2,160444,031026,0.00,0.00,0.00,0.00,0.00,0.00,0.00,0.00,*6B
$GPNVS,3,160444,031026,0.00,0.00,0.00,0.00,,0.00,0,0,1,+38.06,*4D
$GPNVS,4,160444,031026,0.00,0.00,,,,,,,*6D
$GPNVS,5,160444,031026,5C9,0,0,+38.06,00000,00000,*2B
$GPNVS,6,0,A,1,0x00000,0x03,,0x00,00,,0x00000,,*05
$GPNVS,7,160444,031026,A,75,0x00,-48,-9,-2,581325,+4.28,-4.11*4B
$GPNVS,9,+10000000.009,+2.77197,+10000000.00,15,+0.019,+0.37,,+38.06,50.0,49.6,*6A
$GPNVS,10,1,0,0,-45,-45,2,100,0.5,1,7,30,1,-2,1.0,20,+6,1,2,8145,,,,*54
$GPNVS,15,0,0,0000,2400,2400.00,00000000,0.00,0.00,0.00,0.00,+9999,999*48
$GPNVS,1,160445,031026,A,N,63,N,0x00000,0x03,0x00,1,N*29
$GPNVS,2,160445,031026,0.00,0.00,0.00,0.00,0.00,0.00,0.00,0.00,*6A
$GPNVS,3,160445,031026,0.00,0.00,0.00,0.00,,0.00,0,0,1,+38.06,*4C
$GPNVS,4,160445,031026,0.00,0.00,,,,,,,*6C
$GPNVS,5,160445,031026,5C9,0,0,+38.06,00000,00000,*2A
$GPNVS,6,0,A,1,0x00000,0x03,,0x00,00,,0x00000,,*05
$GPNVS,7,160445,031026,A,75,0x00,-48,-8,-3,581322,+4.27,-4.11*42
$GPNVS,9,+10000000.007,+2.77196,+9999999.949,15,+0.019,+0.37,,+38.06,50.0,50.3,*64
$GPNVS,10,1,0,0,-40,-40,2,100,0.5,1,7,30,1,-2,1.0,20,+6,1,2,8140,,,,*51
$GPNVS,15,0,0,0000,2400,2400.00,00000000,0.00,0.00,0.00,0.00,+9999,999*48
$GPNVS,1,160446,031026,A,N,63,N,0x00000,0x03,0x00,1,N*2A
$GPNVS,2,160446,031026,0.00,0.00,0.00,0.00,0.00,0.00,0.00,0.00,*69
$GPNVS,3,160446,031026,0.00,0.00,0.00,0.00,,0.00,0,0,1,+38.06,*4F
$GPNVS,4,160446,031026,0.00,0.00,,,,,,,*6F
$GPNVS,5,160446,031026,5C9,0,0,+38.06,00000,00000,*29
$GPNVS,6,0,A,1,0x00000,0x03,,0x00,00,,0x00000,,*05
$GPNVS,7,160446,031026,A,75,0x00,-48,-8,-2,581320,+4.27,-4.11*42
$GPNVS,9,+10000000.007,+2.77195,+10000000.00,15,+0.019,+0.37,,+38.06,50.0,49.3,*63
$GPNVS,10,1,0,0,-40,-40,2,100,0.5,1,7,30,1,-1,1.0,20,+6,1,2,8135,,,,*50
$GPNVS,15,0,0,0000,2400,2400.00,00000000,0.00,0.00,0.00,0.00,+9999,999*48
$GPNVS,1,160447,031026,A,N,63,N,0x00000,0x03,0x00,1,N*2B
$GPNVS,2,160447,031026,0.00,0.00,0.00,0.00,0.00,0.00,0.00,0.00,*68
$GPNVS,3,160447,031026,0.00,0.00,0.00,0.00,,0.00,0,0,1,+38.06,*4E
$GPNVS,4,160447,031026,0.00,0.00,,,,,,,*6E
$GPNVS,5,160447,031026,5C9,0,0,+38.06,00000,00000,*28
$GPNVS,6,0,A,1,0x00000,0x03,,0x00,00,,0x00000,,*05
$GPNVS,7,160447,031026,A,75,0x00,-27,-10,-2,581318,+4.27,-4.11*78
$GPNVS,9,+10000000.009,+2.77194,+10000000.09,15,+0.019,+0.37,,+38.06,50.0,49.6,*60
$GPNVS,10,1,0,0,-50,-45,2,100,0.5,1,7,30,1,-1,1.0,20,+6,1,2,8130,,,,*51
$GPNVS,15,0,0,0000,2400,2400.00,00000000,0.00,0.00,0.00,0.00,+9999,999*48
$GPNVS,1,160448,031026,A,N,63,N,0x00000,0x03,0x00,1,N*24
$GPNVS,2,160448,031026,0.00,0.00,0.00,0.00,0.00,0.00,0.00,0.00,*67
$GPNVS,3,160448,031026,0.00,0.00,0.00,0.00,,0.00,0,0,1,+38.06,*41
$GPNVS,4,160448,031026,0.00,0.00,,,,,,,*61
$GPNVS,5,160448,031026,5C9,0,0,+38.06,00000,00000,*27
$GPNVS,6,0,A,1,0x00000,0x03,,0x00,00,,0x00000,,*05
$GPNVS,7,160448,031026,A,75,0x00,-27,-9,-2,581316,+4.28,-4.11*4E
$GPNVS,9,+10000000.009,+2.77193,+9999999.949,15,+0.019,+0.37,,+38.06,50.0,50.3,*6F
$GPNVS,10,1,0,0,-45,-45,2,100,0.5,1,7,30,1,-2,1.0,20,+6,1,2,8125,,,,*52
$GPNVS,15,0,0,0000,2400,2400.00,00000000,0.00,0.00,0.00,0.00,+9999,999*48
$GPNVS,1,160449,031026,A,N,63,N,0x00000,0x03,0x00,1,N*25
$GPNVS,2,160449,031026,0.00,0.00,0.00,0.00,0.00,0.00,0.00,0.00,*66
$GPNVS,3,160449,031026,0.00,0.00,0.00,0.00,,0.00,0,0,1,+38.06,*40
$GPNVS,4,160449,031026,0.00,0.00,,,,,,,*60
$GPNVS,5,160449,031026,5C9,0,0,+38.06,00000,00000,*26
$GPNVS,6,0,A,1,0x00000,0x03,,0x00,00,,0x00000,,*05
$GPNVS,7,160449,031026,A,75,0x00,-27,-9,-2,581314,+4.28,-4.11*4D
$GPNVS,9,+10000000.007,+2.77192,+10000000.00,15,+0.019,+0.37,,+38.06,50.0,49.3,*64
$GPNVS,10,1,0,0,-45,-45,2,100,0.5,1,7,30,1,-2,1.0,20,-14,1,2,8120,,,,*62
$GPNVS,15,0,0,0000,2400,2400.00,00000000,0.00,0.00,0.00,0.00,-9999,999*4E
$GPNVS,1,160450,031026,A,N,63,N,0x00000,0x03,0x00,1,N*2D
$GPNVS,2,160450,031026,0.00,0.00,0.00,0.00,0.00,0.00,0.00,0.00,*6E
$GPNVS,3,160450,031026,0.00,0.00,0.00,0.00,,0.00,0,0,1,+38.06,*48
$GPNVS,4,160450,031026,0.00,0.00,,,,,,,*68
$GPNVS,5,160450,031026,5C9,0,0,+38.06,00000,00000,*2E
$GPNVS,6,0,A,1,0x00000,0x03,,0x00,00,,0x00000,,*05
$GPNVS,7,160450,031026,A,75,0x00,-27,-9,-3,581311,+4.27,-4.11*4E
$GPNVS,9,+10000000.008,+2.77190,+10000000.00,15,+0.019,+0.37,,+38.06,50.0,50.3,*61
$GPNVS,10,1,0,0,-45,-45,2,100,0.5,1,7,30,1,-2,1.0,20,-14,1,2,8115,,,,*64
$GPNVS,15,0,0,0000,2400,2400.00,00000000,0.00,0.00,0.00,0.00,-9999,999*4E
$GPNVS,99,,,*5C
$GPNVS,1,160451,031026,A,N,63,N,0x00000,0x03,0x00,1,N*2C
$GPNVS,2,160451,031026,0.00,0.00,0.00,0.00,0.00,0.00,0.00,0.00,*6F
$GPNVS,3,160451,031026,0.00,0.00,0.00,0.00,,0.00,0,0,1,+38.06,*49
$GPNVS,4,160451,031026,0.00,0.00,,,,,,,*69
$GPNVS,5,160451,031026,5C9,0,0,+38.06,00000,00000,*2F
$GPNVS,6,0,A,1,0x00000,0x03,,0x00,00,,0x00000,,*05
$GPNVS,7,160451,031026,A,75,0x00,-27,-9,-2,581309,+4.27,-4.11*47
$GPNVS,9,+10000000.008,+2.77189,+10000000.00,15,+0.019,+0.37,,+38.06,50.0,50.3,*69
$GPNVS,10,1,0,0,-45,-45,2,100,0.5,1,7,30,1,-1,1.0,20,-14,1,2,8110,,,,*62
$GPNVS,15,0,0,0000,2400,2400.00,00000000,0.00,0.00,0.00,0.00,-9999,999*4E
$GPNVS,1,160452,031026,A,N,63,N,0x00000,0x03,0x00,1,N*2F
$GPNVS,2,160452,031026,0.00,0.00,0.00,0.00,0.00,0.00,0.00,0.00,*6C
$GPNVS,3,160452,031026,0.00,0.00,0.00,0.00,,0.00,0,0,1,+38.06,*4A
$GPNVS,4,160452,031026,0.00,0.00,,,,,,,*6A
$GPNVS,5,160452,031026,5C9,0,0,+38.06,00000,00000,*2C
$GPNVS,6,0,A,1,0x00000,0x03,,0x00,00,,0x00000,,*05
$GPNVS,7,160452,031026,A,75,0x00,-27,-10,-2,581307,+4.27,-4.11*72
$GPNVS,9,+10000000.007,+2.77189,+10000000.05,15,+0.019,+0.37,,+38.06,50.0,50.6,*66
$GPNVS,10,1,0,0,-50,-45,2,100,0.5,1,7,30,1,-1,1.0,20,-14,1,2,8105,,,,*62
$GPNVS,15,0,0,0000,2400,2400.00,00000000,0.00,0.00,0.00,0.00,-9999,999*4E
$GPNVS,1,160453,031026,A,N,63,N,0x00000,0x03,0x00,1,N*2E
$GPNVS,2,160453,031026,0.00,0.00,0.00,0.00,0.00,0.00,0.00,0.00,*6D
$GPNVS,3,160453,031026,0.00,0.00,0.00,0.00,,0.00,0,0,1,+38.06,*4B
$GPNVS,4,160453,031026,0.00,0.00,,,,,,,*6B
$GPNVS,5,160453,031026,5C9,0,0,+38.06,00000,00000,*2D
$GPNVS,6,0,A,1,0x00000,0x03,,0x00,00,,0x00000,,*05
$GPNVS,7,160453,031026,A,75,0x00,-27,-10,-2,581305,+4.28,-4.11*7E
$GPNVS,9,+10000000.008,+2.77188,+10000000.00,15,+0.019,+0.37,,+38.06,50.0,50.3,*68
$GPNVS,10,1,0,0,-50,-50,2,100,0.5,1,7,30,1,-1,1.0,20,-14,1,2,8100,,,,*63
$GPNVS,15,0,0,0000,2400,2400.00,00000000,0.00,0.00,0.00,0.00,-9999,999*4E
$GPNVS,1,160454,031026,A,N,63,N,0x00000,0x03,0x00,1,N*29
$GPNVS,2,160454,031026,0.00,0.00,0.00,0.00,0.00,0.00,0.00,0.00,*6A
$GPNVS,3,160454,031026,0.00,0.00,0.00,0.00,,0.00,0,0,1,+38.06,*4C
$GPNVS,4,160454,031026,0.00,0.00,,,,,,,*6C
$GPNVS,5,160454,031026,5C9,0,0,+38.06,00000,00000,*2A
$GPNVS,6,0,A,1,0x00000,0x03,,0x00,00,,0x00000,,*05
$GPNVS,7,160454,031026,A,75,0x00,-27,-10,-2,581303,+4.27,-4.11*70
$GPNVS,9,+10000000.008,+2.77187,+10000000.00,15,+0.019,+0.37,,+38.06,50.0,49.0,*6C
$GPNVS,10,1,0,0,-50,-50,2,100,0.5,1,7,30,1,-1,1.0,20,-14,1,2,8095,,,,*6E
$GPNVS,15,0,0,0000,2400,2400.00,00000000,0.00,0.00,0.00,0.00,-9999,999*4E
$GPNVS,1,160455,031026,A,N,63,N,0x00000,0x03,0x00,1,N*28
$GPNVS,2,160455,031026,0.00,0.00,0.00,0.00,0.00,0.00,0.00,0.00,*6B
$GPNVS,3,160455,031026,0.00,0.00,0.00,0.00,,0.00,0,0,1,+38.06,*4D
$GPNVS,4,160455,031026,0.00,0.00,,,,,,,*6D
$GPNVS,5,160455,031026,5C9,0,0,+38.06,00000,00000,*2B
$GPNVS,6,0,A,1,0x00000,0x03,,0x00,00,,0x00000,,*05
$GPNVS,7,160455,031026,A,75,0x00,-27,-10,-3,581300,+4.28,-4.11*7C
$GPNVS,9,+10000000.008,+2.77185,+10000000.00,15,+0.019,+0.37,,+38.06,50.0,50.6,*60
$GPNVS,10,1,0,0,-50,-50,2,100,0.5,1,7,30,1,-2,1.0,20,-14,1,2,8090,,,,*68
$GPNVS,15,0,0,0000,2400,2400.00,00000000,0.00,0.00,0.00,0.00,-9999,999*4E
$GPNVS,1,160456,031026,A,N,63,N,0x00000,0x03,0x00,1,N*2B
$GPNVS,2,160456,031026,0.00,0.00,0.00,0.00,0.00,0.00,0.00,0.00,*68
$GPNVS,3,160456,031026,0.00,0.00,0.00,0.00,,0.00,0,0,1,+38.06,*4E
$GPNVS,4,160456,031026,0.00,0.00,,,,,,,*6E
$GPNVS,5,160456,031026,5C9,0,0,+38.06,00000,00000,*28
$GPNVS,6,0,A,1,0x00000,0x03,,0x00,00,,0x00000,,*05
$GPNVS,7,160456,031026,A,75,0x00,-27,-10,-2,581298,+4.28,-4.11*7E
$GPNVS,9,+10000000.007,+2.77184,+10000000.00,15,+0.019,+0.37,,+38.06,50.0,50.3,*6B
$GPNVS,10,1,0,0,-50,-50,2,100,0.5,1,7,30,1,-2,1.0,20,-14,1,2,8085,,,,*6C
$GPNVS,15,0,0,0000,2400,2400.00,00000000,0.00,0.00,0.00,0.00,-9999,999*4E
$GPNVS,1,160457,031026,A,N,63,N,0x00000,0x03,0x00,1,N*2A
$GPNVS,2,160457,031026,0.00,0.00,0.00,0.00,0.00,0.00,0.00,0.00,*69
$GPNVS,3,160457,031026,0.00,0.00,0.00,0.00,,0.00,0,0,1,+38.06,*4F
$GPNVS,4,160457,031026,0.00,0.00,,,,,,,*6F
$GPNVS,5,160457,031026,5C9,0,0,+38.06,00000,00000,*29
$GPNVS,6,0,A,1,0x00000,0x03,,0x00,00,,0x00000,,*05
$GPNVS,7,160457,031026,A,75,0x00,-27,-11,-2,581296,+4.27,-4.11*7F
$GPNVS,9,+10000000.008,+2.77183,+10000000.05,15,+0.019,+0.37,,+38.06,50.0,50.9,*6C
$GPNVS,10,1,0,0,-55,-50,2,100,0.5,1,7,30,1,-2,1.0,20,-14,1,2,8080,,,,*6C
$GPNVS,15,0,0,0000,2400,2400.00,00000000,0.00,0.00,0.00,0.00,-9999,999*4E
$GPNVS,1,160458,031026,A,N,63,N,0x00000,0x03,0x00,1,N*25
$GPNVS,2,160458,031026,0.00,0.00,0.00,0.00,0.00,0.00,0.00,0.00,*66
$GPNVS,3,160458,031026,0.00,0.00,0.00,0.00,,0.00,0,0,1,+38.06,*40
$GPNVS,4,160458,031026,0.00,0.00,,,,,,,*60
$GPNVS,5,160458,031026,5C9,0,0,+38.06,00000,00000,*26
$GPNVS,6,0,A,1,0x00000,0x03,,0x00,00,,0x00000,,*05
$GPNVS,7,160458,031026,A,75,0x00,-27,-11,-2,581294,+4.27,-4.11*72
$GPNVS,9,+10000000.009,+2.77182,+10000000.00,15,+0.019,+0.37,,+38.06,50.0,49.3,*6B
$GPNVS,10,1,0,0,-55,-55,2,100,0.5,1,7,30,1,-2,1.0,20,-14,1,2,8075,,,,*63
$GPNVS,15,0,0,0000,2400,2400.00,00000000,0.00,0.00,0.00,0.00,-9999,999*4E
$GPNVS,1,160459,031026,A,N,63,N,0x00000,0x03,0x00,1,N*24
$GPNVS,2,160459,031026,0.00,0.00,0.00,0.00,0.00,0.00,0.00,0.00,*67
$GPNVS,3,160459,031026,0.00,0.00,0.00,0.00,,0.00,0,0,1,+38.06,*41
$GPNVS,4,160459,031026,0.00,0.00,,,,,,,*61
$GPNVS,5,160459,031026,5C9,0,0,+38.06,00000,00000,*27
$GPNVS,6,0,A,1,0x00000,0x03,,0x00,00,,0x00000,,*05
$GPNVS,7,160459,031026,A,75,0x00,-27,-10,-2,581292,+4.28,-4.11*7B
$GPNVS,9,+10000000.006,+2.77181,+9999999.949,15,+0.019,+0.37,,+38.06,50.0,50.0,*60
$GPNVS,10,1,0,0,-50,-50,2,100,0.5,1,7,30,1,-2,1.0,20,-14,1,2,8070,,,,*66
$GPNVS,15,0,0,0000,2400,2400.00,00000000,0.00,0.00,0.00,0.00,+9999,999*48
$GPNVS,1,160500,031026,A,N,63,N,0x00000,0x03,0x00,1,N*29
$GPNVS,2,160500,031026,0.00,0.00,0.00,0.00,0.00,0.00,0.00,0.00,*6A
$GPNVS,3,160500,031026,0.00,0.00,0.00,0.00,,0.00,0,0,1,+38.06,*4C
$GPNVS,4,160500,031026,0.00,0.00,,,,,,,*6C
$GPNVS,5,160500,031026,5C9,0,0,+38.06,00000,00000,*2A
$GPNVS,6,0,A,1,0x00000,0x03,,0x00,00,,0x00000,,*05
$GPNVS,7,160500,031026,A,75,0x00,-27,-10,-2,581290,+4.27,-4.11*7B
$GPNVS,9,+10000000.007,+2.77180,+10000000.00,15,+0.019,+0.37,,+38.06,50.0,50.6,*6A
$GPNVS,10,1,0,0,-50,-50,2,100,0.5,1,7,30,1,-2,1.0,20,+2,1,2,8065,,,,*53
$GPNVS,15,0,0,0000,2400,2400.00,00000000,0.00,0.00,0.00,0.00,+9999,999*48
$GPNVS,1,160501,031026,A,N,63,N,0x00000,0x03,0x00,1,N*28
$GPNVS,2,160501,031026,0.00,0.00,0.00,0.00,0.00,0.00,0.00,0.00,*6B
$GPNVS,3,160501,031026,0.00,0.00,0.00,0.00,,0.00,0,0,1,+38.06,*4D
$GPNVS,4,160501,031026,0.00,0.00,,,,,,,*6D
$GPNVS,5,160501,031026,5C9,0,0,+38.06,00000,00000,*2B
$GPNVS,6,0,A,1,0x00000,0x03,,0x00,00,,0x00000,,*05
$GPNVS,7,160501,031026,A,75,0x00,-27,-10,-2,581288,+4.28,-4.11*7C
$GPNVS,9,+10000000.007,+2.77179,+10000000.00,15,+0.019,+0.37,,+38.06,50.0,50.0,*6A
$GPNVS,10,1,0,0,-50,-50,2,100,0.5,1,7,30,1,-1,1.0,20,+2,1,2,8060,,,,*55
$GPNVS,15,0,0,0000,2400,2400.00,00000000,0.00,0.00,0.00,0.00,+9999,999*48
$GPNVS,1,160502,031026,A,N,63,N,0x00000,0x03,0x00,1,N*2B
$GPNVS,2,160502,031026,0.00,0.00,0.00,0.00,0.00,0.00,0.00,0.00,*68
$GPNVS,3,160502,031026,0.00,0.00,0.00,0.00,,0.00,0,0,1,+38.06,*4E
$GPNVS,4,160502,031026,0.00,0.00,,,,,,,*6E
$GPNVS,5,160502,031026,5C9,0,0,+38.06,00000,00000,*28
$GPNVS,6,0,A,1,0x00000,0x03,,0x00,00,,0x00000,,*05
$GPNVS,7,160502,031026,A,75,0x00,-3,-11,-2,581286,+4.28,-4.11*46
$GPNVS,9,+10000000.007,+2.77179,+10000000.05,15,+0.019,+0.37,,+38.06,50.0,50.3,*6C
$GPNVS,10,1,0,0,-55,-50,2,100,0.5,1,7,30,1,-1,1.0,20,+2,1,2,8055,,,,*56
$GPNVS,15,0,0,0000,2400,2400.00,00000000,0.00,0.00,0.00,0.00,+9999,999*48
$GPNVS,1,160503,031026,A,N,63,N,0x00000,0x03,0x00,1,N*2A
$GPNVS,2,160503,031026,0.00,0.00,0.00,0.00,0.00,0.00,0.00,0.00,*69
$GPNVS,3,160503,031026,0.00,0.00,0.00,0.00,,0.00,0,0,1,+38.06,*4F
$GPNVS,4,160503,031026,0.00,0.00,,,,,,,*6F
$GPNVS,5,160503,031026,5C9,0,0,+38.06,00000,00000,*29
$GPNVS,6,0,A,1,0x00000,0x03,,0x00,00,,0x00000,,*05
$GPNVS,7,160503,031026,A,75,0x00,-3,-11,-2,581284,+4.28,-4.11*45
$GPNVS,9,+10000000.007,+2.77178,+10000000.00,15,+0.019,+0.37,,+38.06,50.0,50.6,*6D
$GPNVS,10,1,0,0,-55,-55,2,100,0.5,1,7,30,1,-2,1.0,20,+2,1,2,8050,,,,*55
$GPNVS,15,0,0,0000,2400,2400.00,00000000,0.00,0.00,0.00,0.00,+9999,999*48
$GPNVS,1,160504,031026,A,N,63,N,0x00000,0x03,0x00,1,N*2D
$GPNVS,2,160504,031026,0.00,0.00,0.00,0.00,0.00,0.00,0.00,0.00,*6E
$GPNVS,3,160504,031026,0.00,0.00,0.00,0.00,,0.00,0,0,1,+38.06,*48
$GPNVS,4,160504,031026,0.00,0.00,,,,,,,*68
$GPNVS,5,160504,031026,5C9,0,0,+38.06,00000,00000,*2E
$GPNVS,6,0,A,1,0x00000,0x03,,0x00,00,,0x00000,,*05
$GPNVS,7,160504,031026,A,75,0x00,-3,-11,-2,581282,+4.28,-4.11*44
$GPNVS,9,+10000000.007,+2.77177,+10000000.00,15,+0.019,+0.37,,+38.06,50.0,50.3,*67
$GPNVS,10,1,0,0,-55,-55,2,100,0.5,1,7,30,1,-2,1.0,20,+2,1,2,8045,,,,*51
$GPNVS,15,0,0,0000,2400,2400.00,00000000,0.00,0.00,0.00,0.00,+9999,999*48
$GPNVS,1,160505,031026,A,N,63,N,0x00000,0x03,0x00,1,N*2C
$GPNVS,2,160505,031026,0.00,0.00,0.00,0.00,0.00,0.00,0.00,0.00,*6F
$GPNVS,3,160505,031026,0.00,0.00,0.00,0.00,,0.00,0,0,1,+38.06,*49
$GPNVS,4,160505,031026,0.00,0.00,,,,,,,*69
$GPNVS,5,160505,031026,5C9,0,0,+38.06,00000,00000,*2F
$GPNVS,6,0,A,1,0x00000,0x03,,0x00,00,,0x00000,,*05
$GPNVS,7,160505,031026,A,75,0x00,-3,-11,-2,581280,+4.28,-4.11*47
$GPNVS,9,+10000000.006,+2.77176,+10000000.00,15,+0.019,+0.37,,+38.06,50.0,49.6,*6A
$GPNVS,10,1,0,0,-55,-55,2,100,0.5,1,7,30,1,-2,1.0,20,+2,1,2,8040,,,,*54
$GPNVS,15,0,0,0000,2400,2400.00,00000000,0.00,0.00,0.00,0.00,+9999,999*48
$GPNVS,99,,,*5C
$GPNVS,1,160506,031026,A,N,63,N,0x00000,0x03,0x00,1,N*2F
$GPNVS,2,160506,031026,0.00,0.00,0.00,0.00,0.00,0.00,0.00,0.00,*6C
$GPNVS,3,160506,031026,0.00,0.00,0.00,0.00,,0.00,0,0,1,+38.06,*4A
$GPNVS,4,160506,031026,0.00,0.00,,,,,,,*6A
$GPNVS,5,160506,031026,5C9,0,0,+38.06,00000,00000,*2C
$GPNVS,6,0,A,1,0x00000,0x03,,0x00,00,,0x00000,,*05
$GPNVS,7,160506,031026,A,75,0x00,-3,-12,-2,581278,+4.28,-4.11*40
$GPNVS,9,+10000000.007,+2.77175,+10000000.05,15,+0.019,+0.37,,+38.06,50.0,50.3,*60
$GPNVS,10,1,0,0,-60,-55,2,100,0.5,1,7,30,1,-2,1.0,20,+2,1,2,8035,,,,*50
$GPNVS,15,0,0,0000,2400,2400.00,00000000,0.00,0.00,0.00,0.00,+9999,999*48
$GPNVS,1,160507,031026,A,N,63,N,0x00000,0x03,0x00,1,N*2E
$GPNVS,2,160507,031026,0.00,0.00,0.00,0.00,0.00,0.00,0.00,0.00,*6D
$GPNVS,3,160507,031026,0.00,0.00,0.00,0.00,,0.00,0,0,1,+38.06,*4B
$GPNVS,4,160507,031026,0.00,0.00,,,,,,,*6B
$GPNVS,5,160507,031026,5C9,0,0,+38.06,00000,00000,*2D
$GPNVS,6,0,A,1,0x00000,0x03,,0x00,00,,0x00000,,*05
$GPNVS,7,160507,031026,A,75,0x00,-3,-12,-2,581276,+4.27,-4.11*40
$GPNVS,9,+10000000.008,+2.77174,+10000000.00,15,+0.019,+0.37,,+38.06,50.0,50.9,*61
$GPNVS,10,1,0,0,-60,-60,2,100,0.5,1,7,30,1,-2,1.0,20,+2,1,2,8030,,,,*53
$GPNVS,15,0,0,0000,2400,2400.00,00000000,0.00,0.00,0.00,0.00,+9999,999*48
$GPNVS,1,160508,031026,A,N,63,N,0x00000,0x03,0x00,1,N*21
$GPNVS,2,160508,031026,0.00,0.00,0.00,0.00,0.00,0.00,0.00,0.00,*62
$GPNVS,3,160508,031026,0.00,0.00,0.00,0.00,,0.00,0,0,1,+38.06,*44
$GPNVS,4,160508,031026,0.00,0.00,,,,,,,*64
$GPNVS,5,160508,031026,5C9,0,0,+38.06,00000,00000,*22
$GPNVS,6,0,A,1,0x00000,0x03,,0x00,00,,0x00000,,*05
$GPNVS,7,160508,031026,A,75,0x00,-3,-11,-2,581274,+4.28,-4.11*41
$GPNVS,9,+10000000.006,+2.77173,+9999999.949,15,+0.019,+0.37,,+38.06,50.0,50.3,*6E
$GPNVS,10,1,0,0,-55,-55,2,100,0.5,1,7,30,1,-1,1.0,20,+2,1,2,8025,,,,*54
$GPNVS,15,0,0,0000,2400,2400.00,00000000,0.00,0.00,0.00,0.00,+9999,999*48
$GPNVS,1,160509,031026,A,N,63,N,0x00000,0x03,0x00,1,N*20
$GPNVS,2,160509,031026,0.00,0.00,0.00,0.00,0.00,0.00,0.00,0.00,*63
$GPNVS,3,160509,031026,0.00,0.00,0.00,0.00,,0.00,0,0,1,+38.06,*45
$GPNVS,4,160509,031026,0.00,0.00,,,,,,,*65
$GPNVS,5,160509,031026,5C9,0,0,+38.06,00000,00000,*23
$GPNVS,6,0,A,1,0x00000,0x03,,0x00,00,,0x00000,,*05
$GPNVS,7,160509,031026,A,75,0x00,-3,-11,-2,581272,+4.28,-4.11*46
$GPNVS,9,+10000000.006,+2.77172,+10000000.00,15,+0.019,+0.37,,+38.06,50.0,49.6,*6E
$GPNVS,10,1,0,0,-55,-55,2,100,0.5,1,7,30,1,-1,1.0,20,+2,1,2,8020,,,,*51
$GPNVS,15,0,0,0000,2400,2400.00,00000000,0.00,0.00,0.00,0.00,+9999,999*48
$GPNVS,1,160510,031026,A,N,63,N,0x00000,0x03,0x00,1,N*28
$GPNVS,2,160510,031026,0.00,0.00,0.00,0.00,0.00,0.00,0.00,0.00,*6B
$GPNVS,3,160510,031026,0.00,0.00,0.00,0.00,,0.00,0,0,1,+38.06,*4D
$GPNVS,4,160510,031026,0.00,0.00,,,,,,,*6D
$GPNVS,5,160510,031026,5C9,0,0,+38.06,00000,00000,*2B
$GPNVS,6,0,A,1,0x00000,0x03,,0x00,00,,0x00000,,*05
$GPNVS,7,160510,031026,A,75,0x00,-3,-12,-2,581270,+4.28,-4.11*4F
$GPNVS,9,+10000000.006,+2.77171,+10000000.05,15,+0.019,+0.37,,+38.06,50.0,50.0,*66
$GPNVS,10,1,0,0,-60,-55,2,100,0.5,1,7,30,1,-1,1.0,20,-18,1,2,8015,,,,*6C
$GPNVS,15,0,0,0000,2400,2400.00,00000000,0.00,0.00,0.00,0.00,-9999,999*4E
$GPNVS,1,160511,031026,A,N,63,N,0x00000,0x03,0x00,1,N*29
$GPNVS,2,160511,031026,0.00,0.00,0.00,0.00,0.00,0.00,0.00,0.00,*6A
$GPNVS,3,160511,031026,0.00,0.00,0.00,0.00,,0.00,0,0,1,+38.06,*4C
$GPNVS,4,160511,031026,0.00,0.00,,,,,,,*6C
$GPNVS,5,160511,031026,5C9,0,0,+38.06,00000,00000,*2A
$GPNVS,6,0,A,1,0x00000,0x03,,0x00,00,,0x00000,,*05
$GPNVS,7,160511,031026,A,75,0x00,-3,-12,-1,581269,+4.28,-4.11*45
$GPNVS,9,+10000000.006,+2.77170,+10000000.00,15,+0.019,+0.37,,+38.06,50.0,50.9,*6B
$GPNVS,10,1,0,0,-60,-60,2,100,0.5,1,7,30,1,-2,1.0,20,-18,1,2,8010,,,,*6C
$GPNVS,15,0,0,0000,2400,2400.00,00000000,0.00,0.00,0.00,0.00,-9999,999*4E
$GPNVS,1,160512,031026,A,N,63,N,0x00000,0x03,0x00,1,N*2A
$GPNVS,2,160512,031026,0.00,0.00,0.00,0.00,0.00,0.00,0.00,0.00,*69
$GPNVS,3,160512,031026,0.00,0.00,0.00,0.00,,0.00,0,0,1,+38.06,*4F
$GPNVS,4,160512,031026,0.00,0.00,,,,,,,*6F
$GPNVS,5,160512,031026,5C9,0,0,+38.06,00000,00000,*29
$GPNVS,6,0,A,1,0x00000,0x03,,0x00,00,,0x00000,,*05
$GPNVS,7,160512,031026,A,75,0x00,-3,-11,-2,581267,+4.28,-4.11*48
$GPNVS,9,+10000000.006,+2.77169,+9999999.949,15,+0.019,+0.37,,+38.06,50.0,50.0,*66
$GPNVS,10,1,0,0,-55,-55,2,100,0.5,1,7,30,1,-2,1.0,20,-18,1,2,8005,,,,*68
$GPNVS,15,0,0,0000,2400,2400.00,00000000,0.00,0.00,0.00,0.00,-9999,999*4E
$GPNVS,1,160513,031026,A,N,63,N,0x00000,0x03,0x00,1,N*2B
$GPNVS,2,160513,031026,0.00,0.00,0.00,0.00,0.00,0.00,0.00,0.00,*68
$GPNVS,3,160513,031026,0.00,0.00,0.00,0.00,,0.00,0,0,1,+38.06,*4E
$GPNVS,4,160513,031026,0.00,0.00,,,,,,,*6E
$GPNVS,5,160513,031026,5C9,0,0,+38.06,00000,00000,*28
$GPNVS,6,0,A,1,0x00000,0x03,,0x00,00,,0x00000,,*05
$GPNVS,7,160513,031026,A,75,0x00,-3,-12,-2,581265,+4.27,-4.11*47
$GPNVS,9,+10000000.006,+2.77169,+10000000.05,15,+0.019,+0.37,,+38.06,50.0,49.6,*61
$GPNVS,10,1,0,0,-60,-55,2,100,0.5,1,7,30,1,-2,1.0,20,-18,1,2,8000,,,,*6B
$GPNVS,15,0,0,0000,2400,2400.00,00000000,0.00,0.00,0.00,0.00,-9999,999*4E
$GPNVS,1,160514,031026,A,N,63,N,0x00000,0x03,0x00,1,N*2C
$GPNVS,2,160514,031026,0.00,0.00,0.00,0.00,0.00,0.00,0.00,0.00,*6F
$GPNVS,3,160514,031026,0.00,0.00,0.00,0.00,,0.00,0,0,1,+38.06,*49
$GPNVS,4,160514,031026,0.00,0.00,,,,,,,*69
$GPNVS,5,160514,031026,5C9,0,0,+38.06,00000,00000,*2F
$GPNVS,6,0,A,1,0x00000,0x03,,0x00,00,,0x00000,,*05
$GPNVS,7,160514,031026,A,75,0x00,-3,-12,-2,581263,+4.28,-4.11*49
$GPNVS,9,+10000000.006,+2.77168,+10000000.00,15,+0.019,+0.37,,+38.06,50.0,50.3,*68
$GPNVS,10,1,0,0,-60,-60,2,100,0.5,1,7,30,1,-2,1.0,20,-18,1,2,8000,,,,*6D
$GPNVS,15,0,0,0000,2400,2400.00,00000000,0.00,0.00,0.00,0.00,-9999,999*4E
$GPNVS,1,160515,031026,A,N,63,N,0x00000,0x03,0x00,1,N*2D
$GPNVS,2,160515,031026,0.00,0.00,0.00,0.00,0.00,0.00,0.00,0.00,*6E
$GPNVS,3,160515,031026,0.00,0.00,0.00,0.00,,0.00,0,0,1,+38.06,*48
$GPNVS,4,160515,031026,0.00,0.00,,,,,,,*68
$GPNVS,5,160515,031026,5C9,0,0,+38.06,00000,00000,*2E
$GPNVS,6,0,A,1,0x00000,0x03,,0x00,00,,0x00000,,*05
$GPNVS,7,160515,031026,A,75,0x00,-3,-12,-2,581261,+4.27,-4.11*45
$GPNVS,9,+10000000.006,+2.77167,+10000000.00,15,+0.019,+0.37,,+38.06,50.0,50.3,*67
$GPNVS,10,1,0,0,-60,-60,2,100,0.5,1,7,30,1,-2,1.0,20,-18,1,2,8000,,,,*6D
$GPNVS,15,0,0,0000,2400,2400.00,00000000,0.00,0.00,0.00,0.00,-9999,999*4E
$GPNVS,1,160516,031026,A,N,63,N,0x00000,0x03,0x00,1,N*2E
$GPNVS,2,160516,031026,0.00,0.00,0.00,0.00,0.00,0.00,0.00,0.00,*6D
$GPNVS,3,160516,031026,0.00,0.00,0.00,0.00,,0.00,0,0,1,+38.06,*4B
$GPNVS,4,160516,031026,0.00,0.00,,,,,,,*6B
$GPNVS,5,160516,031026,5C9,0,0,+38.06,00000,00000,*2D
$GPNVS,6,0,A,1,0x00000,0x03,,0x00,00,,0x00000,,*05
$GPNVS,7,160516,031026,A,75,0x00,-3,-13,-2,581259,+4.28,-4.11*43
$GPNVS,9,+10000000.006,+2.77166,+10000000.05,15,+0.019,+0.37,,+38.06,50.0,50.0,*60
$GPNVS,10,1,0,0,-65,-60,2,100,0.5,1,7,30,1,-1,1.0,20,-18,1,2,8000,,,,*6B
$GPNVS,15,0,0,0000,2400,2400.00,00000000,0.00,0.00,0.00,0.00,-9999,999*4E
$GPNVS,1,160517,031026,A,N,63,N,0x00000,0x03,0x00,1,N*2F
$GPNVS,2,160517,031026,0.00,0.00,0.00,0.00,0.00,0.00,0.00,0.00,*6C
$GPNVS,3,160517,031026,0.00,0.00,0.00,0.00,,0.00,0,0,1,+38.06,*4A
$GPNVS,4,160517,031026,0.00,0.00,,,,,,,*6A
$GPNVS,5,160517,031026,5C9,0,0,+38.06,00000,00000,*2C
$GPNVS,6,0,A,1,0x00000,0x03,,0x00,00,,0x00000,,*05
$GPNVS,7,160517,031026,A,75,0x00,-3,-12,-1,581258,+4.28,-4.11*41
$GPNVS,9,+10000000.006,+2.77165,+9999999.949,15,+0.019,+0.37,,+38.06,50.0,50.3,*69
$GPNVS,10,1,0,0,-60,-60,2,100,0.5,1,7,30,1,-1,1.0,20,-18,1,2,8000,,,,*6E
$GPNVS,15,0,0,0000,2400,2400.00,00000000,0.00,0.00,0.00,0.00,-9999,999*4E
$GPNVS,1,160518,031026,A,N,63,N,0x00000,0x03,0x00,1,N*20
$GPNVS,2,160518,031026,0.00,0.00,0.00,0.00,0.00,0.00,0.00,0.00,*63
$GPNVS,3,160518,031026,0.00,0.00,0.00,0.00,,0.00,0,0,1,+38.06,*45
$GPNVS,4,160518,031026,0.00,0.00,,,,,,,*65
$GPNVS,5,160518,031026,5C9,0,0,+38.06,00000,00000,*23
$GPNVS,6,0,A,1,0x00000,0x03,,0x00,00,,0x00000,,*05
$GPNVS,7,160518,031026,A,75,0x00,-3,-12,-2,581256,+4.28,-4.11*43
$GPNVS,9,+10000000.006,+2.77164,+10000000.00,15,+0.019,+0.37,,+38.06,50.0,50.3,*64
$GPNVS,10,1,0,0,-60,-60,2,100,0.5,1,7,30,1,-1,1.0,20,-18,1,2,8000,,,,*6E
$GPNVS,15,0,0,0000,2400,2400.00,00000000,0.00,0.00,0.00,0.00,-9999,999*4E
$GPNVS,1,160519,031026,A,N,63,N,0x00000,0x03,0x00,1,N*21
$GPNVS,2,160519,031026,0.00,0.00,0.00,0.00,0.00,0.00,0.00,0.00,*62
$GPNVS,3,160519,031026,0.00,0.00,0.00,0.00,,0.00,0,0,1,+38.06,*44
$GPNVS,4,160519,031026,0.00,0.00,,,,,,,*64
$GPNVS,5,160519,031026,5C9,0,0,+38.06,00000,00000,*22
$GPNVS,6,0,A,1,0x00000,0x03,,0x00,00,,0x00000,,*05
$GPNVS,7,160519,031026,A,75,0x00,-3,-13,-2,581254,+4.28,-4.11*41
$GPNVS,9,+10000000.006,+2.77163,+10000000.05,15,+0.019,+0.37,,+38.06,50.0,50.3,*66
$GPNVS,10,1,0,0,-65,-60,2,100,0.5,1,7,30,1,-1,1.0,20,-18,1,2,8000,,,,*6B
$GPNVS,15,0,0,0000,2400,2400.00,00000000,0.00,0.00,0.00,0.00,-9999,999*4E
$GPNVS,1,160520,031026,A,N,63,N,0x00000,0x03,0x00,1,N*2B
$GPNVS,2,160520,031026,0.00,0.00,0.00,0.00,0.00,0.00,0.00,0.00,*68
$GPNVS,3,160520,031026,0.00,0.00,0.00,0.00,,0.00,0,0,1,+38.06,*4E
$GPNVS,4,160520,031026,0.00,0.00,,,,,,,*6E
$GPNVS,5,160520,031026,5C9,0,0,+38.06,00000,00000,*28
$GPNVS,6,0,A,1,0x00000,0x03,,0x00,00,,0x00000,,*05
$GPNVS,7,160520,031026,A,75,0x00,-3,-12,-2,581252,+4.28,-4.11*4C
$GPNVS,9,+10000000.004,+2.77162,+9999999.949,15,+0.019,+0.37,,+38.06,50.0,50.0,*6F
$GPNVS,10,1,0,0,-60,-60,2,100,0.5,1,7,30,1,-1,1.0,20,-18,1,2,8000,,,,*6E
$GPNVS,15,0,0,0000,2400,2400.00,00000000,0.00,0.00,0.00,0.00,-9999,999*4E
$GPNVS,99,,,*5C
$GPNVS,1,160521,031026,A,N,63,N,0x00000,0x03,0x00,1,N*2A
$GPNVS,2,160521,031026,0.00,0.00,0.00,0.00,0.00,0.00,0.00,0.00,*69
$GPNVS,3,160521,031026,0.00,0.00,0.00,0.00,,0.00,0,0,1,+38.06,*4F
$GPNVS,4,160521,031026,0.00,0.00,,,,,,,*6F
$GPNVS,5,160521,031026,5C9,0,0,+38.06,00000,00000,*29
$GPNVS,6,0,A,1,0x00000,0x03,,0x00,00,,0x00000,,*05
$GPNVS,7,160521,031026,A,75,0x00,-3,-13,-2,581250,+4.27,-4.11*41
$GPNVS,9,+10000000.006,+2.77161,+10000000.05,15,+0.019,+0.37,,+38.06,50.0,50.3,*64
$GPNVS,10,1,0,0,-65,-60,2,100,0.5,1,7,30,1,-1,1.0,20,+18,1,2,8000,,,,*6D
$GPNVS,15,0,0,0000,2400,2400.00,00000000,0.00,0.00,0.00,0.00,+9999,999*48
$GPNVS,1,160522,031026,A,N,63,N,0x00000,0x03,0x00,1,N*29
$GPNVS,2,160522,031026,0.00,0.00,0.00,0.00,0.00,0.00,0.00,0.00,*6A
$GPNVS,3,160522,031026,0.00,0.00,0.00,0.00,,0.00,0,0,1,+38.06,*4C
$GPNVS,4,160522,031026,0.00,0.00,,,,,,,*6C
$GPNVS,5,160522,031026,5C9,0,0,+38.06,00000,00000,*2A
$GPNVS,6,0,A,1,0x00000,0x03,,0x00,00,,0x00000,,*05
$GPNVS,7,160522,031026,A,75,0x00,-3,-13,-1,581249,+4.27,-4.11*49
$GPNVS,9,+10000000.006,+2.77161,+10000000.00,15,+0.019,+0.37,,+38.06,50.0,50.6,*64
$GPNVS,10,1,0,0,-65,-65,2,100,0.5,1,7,30,1,-2,1.0,20,+18,1,2,8000,,,,*6B
$GPNVS,15,0,0,0000,2400,2400.00,00000000,0.00,0.00,0.00,0.00,+9999,999*48
$GPNVS,1,160523,031026,A,N,63,N,0x00000,0x03,0x00,1,N*28
$GPNVS,2,160523,031026,0.00,0.00,0.00,0.00,0.00,0.00,0.00,0.00,*6B
$GPNVS,3,160523,031026,0.00,0.00,0.00,0.00,,0.00,0,0,1,+38.06,*4D
$GPNVS,4,160523,031026,0.00,0.00,,,,,,,*6D
$GPNVS,5,160523,031026,5C9,0,0,+38.06,00000,00000,*2B
$GPNVS,6,0,A,1,0x00000,0x03,,0x00,00,,0x00000,,*05
$GPNVS,7,160523,031026,A,75,0x00,-3,-12,-2,581247,+4.27,-4.11*44
$GPNVS,9,+10000000.004,+2.77160,+9999999.949,15,+0.019,+0.37,,+38.06,50.0,50.3,*6E
$GPNVS,10,1,0,0,-60,-60,2,100,0.5,1,7,30,1,-1,1.0,20,+18,1,2,8000,,,,*68
$GPNVS,15,0,0,0000,2400,2400.00,00000000,0.00,0.00,0.00,0.00,+9999,999*48
$GPNVS,1,160524,031026,A,N,63,N,0x00000,0x03,0x00,1,N*2F
$GPNVS,2,160524,031026,0.00,0.00,0.00,0.00,0.00,0.00,0.00,0.00,*6C
$GPNVS,3,160524,031026,0.00,0.00,0.00,0.00,,0.00,0,0,1,+38.06,*4A
$GPNVS,4,160524,031026,0.00,0.00,,,,,,,*6A
$GPNVS,5,160524,031026,5C9,0,0,+38.06,00000,00000,*2C
$GPNVS,6,0,A,1,0x00000,0x03,,0x00,00,,0x00000,,*05
$GPNVS,7,160524,031026,A,75,0x00,-3,-13,-2,581245,+4.28,-4.11*4F
$GPNVS,9,+10000000.004,+2.77159,+10000000.05,15,+0.019,+0.37,,+38.06,50.0,50.0,*6E
$GPNVS,10,1,0,0,-65,-60,2,100,0.5,1,7,30,1,-1,1.0,20,+18,1,2,8000,,,,*6D
$GPNVS,15,0,0,0000,2400,2400.00,00000000,0.00,0.00,0.00,0.00,+9999,999*48
$GPNVS,1,160525,031026,A,N,63,N,0x00000,0x03,0x00,1,N*2E
$GPNVS,2,160525,031026,0.00,0.00,0.00,0.00,0.00,0.00,0.00,0.00,*6D
$GPNVS,3,160525,031026,0.00,0.00,0.00,0.00,,0.00,0,0,1,+38.06,*4B
$GPNVS,4,160525,031026,0.00,0.00,,,,,,,*6B
$GPNVS,5,160525,031026,5C9,0,0,+38.06,00000,00000,*2D
$GPNVS,6,0,A,1,0x00000,0x03,,0x00,00,,0x00000,,*05
$GPNVS,7,160525,031026,A,75,0x00,-3,-13,-2,581243,+4.27,-4.11*47
$GPNVS,9,+10000000.004,+2.77158,+10000000.00,15,+0.019,+0.37,,+38.06,50.0,50.3,*69
$GPNVS,10,1,0,0,-65,-65,2,100,0.5,1,7,30,1,-1,1.0,20,+18,1,2,8000,,,,*68
$GPNVS,15,0,0,0000,2400,2400.00,00000000,0.00,0.00,0.00,0.00,+9999,999*48
$GPNVS,1,160526,031026,A,N,63,N,0x00000,0x03,0x00,1,N*2D
$GPNVS,2,160526,031026,0.00,0.00,0.00,0.00,0.00,0.00,0.00,0.00,*6E
$GPNVS,3,160526,031026,0.00,0.00,0.00,0.00,,0.00,0,0,1,+38.06,*48
$GPNVS,4,160526,031026,0.00,0.00,,,,,,,*68
$GPNVS,5,160526,031026,5C9,0,0,+38.06,00000,00000,*2E
$GPNVS,6,0,A,1,0x00000,0x03,,0x00,00,,0x00000,,*05
$GPNVS,7,160526,031026,A,75,0x00,-3,-13,-2,581241,+4.28,-4.11*49
$GPNVS,9,+10000000.006,+2.77157,+10000000.00,15,+0.019,+0.37,,+38.06,50.0,50.0,*67
$GPNVS,10,1,0,0,-65,-65,2,100,0.5,1,7,30,1,-1,1.0,20,+18,1,2,8000,,,,*68
$GPNVS,15,0,0,0000,2400,2400.00,00000000,0.00,0.00,0.00,0.00,+9999,999*48
$GPNVS,1,160527,031026,A,N,63,N,0x00000,0x03,0x00,1,N*2C
$GPNVS,2,160527,031026,0.00,0.00,0.00,0.00,0.00,0.00,0.00,0.00,*6F
$GPNVS,3,160527,031026,0.00,0.00,0.00,0.00,,0.00,0,0,1,+38.06,*49
$GPNVS,4,160527,031026,0.00,0.00,,,,,,,*69
$GPNVS,5,160527,031026,5C9,0,0,+38.06,00000,00000,*2F
$GPNVS,6,0,A,1,0x00000,0x03,,0x00,00,,0x00000,,*05
$GPNVS,7,160527,031026,A,75,0x00,-3,-12,-2,581239,+4.28,-4.11*46
$GPNVS,9,+10000000.004,+2.77156,+9999999.949,15,+0.019,+0.37,,+38.06,50.0,49.6,*66
$GPNVS,10,1,0,0,-60,-60,2,100,0.5,1,7,30,1,-1,1.0,20,+18,1,2,8000,,,,*68
$GPNVS,15,0,0,0000,2400,2400.00,00000000,0.00,0.00,0.00,0.00,+9999,999*48
$GPNVS,1,160528,031026,A,N,63,N,0x00000,0x03,0x00,1,N*23
$GPNVS,2,160528,031026,0.00,0.00,0.00,0.00,0.00,0.00,0.00,0.00,*60
$GPNVS,3,160528,031026,0.00,0.00,0.00,0.00,,0.00,0,0,1,+38.06,*46
$GPNVS,4,160528,031026,0.00,0.00,,,,,,,*66
$GPNVS,5,160528,031026,5C9,0,0,+38.06,00000,00000,*20
$GPNVS,6,0,A,1,0x00000,0x03,,0x00,00,,0x00000,,*05
$GPNVS,7,160528,031026,A,75,0x00,-3,-11,-1,581238,+4.27,-4.11*47
$GPNVS,9,+10000000.003,+2.77156,+9999999.949,15,+0.019,+0.36,,+38.06,50.0,50.9,*67
$GPNVS,10,1,0,0,-55,-55,2,100,0.5,1,7,30,1,-1,1.0,20,+18,1,2,8000,,,,*68
$GPNVS,15,0,0,0000,2400,2400.00,00000000,0.00,0.00,0.00,0.00,+9999,999*48
$GPNVS,1,160529,031026,A,N,63,N,0x00000,0x03,0x00,1,N*22
$GPNVS,2,160529,031026,0.00,0.00,0.00,0.00,0.00,0.00,0.00,0.00,*61
$GPNVS,3,160529,031026,0.00,0.00,0.00,0.00,,0.00,0,0,1,+38.06,*47
$GPNVS,4,160529,031026,0.00,0.00,,,,,,,*67
$GPNVS,5,160529,031026,5C9,0,0,+38.06,00000,00000,*21
$GPNVS,6,0,A,1,0x00000,0x03,,0x00,00,,0x00000,,*05
$GPNVS,7,160529,031026,A,75,0x00,-3,-11,-2,581236,+4.27,-4.11*4B
$GPNVS,9,+10000000.002,+2.77155,+10000000.00,15,+0.019,+0.37,,+38.06,50.0,50.0,*61
$GPNVS,10,1,0,0,-55,-55,2,100,0.5,1,7,30,1,+0,1.0,20,+18,1,2,8000,,,,*6F
$GPNVS,15,0,0,0000,2400,2400.00,00000000,0.00,0.00,0.00,0.00,+9999,999*48
$GPNVS,1,160530,031026,A,N,63,N,0x00000,0x03,0x00,1,N*2A
$GPNVS,2,160530,031026,0.00,0.00,0.00,0.00,0.00,0.00,0.00,0.00,*69
$GPNVS,3,160530,031026,0.00,0.00,0.00,0.00,,0.00,0,0,1,+38.06,*4F
$GPNVS,4,160530,031026,0.00,0.00,,,,,,,*6F
$GPNVS,5,160530,031026,5C9,0,0,+38.06,00000,00000,*29
$GPNVS,6,0,A,1,0x00000,0x03,,0x00,00,,0x00000,,*05
$GPNVS,7,160530,031026,A,75,0x00,-3,-10,-1,581235,+4.27,-4.11*42
$GPNVS,9,+10000000.002,+2.77154,+9999999.949,15,+0.019,+0.37,,+38.06,50.0,50.3,*6F
$GPNVS,10,1,0,0,-50,-50,2,100,0.5,1,7,30,1,+0,1.0,20,+18,1,2,8000,,,,*6F
$GPNVS,15,0,0,0000,2400,2400.00,00000000,0.00,0.00,0.00,0.00,+9999,999*48
$GPNVS,1,160531,031026,A,N,63,N,0x00000,0x03,0x00,1,N*2B
$GPNVS,2,160531,031026,0.00,0.00,0.00,0.00,0.00,0.00,0.00,0.00,*68
$GPNVS,3,160531,031026,0.00,0.00,0.00,0.00,,0.00,0,0,1,+38.06,*4E
$GPNVS,4,160531,031026,0.00,0.00,,,,,,,*6E
$GPNVS,5,160531,031026,5C9,0,0,+38.06,00000,00000,*28
$GPNVS,6,0,A,1,0x00000,0x03,,0x00,00,,0x00000,,*05
$GPNVS,7,160531,031026,A,75,0x00,-3,-10,-1,581234,+4.27,-4.11*42
$GPNVS,9,+10000000.002,+2.77154,+10000000.00,15,+0.019,+0.37,,+38.06,50.0,50.3,*63
$GPNVS,10,1,0,0,-50,-50,2,100,0.5,1,7,30,1,+1,1.0,20,+18,1,2,8000,,,,*6E
$GPNVS,15,0,0,0000,2400,2400.00,00000000,0.00,0.00,0.00,0.00,+9999,999*48
$GPNVS,1,160532,031026,A,N,63,N,0x00000,0x03,0x00,1,N*28
$GPNVS,2,160532,031026,0.00,0.00,0.00,0.00,0.00,0.00,0.00,0.00,*6B
$GPNVS,3,160532,031026,0.00,0.00,0.00,0.00,,0.00,0,0,1,+38.06,*4D
$GPNVS,4,160532,031026,0.00,0.00,,,,,,,*6D
$GPNVS,5,160532,031026,5C9,0,0,+38.06,00000,00000,*2B
$GPNVS,6,0,A,1,0x00000,0x03,,0x00,00,,0x00000,,*05
$GPNVS,7,160532,031026,A,75,0x00,27,-9,-1,581233,+4.27,-4.11*65
$GPNVS,9,+10000000.001,+2.77153,+9999999.949,15,+0.019,+0.37,,+38.06,50.0,50.3,*6B
$GPNVS,10,1,0,0,-45,-45,2,100,0.5,1,7,30,1,+1,1.0,20,-2,1,2,8000,,,,*53
$GPNVS,15,0,0,0000,2400,2400.00,00000000,0.00,0.00,0.00,0.00,-9999,999*4E
$GPNVS,1,160533,031026,A,N,63,N,0x00000,0x03,0x00,1,N*29
$GPNVS,2,160533,031026,0.00,0.00,0.00,0.00,0.00,0.00,0.00,0.00,*6A
$GPNVS,3,160533,031026,0.00,0.00,0.00,0.00,,0.00,0,0,1,+38.06,*4C
$GPNVS,4,160533,031026,0.00,0.00,,,,,,,*6C
$GPNVS,5,160533,031026,5C9,0,0,+38.06,00000,00000,*2A
$GPNVS,6,0,A,1,0x00000,0x03,,0x00,00,,0x00000,,*05
$GPNVS,7,160533,031026,A,75,0x00,27,-7,-1,581232,+4.28,-4.11*64
$GPNVS,9,+9999999.9979,+2.77153,+9999999.900,15,+0.019,+0.37,,+38.06,50.0,50.6,*64
$GPNVS,10,1,0,0,-35,-40,2,100,0.5,1,7,30,1,+2,1.0,20,-2,1,2,8000,,,,*52
$GPNVS,15,0,0,0000,2400,2400.00,00000000,0.00,0.00,0.00,0.00,-9999,999*4E
$GPNVS,1,160534,031026,A,N,63,N,0x00000,0x03,0x00,1,N*2E
$GPNVS,2,160534,031026,0.00,0.00,0.00,0.00,0.00,0.00,0.00,0.00,*6D
$GPNVS,3,160534,031026,0.00,0.00,0.00,0.00,,0.00,0,0,1,+38.06,*4B
$GPNVS,4,160534,031026,0.00,0.00,,,,,,,*6B
$GPNVS,5,160534,031026,5C9,0,0,+38.06,00000,00000,*2D
$GPNVS,6,0,A,1,0x00000,0x03,,0x00,00,,0x00000,,*05
$GPNVS,7,160534,031026,A,75,0x00,27,-8,0,581232,+4.27,-4.11*4F
$GPNVS,9,+9999999.9989,+2.77153,+10000000.05,15,+0.019,+0.37,,+38.06,50.0,50.3,*6A
$GPNVS,10,1,0,0,-40,-35,2,100,0.5,1,7,30,1,+2,1.0,20,-2,1,2,8000,,,,*52
$GPNVS,15,0,0,0000,2400,2400.00,00000000,0.00,0.00,0.00,0.00,-9999,999*4E
$GPNVS,1,160535,031026,A,N,63,N,0x00000,0x03,0x00,1,N*2F
$GPNVS,2,160535,031026,0.00,0.00,0.00,0.00,0.00,0.00,0.00,0.00,*6C
$GPNVS,3,160535,031026,0.00,0.00,0.00,0.00,,0.00,0,0,1,+38.06,*4A
$GPNVS,4,160535,031026,0.00,0.00,,,,,,,*6A
$GPNVS,5,160535,031026,5C9,0,0,+38.06,00000,00000,*2C
$GPNVS,6,0,A,1,0x00000,0x03,,0x00,00,,0x00000,,*05
$GPNVS,7,160535,031026,A,75,0x00,27,-7,-1,581231,+4.27,-4.11*6E
$GPNVS,9,+9999999.9989,+2.77152,+9999999.949,15,+0.019,+0.37,,+38.06,50.0,50.9,*68
$GPNVS,10,1,0,0,-35,-35,2,100,0.5,1,7,30,1,+4,1.0,20,-2,1,2,8000,,,,*56
$GPNVS,15,0,0,0000,2400,2400.00,00000000,0.00,0.00,0.00,0.00,-9999,999*4E
$GPNVS,99,,,*5C
$GPNVS,1,160536,031026,A,N,63,N,0x00000,0x03,0x00,1,N*2C
$GPNVS,2,160536,031026,0.00,0.00,0.00,0.00,0.00,0.00,0.00,0.00,*6F
$GPNVS,3,160536,031026,0.00,0.00,0.00,0.00,,0.00,0,0,1,+38.06,*49
$GPNVS,4,160536,031026,0.00,0.00,,,,,,,*69
$GPNVS,5,160536,031026,5C9,0,0,+38.06,00000,00000,*2F
$GPNVS,6,0,A,1,0x00000,0x03,,0x00,00,,0x00000,,*05
$GPNVS,7,160536,031026,A,75,0x00,27,-6,0,581231,+4.28,-4.11*4F
$GPNVS,9,+9999999.9979,+2.77152,+9999999.949,15,+0.019,+0.37,,+38.06,50.0,50.3,*6D
$GPNVS,10,1,0,0,-30,-30,2,100,0.5,1,7,30,1,+4,1.0,20,-2,1,2,8000,,,,*56
$GPNVS,15,0,0,0000,2400,2400.00,00000000,0.00,0.00,0.00,0.00,-9999,999*4E
$GPNVS,1,160537,031026,A,N,63,N,0x00000,0x03,0x00,1,N*2D
$GPNVS,2,160537,031026,0.00,0.00,0.00,0.00,0.00,0.00,0.00,0.00,*6E
$GPNVS,3,160537,031026,0.00,0.00,0.00,0.00,,0.00,0,0,1,+38.06,*48
$GPNVS,4,160537,031026,0.00,0.00,,,,,,,*68
$GPNVS,5,160537,031026,5C9,0,0,+38.06,00000,00000,*2E
$GPNVS,6,0,A,1,0x00000,0x03,,0x00,00,,0x00000,,*05
$GPNVS,7,160537,031026,A,75,0x00,27,-6,1,581232,+4.27,-4.11*43
$GPNVS,9,+9999999.9959,+2.77153,+10000000.00,15,+0.019,+0.37,,+38.06,50.0,51.6,*66
$GPNVS,10,1,0,0,-30,-30,2,100,0.5,1,7,30,1,+6,1.0,20,-2,1,2,8000,,,,*54
$GPNVS,15,0,0,0000,2400,2400.00,00000000,0.00,0.00,0.00,0.00,-9999,999*4E
$GPNVS,1,160538,031026,A,N,63,N,0x00000,0x03,0x00,1,N*22
$GPNVS,2,160538,031026,0.00,0.00,0.00,0.00,0.00,0.00,0.00,0.00,*61
$GPNVS,3,160538,031026,0.00,0.00,0.00,0.00,,0.00,0,0,1,+38.06,*47
$GPNVS,4,160538,031026,0.00,0.00,,,,,,,*67
$GPNVS,5,160538,031026,5C9,0,0,+38.06,00000,00000,*21
$GPNVS,6,0,A,1,0x00000,0x03,,0x00,00,,0x00000,,*05
$GPNVS,7,160538,031026,A,75,0x00,27,-5,0,581232,+4.27,-4.11*4E
$GPNVS,9,+9999999.9959,+2.77153,+9999999.949,15,+0.019,+0.37,,+38.06,50.0,50.6,*6B
$GPNVS,10,1,0,0,-25,-25,2,100,0.5,1,7,30,1,+6,1.0,20,-2,1,2,8000,,,,*54
$GPNVS,15,0,0,0000,2400,2400.00,00000000,0.00,0.00,0.00,0.00,-9999,999*4E
$GPNVS,1,160539,031026,A,N,63,N,0x00000,0x03,0x00,1,N*23
$GPNVS,2,160539,031026,0.00,0.00,0.00,0.00,0.00,0.00,0.00,0.00,*60
$GPNVS,3,160539,031026,0.00,0.00,0.00,0.00,,0.00,0,0,1,+38.06,*46
$GPNVS,4,160539,031026,0.00,0.00,,,,,,,*66
$GPNVS,5,160539,031026,5C9,0,0,+38.06,00000,00000,*20
$GPNVS,6,0,A,1,0x00000,0x03,,0x00,00,,0x00000,,*05
$GPNVS,7,160539,031026,A,75,0x00,27,-6,1,581233,+4.28,-4.11*43
$GPNVS,9,+9999999.9969,+2.77153,+10000000.05,15,+0.019,+0.37,,+38.06,50.0,50.6,*61
$GPNVS,10,1,0,0,-30,-25,2,100,0.5,1,7,30,1,+7,1.0,20,-2,1,2,8000,,,,*51
$GPNVS,15,0,0,0000,2400,2400.00,00000000,0.00,0.00,0.00,0.00,-9999,999*4E
$GPNVS,1,160540,031026,A,N,63,N,0x00000,0x03,0x00,1,N*2D
$GPNVS,2,160540,031026,0.00,0.00,0.00,0.00,0.00,0.00,0.00,0.00,*6E
$GPNVS,3,160540,031026,0.00,0.00,0.00,0.00,,0.00,0,0,1,+38.06,*48
$GPNVS,4,160540,031026,0.00,0.00,,,,,,,*68
$GPNVS,5,160540,031026,5C9,0,0,+38.06,00000,00000,*2E
$GPNVS,6,0,A,1,0x00000,0x03,,0x00,00,,0x00000,,*05
$GPNVS,7,160540,031026,A,75,0x00,27,-5,0,581233,+4.27,-4.11*40
$GPNVS,9,+9999999.9959,+2.77153,+9999999.949,15,+0.019,+0.37,,+38.06,50.0,50.6,*6B
$GPNVS,10,1,0,0,-25,-25,2,100,0.5,1,7,30,1,+7,1.0,20,-2,1,2,8000,,,,*55
$GPNVS,15,0,0,0000,2400,2400.00,00000000,0.00,0.00,0.00,0.00,-9999,999*4E
$GPNVS,1,160541,031026,A,N,63,N,0x00000,0x03,0x00,1,N*2C
$GPNVS,2,160541,031026,0.00,0.00,0.00,0.00,0.00,0.00,0.00,0.00,*6F
$GPNVS,3,160541,031026,0.00,0.00,0.00,0.00,,0.00,0,0,1,+38.06,*49
$GPNVS,4,160541,031026,0.00,0.00,,,,,,,*69
$GPNVS,5,160541,031026,5C9,0,0,+38.06,00000,00000,*2F
$GPNVS,6,0,A,1,0x00000,0x03,,0x00,00,,0x00000,,*05
$GPNVS,7,160541,031026,A,75,0x00,27,-6,1,581234,+4.27,-4.11*44
$GPNVS,9,+9999999.9969,+2.77154,+10000000.05,15,+0.019,+0.37,,+38.06,50.0,50.9,*69
$GPNVS,10,1,0,0,-30,-25,2,100,0.5,1,7,30,1,+7,1.0,20,-2,1,2,8000,,,,*51
$GPNVS,15,0,0,0000,2400,2400.00,00000000,0.00,0.00,0.00,0.00,-9999,999*4E
$GPNVS,1,160542,031026,A,N,63,N,0x00000,0x03,0x00,1,N*2F
$GPNVS,2,160542,031026,0.00,0.00,0.00,0.00,0.00,0.00,0.00,0.00,*6C
$GPNVS,3,160542,031026,0.00,0.00,0.00,0.00,,0.00,0,0,1,+38.06,*4A
$GPNVS,4,160542,031026,0.00,0.00,,,,,,,*6A
$GPNVS,5,160542,031026,5C9,0,0,+38.06,00000,00000,*2C
$GPNVS,6,0,A,1,0x00000,0x03,,0x00,00,,0x00000,,*05
$GPNVS,7,160542,031026,A,75,0x00,27,-5,1,581235,+4.27,-4.11*45
$GPNVS,9,+9999999.9950,+2.77154,+9999999.949,15,+0.019,+0.37,,+38.06,50.0,49.3,*68
$GPNVS,10,1,0,0,-25,-25,2,100,0.5,1,7,30,1,+6,1.0,20,-2,1,2,8000,,,,*54
$GPNVS,15,0,0,0000,2400,2400.00,00000000,0.00,0.00,0.00,0.00,+9999,999*48
$GPNVS,1,160543,031026,A,N,63,N,0x00000,0x03,0x00,1,N*2E
$GPNVS,2,160543,031026,0.00,0.00,0.00,0.00,0.00,0.00,0.00,0.00,*6D
$GPNVS,3,160543,031026,0.00,0.00,0.00,0.00,,0.00,0,0,1,+38.06,*4B
$GPNVS,4,160543,031026,0.00,0.00,,,,,,,*6B
$GPNVS,5,160543,031026,5C9,0,0,+38.06,00000,00000,*2D
$GPNVS,6,0,A,1,0x00000,0x03,,0x00,00,,0x00000,,*05
$GPNVS,7,160543,031026,A,75,0x00,27,-5,1,581236,+4.28,-4.11*48
$GPNVS,9,+9999999.9950,+2.77155,+10000000.00,15,+0.019,+0.37,,+38.06,50.0,50.6,*68
$GPNVS,10,1,0,0,-25,-25,2,100,0.5,1,7,30,1,+7,1.0,20,+14,1,2,8000,,,,*64
$GPNVS,15,0,0,0000,2400,2400.00,00000000,0.00,0.00,0.00,0.00,+9999,999*48
$GPNVS,1,160545,031026,A,N,63,N,0x00000,0x03,0x00,1,N*28
$GPNVS,2,160545,031026,0.00,0.00,0.00,0.00,0.00,0.00,0.00,0.00,*6B
$GPNVS,3,160545,031026,0.00,0.00,0.00,0.00,,0.00,0,0,1,+38.06,*4D
$GPNVS,4,160545,031026,0.00,0.00,,,,,,,*6D
$GPNVS,5,160545,031026,5C9,0,0,+38.06,00000,00000,*2B
$GPNVS,6,0,A,1,0x00000,0x03,,0x00,00,,0x00000,,*05
$GPNVS,7,160545,031026,A,75,0x00,27,-5,1,581238,+4.28,-4.11*40
$GPNVS,9,+9999999.9950,+2.77156,+10000000.05,15,+0.019,+0.37,,+38.06,50.0,50.6,*6E
$GPNVS,10,1,0,0,-25,-20,2,100,0.5,1,7,30,1,+6,1.0,20,+14,1,2,8000,,,,*60
$GPNVS,15,0,0,0000,2400,2400.00,00000000,0.00,0.00,0.00,0.00,+9999,999*48
$GPNVS,1,160546,031026,A,N,63,N,0x00000,0x03,0x00,1,N*2B
$GPNVS,2,160546,031026,0.00,0.00,0.00,0.00,0.00,0.00,0.00,0.00,*68
$GPNVS,3,160546,031026,0.00,0.00,0.00,0.00,,0.00,0,0,1,+38.06,*4E
$GPNVS,4,160546,031026,0.00,0.00,,,,,,,*6E
$GPNVS,5,160546,031026,5C9,0,0,+38.06,00000,00000,*28
$GPNVS,6,0,A,1,0x00000,0x03,,0x00,00,,0x00000,,*05
$GPNVS,7,160546,031026,A,75,0x00,27,-4,1,581239,+4.28,-4.11*43
$GPNVS,9,+9999999.9939,+2.77156,+9999999.949,15,+0.019,+0.37,,+38.06,50.0,50.6,*68
$GPNVS,10,1,0,0,-20,-20,2,100,0.5,1,7,30,1,+5,1.0,20,+14,1,2,8000,,,,*66
$GPNVS,15,0,0,0000,2400,2400.00,00000000,0.00,0.00,0.00,0.00,+9999,999*48
$GPNVS,1,160547,031026,A,N,63,N,0x00000,0x03,0x00,1,N*2A
$GPNVS,2,160547,031026,0.00,0.00,0.00,0.00,0.00,0.00,0.00,0.00,*69
$GPNVS,3,160547,031026,0.00,0.00,0.00,0.00,,0.00,0,0,1,+38.06,*4F
$GPNVS,4,160547,031026,0.00,0.00,,,,,,,*6F
$GPNVS,5,160547,031026,5C9,0,0,+38.06,00000,00000,*29
$GPNVS,6,0,A,1,0x00000,0x03,,0x00,00,,0x00000,,*05
$GPNVS,7,160547,031026,A,75,0x00,108,-3,2,581241,+4.28,-4.11*75
$GPNVS,9,+9999999.9920,+2.77157,+9999999.949,15,+0.019,+0.37,,+38.06,50.0,50.0,*67
$GPNVS,10,1,0,0,-15,-15,2,100,0.5,1,10,30,1,+5,1.0,20,+14,1,2,8000,,,,*50
$GPNVS,15,0,0,0000,2400,2400.00,00000000,0.00,0.00,0.00,0.00,+9999,999*48
$GPNVS,1,160548,031026,A,N,63,N,0x00000,0x03,0x00,1,N*25
$GPNVS,2,160548,031026,0.00,0.00,0.00,0.00,0.00,0.00,0.00,0.00,*66
$GPNVS,3,160548,031026,0.00,0.00,0.00,0.00,,0.00,0,0,1,+38.06,*40
$GPNVS,4,160548,031026,0.00,0.00,,,,,,,*60
$GPNVS,5,160548,031026,5C9,0,0,+38.06,00000,00000,*26
$GPNVS,6,0,A,1,0x00000,0x03,,0x00,00,,0x00000,,*05
$GPNVS,7,160548,031026,A,75,0x00,108,-4,1,581242,+4.28,-4.11*7D
$GPNVS,9,+9999999.9930,+2.77158,+10000000.05,15,+0.019,+0.37,,+38.06,50.0,50.6,*66
$GPNVS,10,1,0,0,-20,-15,2,100,0.5,1,10,30,1,+5,1.0,20,+14,1,2,8000,,,,*56
$GPNVS,15,0,0,0000,2400,2400.00,00000000,0.00,0.00,0.00,0.00,+9999,999*48
