ts, rtt
1768235838.5392814,27.8623104095459
1768235847.8154554,31.32343292236328
