ts, rtt
1768229027.1152368,57.74044990539551
